TAP version 13
# Subtest: remote deployment contract is valid but deliberately not remote-ready
not ok 1 - remote deployment contract is valid but deliberately not remote-ready
  ---
  duration_ms: 3.5005
  type: 'test'
  location: '/Users/markmorris/vibe/architrino/tests/archie-service-mcp-remote-deployment-contract.test.js:16:1'
  failureType: 'testCodeFailure'
  error: |-
    Expected values to be strictly deep-equal:
    + actual - expected
    
    + [
    +   {
    +     code: 'SNAPSHOT_IDENTITY_MISMATCH',
    +     message: 'the contract candidate id, hash, and repository ref must match the fixture snapshot'
    +   }
    + ]
    - []
    
  code: 'ERR_ASSERTION'
  name: 'AssertionError'
  expected:
  actual:
    0:
      code: 'SNAPSHOT_IDENTITY_MISMATCH'
      message: 'the contract candidate id, hash, and repository ref must match the fixture snapshot'
  operator: 'deepStrictEqual'
  stack: |-
    TestContext.<anonymous> (file:///Users/markmorris/vibe/architrino/tests/archie-service-mcp-remote-deployment-contract.test.js:17:10)
    Test.runInAsyncScope (node:async_hooks:226:14)
    Test.run (node:internal/test_runner/test:1382:25)
    Test.start (node:internal/test_runner/test:1242:17)
    startSubtestAfterBootstrap (node:internal/test_runner/harness:387:17)
  ...
# Subtest: remote deployment negative fixtures fail with their named gate
ok 2 - remote deployment negative fixtures fail with their named gate
  ---
  duration_ms: 1.131916
  type: 'test'
  ...
# Subtest: candidate snapshot identity and freshness are enforced
ok 3 - candidate snapshot identity and freshness are enforced
  ---
  duration_ms: 34.199041
  type: 'test'
  ...
# Subtest: mcp-tool-contract/v1 fixtures match the pure snapshot query engine
not ok 4 - mcp-tool-contract/v1 fixtures match the pure snapshot query engine
  ---
  duration_ms: 5.292583
  type: 'test'
  location: '/Users/markmorris/vibe/architrino/tests/archie-service-mcp-tool-contract.test.js:16:1'
  failureType: 'testCodeFailure'
  error: |-
    mcp-search-public-first-page-001
    + actual - expected
    ... Skipped lines
    
      {
        error: null,
        page: {
          limit: 1,
          nextCursor: 'eyJvZmZzZXQiOjEsInNjb3BlU2hhMjU2IjoiNjYyNzgyZTY2ZjRmNTY2NDdmNjk4NDE0NGYzNDA3YmU4MWFmYWVlODdmZGU3ZWViNDI5NmYxNGNhMThlY2RjMSIsInNoYTI1NiI6IjkzYmQxYWJjYWZhYmMyNDk4ZTEwNWFlOTY2N2NiNzU1ZTFmMDczZDhkM2NmNTFiMzJhYzlmNDE4MmNjZjY4ODUiLCJzbmFwc2hvdElkIjoic291cmNlX3NuYXBzaG90X2ZpeHR1cmVfMDAxIiwidG9vbCI6InNlYXJjaCIsInZlcnNpb24iOjEsInZpc2liaWxpdHlTY29wZSI6InB1YmxpYyJ9',
    ...
                sectionAnchor: 'purpose-and-scope',
    +           selectionSha256: '0a579ec686a8f7384f300af07c1b399f089a38002b4c22a9b162af18187736be',
    -           selectionSha256: 'e12e960ec8b1eda50d9e2d58cc6931a42ad4f74d12ec1845591b56194f865a1e',
                sourceClass: 'published_corpus',
                sourceId: 'source.ontology-purpose',
                title: 'Ontology: Purpose and Scope',
                visibility: 'public'
              },
    +         teaser: 'Ontology: Purpose and Scope ontological bedrock foundation levels absolute time architrino Euclidean void Noether sea Purpose and Scope This document establishes what fundamentally exists in $\\mathbb{A}\\mathbb{A}\\mathbb{A}$, what is emergen'
    -         teaser: 'Ontology: Purpose and Scope ontological bedrock foundation levels absolute time architrino Euclidean void Noether sea Purpose and Scope This document establishes the ontological bedrock of $\\mathbb{A}\\mathbb{A}\\mathbb{A}$: what fundamentall'
            }
          ]
        },
        schema: 'archie-mcp-tool-response/v1',
        snapshot: {
    ...
          snapshotId: 'source_snapshot_fixture_001',
    +     snapshotSha256: 'a997d4645a2246858fb579743b9614ab23021514926770f78debf66b34053350',
    -     snapshotSha256: '95f2121fbfcaf915085f8b15c3a5dcd76f38d20663cb066cbca471cab688e773',
          visibilityPolicyVersion: 'visibility_fixture_v1'
        },
        status: 'ok',
        tool: 'search'
      }
    
  code: 'ERR_ASSERTION'
  name: 'AssertionError'
  expected:
    schema: 'archie-mcp-tool-response/v1'
    requestId: 'request-search-public-001'
    tool: 'search'
    status: 'ok'
    snapshot:
      snapshotId: 'source_snapshot_fixture_001'
      snapshotSha256: '95f2121fbfcaf915085f8b15c3a5dcd76f38d20663cb066cbca471cab688e773'
      repositoryRef: 'fixture-ref'
      visibilityPolicyVersion: 'visibility_fixture_v1'
      freshnessState: 'fresh'
    result:
      kind: 'search'
      query: 'ontology'
      records:
        0:
          rank: 1
          rankScore: 720
          matchReasons:
            0: 'title_phrase'
            1: 'source_id'
            2: 'route'
            3: 'content_phrase'
            4: 'authority_preference'
          source:
            sourceId: 'source.ontology-purpose'
            title: 'Ontology: Purpose and Scope'
            route: 'content/markdown/aaa/foundations/ontology.md#purpose-and-scope'
            sectionAnchor: 'purpose-and-scope'
            sourceClass: 'published_corpus'
            authorityStatus: 'primary'
            visibility: 'public'
            canonicalParent: ~
            claimLabelFloor: 'published corpus'
            selectionSha256: 'e12e960ec8b1eda50d9e2d58cc6931a42ad4f74d12ec1845591b56194f865a1e'
          teaser: 'Ontology: Purpose and Scope ontological bedrock foundation levels absolute time architrino Euclidean void Noether sea Purpose and Scope This document establishes the ontological bedrock of $\\mathbb{A}\\mathbb{A}\\mathbb{A}$: what fundamentall'
    page:
      unit: 'records'
      limit: 1
      returned: 1
      nextCursor: 'eyJvZmZzZXQiOjEsInNjb3BlU2hhMjU2IjoiNjYyNzgyZTY2ZjRmNTY2NDdmNjk4NDE0NGYzNDA3YmU4MWFmYWVlODdmZGU3ZWViNDI5NmYxNGNhMThlY2RjMSIsInNoYTI1NiI6IjkzYmQxYWJjYWZhYmMyNDk4ZTEwNWFlOTY2N2NiNzU1ZTFmMDczZDhkM2NmNTFiMzJhYzlmNDE4MmNjZjY4ODUiLCJzbmFwc2hvdElkIjoic291cmNlX3NuYXBzaG90X2ZpeHR1cmVfMDAxIiwidG9vbCI6InNlYXJjaCIsInZlcnNpb24iOjEsInZpc2liaWxpdHlTY29wZSI6InB1YmxpYyJ9'
      truncated: true
      truncationReasons:
        0: 'record_limit'
    error: ~
  actual:
    schema: 'archie-mcp-tool-response/v1'
    requestId: 'request-search-public-001'
    tool: 'search'
    status: 'ok'
    snapshot:
      snapshotId: 'source_snapshot_fixture_001'
      snapshotSha256: 'a997d4645a2246858fb579743b9614ab23021514926770f78debf66b34053350'
      repositoryRef: 'fixture-ref'
      visibilityPolicyVersion: 'visibility_fixture_v1'
      freshnessState: 'fresh'
    result:
      kind: 'search'
      query: 'ontology'
      records:
        0:
          rank: 1
          rankScore: 720
          matchReasons:
            0: 'title_phrase'
            1: 'source_id'
            2: 'route'
            3: 'content_phrase'
            4: 'authority_preference'
          source:
            sourceId: 'source.ontology-purpose'
            title: 'Ontology: Purpose and Scope'
            route: 'content/markdown/aaa/foundations/ontology.md#purpose-and-scope'
            sectionAnchor: 'purpose-and-scope'
            sourceClass: 'published_corpus'
            authorityStatus: 'primary'
            visibility: 'public'
            canonicalParent: ~
            claimLabelFloor: 'published corpus'
            selectionSha256: '0a579ec686a8f7384f300af07c1b399f089a38002b4c22a9b162af18187736be'
          teaser: 'Ontology: Purpose and Scope ontological bedrock foundation levels absolute time architrino Euclidean void Noether sea Purpose and Scope This document establishes what fundamentally exists in $\\mathbb{A}\\mathbb{A}\\mathbb{A}$, what is emergen'
    page:
      unit: 'records'
      limit: 1
      returned: 1
      nextCursor: 'eyJvZmZzZXQiOjEsInNjb3BlU2hhMjU2IjoiNjYyNzgyZTY2ZjRmNTY2NDdmNjk4NDE0NGYzNDA3YmU4MWFmYWVlODdmZGU3ZWViNDI5NmYxNGNhMThlY2RjMSIsInNoYTI1NiI6IjkzYmQxYWJjYWZhYmMyNDk4ZTEwNWFlOTY2N2NiNzU1ZTFmMDczZDhkM2NmNTFiMzJhYzlmNDE4MmNjZjY4ODUiLCJzbmFwc2hvdElkIjoic291cmNlX3NuYXBzaG90X2ZpeHR1cmVfMDAxIiwidG9vbCI6InNlYXJjaCIsInZlcnNpb24iOjEsInZpc2liaWxpdHlTY29wZSI6InB1YmxpYyJ9'
      truncated: true
      truncationReasons:
        0: 'record_limit'
    error: ~
  operator: 'deepStrictEqual'
  stack: |-
    TestContext.<anonymous> (file:///Users/markmorris/vibe/architrino/tests/archie-service-mcp-tool-contract.test.js:23:12)
    Test.runInAsyncScope (node:async_hooks:226:14)
    Test.run (node:internal/test_runner/test:1382:25)
    Test.start (node:internal/test_runner/test:1242:17)
    startSubtestAfterBootstrap (node:internal/test_runner/harness:387:17)
  ...
# Subtest: public search prefers the authored canonical source over routing copies
ok 5 - public search prefers the authored canonical source over routing copies
  ---
  duration_ms: 0.108166
  type: 'test'
  ...
# Subtest: read pagination resumes exact snapshot content without repository access
ok 6 - read pagination resumes exact snapshot content without repository access
  ---
  duration_ms: 0.379042
  type: 'test'
  ...
# Subtest: priority material is hidden publicly and labeled when operator-visible
ok 7 - priority material is hidden publicly and labeled when operator-visible
  ---
  duration_ms: 0.070166
  type: 'test'
  ...
# Subtest: walk follows the fixture's breadth-first paths, suppresses cycles, and paginates deterministically
ok 8 - walk follows the fixture's breadth-first paths, suppresses cycles, and paginates deterministically
  ---
  duration_ms: 8.191458
  type: 'test'
  ...
# Subtest: walk preserves operator-visible authority and excludes paths whose evidence is not public
ok 9 - walk preserves operator-visible authority and excludes paths whose evidence is not public
  ---
  duration_ms: 0.689958
  type: 'test'
  ...
# Subtest: walk enforces depth, cursor scope, response, and traversal-node ceilings
ok 10 - walk enforces depth, cursor scope, response, and traversal-node ceilings
  ---
  duration_ms: 5.726333
  type: 'test'
  ...
# Subtest: source-index snapshot v1 rebuilds exactly and ignores input ordering
not ok 11 - source-index snapshot v1 rebuilds exactly and ignores input ordering
  ---
  duration_ms: 52.2465
  type: 'test'
  location: '/Users/markmorris/vibe/architrino/tests/archie-service-source-index-snapshot.test.js:21:1'
  failureType: 'testCodeFailure'
  error: |-
    Expected values to be strictly deep-equal:
    + actual - expected
    ... Skipped lines
    
      {
        freshnessState: 'fresh',
        generatedArtifactDigests: {
          markdownIndex: '43f2c5f5e1aa19e6088e518e1ffa459c9a3ad078aa2323a246e6c520ecae7611',
    +     readingCopies: '6d517a356bb7c64b27f3bcabb49e0a3e85047d6ea0556b15fbaa20713fbab677',
    -     readingCopies: 'ddba881af6dab835ee431c50872ff6f395ca8e1947284fab83725b2570a6c977',
          sceneGraph: '4444d446677a091f13c381e530a6eafb58bdcbfb7207bf21c71f98570f524d78',
          textbookToc: '6f6b1d077aaa2db82fb50afc05d2ee737ac43bbf54f638a7ba328621ceb891b9'
        },
        generatedArtifactRefs: {
          markdownIndex: 'content/markdown/markdown_index.json',
    ...
        snapshotId: 'source_snapshot_fixture_001',
    +   snapshotSha256: '656b83e14e5151d6a2a4573ac34109d325a655f94e88eed93e0b3ff31a11c56c',
    -   snapshotSha256: 'a997d4645a2246858fb579743b9614ab23021514926770f78debf66b34053350',
        sourceInputs: [
          {
            sectionAnchor: 'open-architrino',
            selectionSha256: '8e21372bd10a216ed5ba3dc4a63ac253e795f0e9fd4d9304cdde8d4f70b5eaa1',
            sourceContentSha256: '794c711f2c200544ea2d70634fa49fd03d05fc771cab46be812f041b54dc21ec',
    
  code: 'ERR_ASSERTION'
  name: 'AssertionError'
  expected:
    schema: 'archie-source-index-snapshot/v1'
    snapshotId: 'source_snapshot_fixture_001'
    repositoryRef: 'fixture-ref'
    schemaVersions:
      snapshot: 'archie-source-index-snapshot/v1'
      content: 'archie-source-content-view/v1'
      search: 'archie-source-search-view/v1'
      graph: 'archie-source-graph-view/v1'
      metadata: 'archie-source-metadata-view/v1'
    hashAlgorithm: 'sha256'
    normalization: 'canonical-json-v1'
    generatedArtifactRefs:
      markdownIndex: 'content/markdown/markdown_index.json'
      readingCopies: 'content/generated/markdown/textbook/reading-copies/'
      sceneGraph: 'content/graph/scene_graph.json'
      textbookToc: 'content/graph/textbook_toc.json'
    generatedArtifactDigests:
      markdownIndex: '43f2c5f5e1aa19e6088e518e1ffa459c9a3ad078aa2323a246e6c520ecae7611'
      readingCopies: 'ddba881af6dab835ee431c50872ff6f395ca8e1947284fab83725b2570a6c977'
      sceneGraph: '4444d446677a091f13c381e530a6eafb58bdcbfb7207bf21c71f98570f524d78'
      textbookToc: '6f6b1d077aaa2db82fb50afc05d2ee737ac43bbf54f638a7ba328621ceb891b9'
    sourceRecordCountByClass:
      published_corpus: 1
      generated_reading_copy: 1
      scene_route: 1
      app_guide: 1
      archie_reference: 1
      priority_material: 1
      external_prior_physics: 0
    visibilityPolicyVersion: 'visibility_fixture_v1'
    freshnessState: 'fresh'
    rollbackParent: ~
    sourceInputs:
      0:
        sourceId: 'source.app-guide'
        sourcePath: 'content/markdown/aaa/archie/about-the-webapp.md'
        sectionAnchor: 'open-architrino'
        sourceContentSha256: '794c711f2c200544ea2d70634fa49fd03d05fc771cab46be812f041b54dc21ec'
        selectionSha256: '8e21372bd10a216ed5ba3dc4a63ac253e795f0e9fd4d9304cdde8d4f70b5eaa1'
      1:
        sourceId: 'source.generated-foundations-ontology'
        sourcePath: 'content/generated/markdown/textbook/reading-copies/foundations.md'
        sectionAnchor: 'ontology'
        sourceContentSha256: '07ed1dc63a1b9d71f96a64ac0029b57c5bd307391feff049d2ddc01867736496'
        selectionSha256: 'b470ef72cef4704bc2f591b73e698b7ad6ca5dd1ae9870a20251152307e1c370'
      2:
        sourceId: 'source.ontology-purpose'
        sourcePath: 'content/markdown/aaa/foundations/ontology.md'
        sectionAnchor: 'purpose-and-scope'
        sourceContentSha256: '48bf11bec4defceb1a317443928e43ecebfae28340aef02ac2f8c0754e47c43d'
        selectionSha256: '0a579ec686a8f7384f300af07c1b399f089a38002b4c22a9b162af18187736be'
      3:
        sourceId: 'source.priority-mcp-contract'
        sourcePath: 'reference/priorities/dormant-deferred/archie/mcp/source-index-snapshot-v1.md'
        sectionAnchor: ~
        sourceContentSha256: 'c9145f55abe5226e374edae0ec9eac5ff8e3c2df953b8de7966dd0b79b4c8bf8'
        selectionSha256: 'c9145f55abe5226e374edae0ec9eac5ff8e3c2df953b8de7966dd0b79b4c8bf8'
      4:
        sourceId: 'source.scene-ontology'
        sourcePath: 'content/scenes/foundations/foundational_ontology.json'
        sectionAnchor: ~
        sourceContentSha256: '34a61a3cc2c43c1798726a3613d8e590edd32dcd5f7ca4572d45d18e88d36c5b'
        selectionSha256: '34a61a3cc2c43c1798726a3613d8e590edd32dcd5f7ca4572d45d18e88d36c5b'
      5:
        sourceId: 'source.system-card'
        sourcePath: 'content/markdown/aaa/archie/system-card.md'
        sectionAnchor: 'understanding-the-evidence'
        sourceContentSha256: 'ce9b141d3bbd1f77cea4e468098a7855f52ecc261daaa0b52c2fbda31e006c82'
        selectionSha256: 'f4a6053cea9882d193ffda624790555f850cfe7b9a081597b89cf2ae6c21e16b'
    views:
      content:
        schema: 'archie-source-content-view/v1'
        records:
          0:
            sourceId: 'source.app-guide'
            contentType: 'markdown'
            content: |-
              ## Open Architrino
              
              ![Architrino logo and QR code for architrino.com](../../../assets/images/brand/architrino-logo-qr-landscape.png)
              
              Scan the QR code to open [architrino.com](https://www.architrino.com).
              
            selectionSha256: '8e21372bd10a216ed5ba3dc4a63ac253e795f0e9fd4d9304cdde8d4f70b5eaa1'
          1:
            sourceId: 'source.generated-foundations-ontology'
            contentType: 'markdown'
            content: |-
              ## Ontology
              
              **Ontology** is the study of what exists. Not what we can measure, not what our equations track, but what is actually there before anyone names it, observes it, or compresses it into a model.
              
              That distinction sounds abstract and is intensely practical. Physics routinely uses quantities that work beautifully without anyone claiming they are fundamental — temperature is real and useful, yet no single molecule has one. Confusing "this description works" with "this is what exists" is the most common way a theory ends up explaining something in terms of itself.
              
              For $\mathbb{A}\mathbb{A}\mathbb{A}$ the answer comes in layers. At the bottom sit absolute time, the Euclidean void, architrinos, and the source-dependent causal-wake support fixed by architrino histories. Above them sit assemblies and the Noether sea. Above those lie effective fields, particles, clocks, rulers, metrics, and finally the records observers actually collect. The governing rule of this chapter is that these layers must never be mixed.
              
              This is the bedrock map. It says what exists at the substrate level, what emerges from assembly and medium behavior, and which terms must stay level-aware for everything downstream to remain coherent.
              
              ---
              
              ### Purpose and Scope
              
              This document establishes what fundamentally exists in $\mathbb{A}\mathbb{A}\mathbb{A}$, what is emergent, and what observers reconstruct from inside the system.
              
              It defines six foundation routes:
              
              1. **The Substrate**: [absolute time](../../../../markdown/aaa/foundations/absolute-time.md), [Euclidean void](../../../../markdown/aaa/foundations/euclidean-void.md), and [absolute timespace](../../../../markdown/aaa/foundations/absolute-timespace.md).
              2. **The Fundamental Entity**: the [architrino](../../../../markdown/aaa/foundations/architrino.md), a point entity that continuously emits an expanding record of its own motion and receives the causal-root contributions that reach it.
              3. **The Physical Medium**: the [Noether sea](../../../../markdown/aaa/spacetime/noether-sea.md), content filling the void, built from coupled neutral assemblies.
              4. **The Observer Framework**: [complete state versus what an observer can reach](../../../../markdown/aaa/spacetime/observer-framework.md).
              5. **Terminology Discipline**: [level-aware vocabulary](../../../../markdown/aaa/archie/terminology-usage.md).
              6. **Parameter Ledger**: [which numbers are postulated and which are derived](../../../../markdown/aaa/validation/parameter-ledger.md).
              
              The nine foundation chapters have distinct ownership:
              
              | Chapter | Document role |
              |:---|:---|
              | [Ontology](../../../../markdown/aaa/foundations/ontology.md) | Hub for layer assignments, postulate ownership, and navigation. |
              | [Absolute Time](../../../../markdown/aaa/foundations/absolute-time.md) | Canonical owner of Postulate 1, temporal ordering, affine normalization, and delayed-only support. |
              | [Euclidean Void](../../../../markdown/aaa/foundations/euclidean-void.md) | Canonical owner of Postulate 2, the fixed spatial metric, and container symmetries. |
              | [Absolute Timespace](../../../../markdown/aaa/foundations/absolute-timespace.md) | Canonical owner of Postulate 3, the product foliation, causal-wake geometry, and the observer-metric handoff boundary. |
              | [Architrino](../../../../markdown/aaa/foundations/architrino.md) | Canonical owner of Postulate 4, primitive identity, polarity, provenance, and point-transceiver status. |
              | [Emergence of Structure](../../../../markdown/aaa/foundations/emergence-of-structure.md) | Owner of the bottom-up assembly ladder, context-to-branch selection, and emergence claim discipline. |
              | [Absolute Time Defense](../../../../markdown/aaa/foundations/absolute-time-defense.md) | Argumentative and falsifiability companion for clock, ruler, and preferred-frame recovery. |
              | [Detecting the Absolute Frame](../../../../markdown/aaa/foundations/detecting-the-absolute-frame.md) | Owner of the complete-state rest diagnostic and tagged-wake center reconstruction. |
              | [Constructing the Absolute Frame](../../../../markdown/aaa/foundations/constructing-the-absolute-frame.md) | Owner of coordinate-frame reconstruction from nondegenerate complete-state data. |
              
              The textbook sequence continues from this chapter to Architrino, Absolute Time, Euclidean Void, Absolute Timespace, Absolute Time Defense, Detecting the Absolute Frame, Constructing the Absolute Frame, and Emergence of Structure. It introduces the primitive entity and substrate before examining preferred-frame arguments, reconstruction, and assembly formation. The ownership links above also support returning directly to a particular definition.
              
              #### Canonical Postulate Ownership
              
              The Summary Postulate in each owning chapter is the single canonical wording. The shorter blocks in this hub are abridged routing statements, not competing formulations.
              
              | Postulate | Canonical owner |
              |:---|:---|
              | Postulate 1: Absolute Time | [Absolute Time](../../../../markdown/aaa/foundations/absolute-time.md#summary-postulate) |
              | Postulate 2: Euclidean Void | [Euclidean Void](../../../../markdown/aaa/foundations/euclidean-void.md#summary-postulate) |
              | Postulate 3: Absolute Timespace | [Absolute Timespace](../../../../markdown/aaa/foundations/absolute-timespace.md#summary-postulate) |
              | Postulate 4: Architrino | [Architrino](../../../../markdown/aaa/foundations/architrino.md#summary-postulate) |
              
              The purpose is not to make later results true by definition. It is to keep the starting inventory clean. Dynamics, assembly mappings, particle families, effective spacetime, and cosmology all rest on these foundations, so a wrong level assignment here propagates into everything.
              
              #### Four levels
              
              | Level | Plain meaning | Typical examples |
              |:---|:---|:---|
              | Substrate ontology | What exists before any observer reconstruction. | Absolute time, Euclidean void, architrino identities, polarity, causal-wake support. |
              | Assembly and medium behavior | What organized groups of architrinos do. | Noether braids, stable branches, sea density, stress, flow, response. |
              | Effective description | What observers can summarize as familiar physics. | Metric, field, particle, mass, charge, clock, ruler, potential. |
              | Observer inference | What an embedded observer can actually record. | Detector records, clock readings, coincidence windows, spectra, quantum states. |
              
              This ontology also has an honest boundary. It states the internal bedrock of $\mathbb{A}\mathbb{A}\mathbb{A}$. It does not claim to explain *why* absolute time, the Euclidean void, the set of architrinos, the wake speed $c_f$, or the coupling $\kappa$ exist rather than not. Those remain primitive postulates unless some separate account is supplied.
              
              That distinction is worth holding onto. Deriving particles, fields, clock behavior, and effective spacetime from architrino dynamics is one kind of explanation. Explaining why the substrate exists at all is a different kind of claim, and this theory does not make it.
              
              The same discipline reads through the canonical symbol map:
              
              | Level | Canonical variables or records | Owning chapters |
              |:---|:---|:---|
              | Substrate ontology | absolute time $T$, its simultaneous spatial slice $\Sigma_T$, Euclidean spatial metric $h_{ij}$, architrino position $\mathbf X_a(T)$, polarity $q_a$, and causal-wake support | [Absolute Time](../../../../markdown/aaa/foundations/absolute-time.md), [Euclidean Void](../../../../markdown/aaa/foundations/euclidean-void.md), [Absolute Timespace](../../../../markdown/aaa/foundations/absolute-timespace.md), [Architrino](../../../../markdown/aaa/foundations/architrino.md) |
              | Assembly and medium behavior | assembly closure labels, including the configuration label $\Lambda_{\mathrm{cm}}$ for the coincident-midpoint three-binary chart; Noether braid number density $\rho_{\text{NS}}(\mathbf X,T)$, sea stress $\Sigma_{\text{sea}}(\mathbf X,T)$, and sea flow velocity $\mathbf u_{\text{sea}}(\mathbf X,T)$ | [Noether Braid](../../../../markdown/aaa/noether-braid/noether-braid.md), [Coincident-Midpoint Orthogonal-Axis Braid Dynamics](../../../../markdown/aaa/noether-braid/zero-axial-offset-three-binary-dynamics-and-interpretation.md#zero-axial-offset-three-binary-dynamics-and-interpretation), [Noether sea](../../../../markdown/aaa/spacetime/noether-sea.md) |
              | Effective description | clock-rate response $A(\mathcal{N}_{\mathrm{sea}})$ and spatial ruler response $B_{ij}(\mathcal{N}_{\mathrm{sea}})$ to the retained sea state $\mathcal{N}_{\mathrm{sea}}$; effective drift $u^i_{\mathrm{sea,eff}}$, metric $g^{\text{eff}}_{\mu\nu}$, and clock-channel constitutive potential $\Phi_{\text{eff}}$ | [Emergent Metric](../../../../markdown/aaa/spacetime/emergent-metric.md), [Proper Time and Time Dilation](../../../../markdown/aaa/spacetime/proper-time-and-time-dilation.md), [Particle Masses](../../../../markdown/aaa/assemblies/particle-masses.md) |
              | Observer inference | projection $\Pi_{\mathrm{obs}}:S(T)\to\bar S(T)$ from complete state to accessible record; $\Theta_A^{(O,W)}$, the record of channel $A$ for observer $O$ over window $W$, including readout, apparatus response, calibration, nuisance model, and accessible boundary histories | [Observer Framework](../../../../markdown/aaa/spacetime/observer-framework.md), [Wavefunction Ontology](../../../../markdown/aaa/quantum/wavefunction-ontology.md), [Measurement Ontology](../../../../markdown/aaa/quantum/measurement-ontology.md) |
              
              #### The tower of forgetting
              
              A proposed hierarchy connects the four levels by maps that discard information. For a selected family of records, the following composition is valid only when each intermediate description retains enough information to determine the next output:
              
              $$
              S(T)
              \xrightarrow{\Pi_{\mathrm{assembly}}}
              \mathfrak B(T)
              \xrightarrow{\Pi_{\mathrm{eff}}}
              \big(A,B_{ij},g^{\mathrm{eff}},\Phi_{\mathrm{eff}}\big)
              \xrightarrow{\Pi_{\mathrm{record}}}
              \bar S(T).
              $$
              
              [View →](../../../../../equation-mapping.html#corpus-equation-32735fe8bdc4051a)
              
              Read it left to right as a sequence of deliberate losses. $S(T)$ is the complete state: every architrino, every identity, every path history. The first arrow keeps only what assemblies and branches are present, giving $\mathfrak B(T)$. The second keeps only the smooth effective quantities. The third keeps only what a detector actually records, giving $\bar S(T)$.
              
              The identity $\Pi_{\mathrm{obs}}=\Pi_{\mathrm{record}}\circ\Pi_{\mathrm{eff}}\circ\Pi_{\mathrm{assembly}}$ is therefore a conditional factorization of the single-step projection in [Architrino](../../../../markdown/aaa/foundations/architrino.md#provenance-and-persistence). The displayed smooth tuple alone has not been shown to determine every detector record. A proposed factorization must specify its observable family, apparatus settings, calibration, retained history, and boundary data, as in the [Observer Framework](../../../../markdown/aaa/spacetime/observer-framework.md). These data must either be retained by the intermediate description or fixed as declared conditions of the map.
              
              Each arrow keeps some information and discards some. Individual provenance labels, depth of path history, fine assembly coordinates, medium microstate, and any inactive branch-chart labels actually retained in the complete state may be lost at different stages. The map does not turn unrealized possible futures into ontic data.
              
              Here is why that matters rather than being bookkeeping. A lower-level quantity descends to a coarser level only if it is constant, within the declared tolerance, on every fiber of the projection: all detailed states mapped to one coarse state must assign it the same value. Coarse levels may also define new collective quantities, such as temperature, that have no one-particle counterpart. Asking for the "position of the electron" at the observer level is meaningful only after the observer map defines such a position or a lower-level position descends through it.
              
              For exact factorization, let $C=\Pi_{\mathrm{eff}}\circ\Pi_{\mathrm{assembly}}$ denote the retained coarse state and $R$ the selected record. A map $f$ with $R=f\circ C$ exists precisely when $C(S_1)=C(S_2)$ implies $R(S_1)=R(S_2)$. Necessity follows because a function gives equal outputs on equal inputs; sufficiency follows by defining $f(C(S))=R(S)$, which the implication makes independent of the chosen representative. For example, suppose two detailed apparatus states retain the same smooth medium description but encode different recorded bits, 0 and 1. Discarding that bit prevents the final map from recovering the record. Retaining the bit repairs this particular loss, but does not prove that every other required variable was retained. This is an illustration of map sufficiency, not a constructed dynamical solution.
              
              Approximate descriptions replace exact agreement with a declared record metric and tolerance. Their owners use residuals to quantify particular losses: provenance leakage $\epsilon_{\mathrm{prov}}$ tests dependence on discarded identity or history information; branch or record residuals $\mathcal R_{\mathcal Q}$ test the declared coarse description and its balance or record consistency; clock-composition residuals $\Delta^{\mathrm{comp}}$ compare composed clock maps with a direct map; clock-universality residuals $\epsilon_{\mathrm{univ}}$ compare responses across clock families. Each residual needs its own map, comparison, and normalization. These labels do not by themselves certify the hierarchy.
              
              #### Where projections break
              
              The foundations use several nondegeneracy floors, but they guard different mathematical obligations. A projection is intentionally many-to-one and need not be locally invertible. A causal-root chart needs an implicit-function condition; a reconstructed frame or wake center needs an identifiable inverse; a basin separator needs a regular boundary; and a clock/ruler export needs a stable forward map.
              
              | Floor | Guarded map | Failure meaning | Owner |
              |:---|:---|:---|:---|
              | $\kappa_{\mathrm{hit}}>0$ | causal-root chart | loss of the declared simple-root margin; an actual singularity requires separate diagnosis | [Master Equation](../../../../markdown/aaa/dynamics/master-equation.md#causal-time-map-and-root-topology) |
              | $\sin\theta_{\min}>0$ | ordered-tuple frame construction | collinear or ill-conditioned basis | [Constructing the Absolute Frame](../../../../markdown/aaa/foundations/constructing-the-absolute-frame.md#reconstruction-existence-lemma) |
              | positive framing-conditioning floor | framed self-linking and chirality projection | framing slip, unresolved fold contact, or suspended chirality label | [Constructing the Absolute Frame](../../../../markdown/aaa/foundations/constructing-the-absolute-frame.md#parity-convention-and-dynamical-chirality) |
              | $\omega_{\min}>0$ or $\lambda_{\min}(G_a)\ge\lambda_{\min}^{\mathrm{ctr}}>0$ | wake-center inverse | insufficient aperture or rank-deficient center fit | [Detecting the Absolute Frame](../../../../markdown/aaa/foundations/detecting-the-absolute-frame.md#detecting-absolute-rest-the-causal-wake-diagnostic) |
              | $\kappa_{\mathrm{sep}}>0$ | basin separator | unstable, riddled, or unresolved branch partition | [Emergence of Structure](../../../../markdown/aaa/foundations/emergence-of-structure.md#context-as-constraint-on-basin-selection) |
              | $\sigma_{\mathrm{cr}}>0$ | clock/ruler handoff | rank loss or locally multivalued metric export | [Absolute Time Defense](../../../../markdown/aaa/foundations/absolute-time-defense.md#absolute-time-global-foliation-and-proper-time) |
              
              Each floor prevents a named chart or inference from becoming ill-conditioned. Their failures are related by loss of regularity, not by one universal inverse-map theorem.
              
              The safe common rule is local and typed: state the map, state the rank or transversality condition it actually needs, and fail closed when that condition is lost. A generic scalar fold is codimension one, but rank-deficient matrix varieties and basin-boundary pathologies can have other codimensions. No dimension claim transfers from one row to another without a theorem for that row.
              
              #### Two distinctions that govern the rest
              
              **Primitive substance is not emergent matter.** The architrino is primitive substance. Matter begins only when assemblies acquire mass, exclusion, persistence, and organized branch behavior.
              
              **Physical reality is not independent material inventory.** Causal wakes are physically real, finite-speed, potential-bearing records. They are not an extra material ingredient floating in the void; their content is fixed entirely by transmitter identity, polarity, and path history.
              
              A conservative entry criterion for emergent matter status therefore has two parts. A stable assembly $A$ must carry a nonzero closed internal energy ledger $E_{\text{internal}}(A) > 0$ as defined in [Energy](../../../../markdown/aaa/dynamics/energy.md), and it must carry an exclusion record — the property that makes two of them unable to occupy the same place — protected by retained configuration topology together with a barrier that preserves the branch.
              
              The second part is the harder one, and the reason is geometric. As [Euclidean Void](../../../../markdown/aaa/foundations/euclidean-void.md) establishes, the container $\mathbb{R}^3$ is contractible and supplies no nontrivial topology by itself. Collision-excluded multi-assembly configuration spaces can nevertheless carry nontrivial loop classes. The protecting structure must therefore be realized and retained by the assembly dynamics: an exclusion envelope, ordered-frame, framed-linking, or causal-writhe record, together with a nonzero barrier $\Delta E_{\mathrm{excl}}>0$ against leaving the protected branch. This is an entry criterion for the mass-map and exclusion programs, not a completed derivation of particle masses or spin-statistics.
              
              ### The Substrate
              
              The substrate is what $\mathbb{A}\mathbb{A}\mathbb{A}$ treats as fundamental. It is not necessarily what a local observer sees. It is the underlying stage and primitive inventory from which observer-level physics has to be reconstructed.
              
              #### Absolute Time
              
              [Absolute Time](../../../../markdown/aaa/foundations/absolute-time.md) owns the universal time parameter $T$. Time is a one-dimensional, continuous, oriented, non-dynamical continuum $\mathbb{R}$, with absolute ordering of events, no time dilation at the substrate level, no relativity of simultaneity, and no freedom to reparametrize beyond choosing a unit and an origin. Constancy of $c_f$ and the form of the receiving law together pin $T$ down to that much freedom and no more.
              
              > **Abridged Postulate 1 (Absolute Time):** Time is an absolute, universal, one-dimensional continuum $\mathbb{R}$ with fixed orientation, a scale anchored by the constant primitive wake speed $c_f$ and the receiving law, frame-independent duration, non-dynamical status, and no substrate-level time dilation or relativity of simultaneity. Dynamics occur through finite-speed causal-wake propagation ($c_f$) in absolute time, with all interactions routed through path history rather than instantaneous action-at-a-distance or advanced effects; worldlines are parametrized directly by $T$, with no reparametrization freedom beyond unit choice and origin choice.
              
              This is emphatically not a claim that every clock reads the same rate. Clocks are assemblies, and clock slowing, synchronization offsets, and proper-time readings are things assemblies and the medium do. The postulate concerns the background parameter, not the instruments.
              
              For the argument, see [Absolute Time Defense](../../../../markdown/aaa/foundations/absolute-time-defense.md). For observer clocks, see [Proper Time and Time Dilation](../../../../markdown/aaa/spacetime/proper-time-and-time-dilation.md).
              
              #### Euclidean Void
              
              [Euclidean Void](../../../../markdown/aaa/foundations/euclidean-void.md) owns the fixed spatial container: flat, homogeneous, isotropic, non-dynamical $\mathbb{R}^3$ with metric $h_{ij}=\delta_{ij}$, fixed coordinate identity, ordinary distance, and the Euclidean symmetry group $E(3)$.
              
              > **Abridged Postulate 2 (Euclidean Void):** Space is an absolute, static, flat, homogeneous, isotropic container $\mathbb{R}^3$ with fixed Euclidean metric $h_{ij}=\delta_{ij}$. Curvature-like observations arise from contents, wakes, and dynamics inside the void, not from curvature of the void itself.
              
              This is a claim about the container and nothing else. Established observer physics successfully uses curved metric geometry; $\mathbb{A}\mathbb{A}\mathbb{A}$ must recover that description from clocks, rulers, signals, and medium response at its effective layer. The Noether sea is content within the void, never the void. See [Noether sea](../../../../markdown/aaa/spacetime/noether-sea.md), [Noether Sea Pro/Anti Coupling](../../../../markdown/aaa/spacetime/noether-sea-pro-anti-coupling.md), and [Emergent Metric](../../../../markdown/aaa/spacetime/emergent-metric.md).
              
              #### Absolute Timespace
              
              [Absolute Timespace](../../../../markdown/aaa/foundations/absolute-timespace.md) owns the background arena $\mathcal{M}=\mathbb{R}\times\mathbb{R}^3$: one time dimension multiplied by three of space, kept as separate factors. It owns the **foliation** — the slicing of that arena into stacked sheets of constant time, each one a complete snapshot of space at one instant — along with the separated clock form and spatial metric, the compatible flat product connection $(dT,h,\nabla)$, Galilean kinematics, and causal-wake geometry.
              
              > **Abridged Postulate 3 (Absolute Timespace):** The background arena is the product manifold $\mathcal{M}=\mathbb{R}\times\mathbb{R}^3$, equipped with the exact substrate clock form $dT$, Euclidean spatial metric $h_{ij}=\delta_{ij}$, and a compatible flat torsion-free product connection $\nabla$, foliated by absolute-time slices $\Sigma_T$. The background is non-dynamical and non-curved; causality is ordered by $T$ and constrained by finite wake speed $c_f$. The product background preserves Galilean kinematic structure, while the interaction law, by fixing the wake speed $c_f$ relative to the void, structurally distinguishes the void rest frame within that structure.
              
              The product notation packages a clock and a container. It deliberately does not introduce a four-dimensional metric mixing space and time as primitive ontology — the difference between a product and a genuinely woven spacetime is the difference between this theory and established relativity at the substrate level. Relativistic language enters only after medium response, clock and ruler behavior, and signal reconstruction have been derived.
              
              For the factors, see [Absolute Time](../../../../markdown/aaa/foundations/absolute-time.md) and [Euclidean Void](../../../../markdown/aaa/foundations/euclidean-void.md). For the bridge to observer geometry, see [Emergent Metric](../../../../markdown/aaa/spacetime/emergent-metric.md).
              
              ---
              
              ### The Fundamental Entity
              
              [Architrino](../../../../markdown/aaa/foundations/architrino.md) owns the primitive entity: a point transceiver in absolute timespace with definite polarity, persistent identity, continuous wake emission, universal wake reception, and neither creation nor destruction.
              
              The architrino is the sole primitive substance of the theory. That does not make an isolated one a matter particle. Rest mass, spatial exclusion, fermionic behavior, and particle species are all downstream assembly properties.
              
              The same caution governs exchange behavior. In established quantum theory, identical fermion states are antisymmetric under exchange and obey Pauli exclusion, while identical boson states are symmetric and may occupy the same one-particle state. Those exchange rules are recovery targets here, not postulates to insert. Any effective exchange label must be routed through a retained assembly closure label and the ordered-frame program. The current concrete braid instance is $\Lambda_{\mathrm{cm}}$; no separate generic taxonomy is introduced.
              
              #### The hard wall: the two-assembly exchange loop
              
              Swapping two identical objects and returning is a closed loop in the space of configurations. The question is what the theory does around that loop.
              
              The collision-excluded configuration space supplies a candidate loop. For two identical centers in $\mathbb{R}^3$ with coincidence removed, the space of unordered configurations has **fundamental group** $\mathbb{Z}_2$ — meaning there are exactly two classes of closed path, the trivial one and the exchange, and doing the exchange twice returns you to the trivial class. Laidlaw and DeWitt's [configuration-space treatment](https://doi.org/10.1103/PhysRevD.3.1375) is a primary source for the connection between these homotopy classes and bosonic or fermionic propagators.
              
              What the void does *not* supply is **superselection**: nothing about the container forces a recovered effective state to change at all when carried around that loop. A loop existing is not the same as a loop mattering.
              
              So the fermionic route must establish two separate facts about the retained dynamics. First, the dynamically retained two-assembly component must not trivialize the exchange class after the allowed quotient — the loop must survive in the configurations the theory actually keeps. Second, the recovered effective state must pick up a factor of $-1$ around it, which is the **holonomy**: what a quantity becomes after being carried around a loop and brought back.
              
              If either fails, the antisymmetric behavior of fermions has not been recovered from assembly dynamics and would have to be inserted at the effective level. Trivial holonomy is one possible failure even when the exchange loop survives; loss of the loop class under the retained quotient is another. The dynamics must determine which occurs.
              
              #### Polarity and wake
              
              The architrino's polarity is not the full observer-level charge record. Electric, weak, color, and particle labels are effective bookkeeping to be recovered from assembly geometry and medium response.
              
              The emitted wake is not another primitive substance, but it is real: the source-dependent, potential-bearing causal record through which path history becomes delayed interaction.
              
              The load-bearing claim is one of dependency. Once transmitter identity, polarity, and path history are fixed, no additional freely specifiable wake substance remains — there is nothing left to choose. The transmitter-history functional and its regularity boundary belong to [Architrino](../../../../markdown/aaa/foundations/architrino.md#point-transceiver-status); the causal-root sum, Jacobian, transversality floor, and acceleration weight belong to [Master Equation](../../../../markdown/aaa/dynamics/master-equation.md). Effective field language may summarize many wake contributions, but the substrate account remains source-provenanced wake history.
              
              > **Abridged Postulate 4 (Architrino):** The architrino is the sole primitive entity of $\mathbb{A}\mathbb{A}\mathbb{A}$: a point transceiver in absolute timespace with definite polarity, persistent identity, continuous causal-wake emission, universal wake reception, and non-creation/non-destruction at the ontological level. The set of architrino identities is fixed. Particles, effective fields, clock behavior, and emergent spacetime phenomena arise from architrino configurations, wake intersections, and assembly dynamics rather than from additional fundamental substances.
              
              For the full page, see [Architrino](../../../../markdown/aaa/foundations/architrino.md). For the receiving law, see [Master Equation](../../../../markdown/aaa/dynamics/master-equation.md). For assembly emergence, see [Emergence](../../../../markdown/aaa/foundations/emergence-of-structure.md) and [Noether Braid](../../../../markdown/aaa/noether-braid/noether-braid.md).
              
              ---
              
              ### The Physical Medium
              
              [Noether sea](../../../../markdown/aaa/spacetime/noether-sea.md) owns the medium: physical content formed by coupled neutral braid assemblies occupying the Euclidean void.
              
              This is the first step away from primitive ontology. The sea is physically real content, but its variables are medium and assembly variables rather than new container geometry.
              
              > **Medium Commitment (Noether sea):** The Noether sea is physical content inside the Euclidean void, not the void itself. It carries density, stress, energy, orientation, flow, and response properties. Effective gravity, clock and ruler behavior, signal delay and refraction, inertia, and cosmological behavior are reconstructed from Noether sea dynamics and assembly coupling, not from curvature or expansion of the void.
              
              Routing:
              
              - [Noether sea](../../../../markdown/aaa/spacetime/noether-sea.md) owns medium ontology, state variables, and terminology.
              - [Noether Sea Pro/Anti Coupling](../../../../markdown/aaa/spacetime/noether-sea-pro-anti-coupling.md) owns coupling hypotheses and medium motifs.
              - [Emergent Metric](../../../../markdown/aaa/spacetime/emergent-metric.md) owns the map from medium variables to effective metric language.
              - [Proper Time and Time Dilation](../../../../markdown/aaa/spacetime/proper-time-and-time-dilation.md) owns clock and ruler behavior.
              - [Cosmology Ontology](../../../../markdown/aaa/cosmology/cosmology-ontology.md) owns cosmological interpretation of sea evolution.
              
              ### The Observer Framework
              
              [Observer Framework](../../../../markdown/aaa/spacetime/observer-framework.md) owns the complete-state perspective $\mathbb{U}_{\text{now}}$, observers, the distinction between what is and what is known, and absolute versus operational simultaneity.
              
              The complete state $\mathbb{U}_{\text{now}}\equiv S(T)$ is indexed by an absolute-time slice $\Sigma_T$; it is not the geometric slice itself. An observer samples only a constrained record from that state, using clocks, rulers, and signals whose behavior is itself produced by assembly and medium dynamics.
              
              > **Observer Commitment:** $\mathbb{A}\mathbb{A}\mathbb{A}$ distinguishes the complete state on an absolute-time slice from the measurements available to embedded observers. Observers are assemblies inside the Noether sea, so their clocks, rulers, synchronization procedures, and records are dynamical outputs. Effective relativity and quantum state descriptions belong to this observer-accessible layer, not to the primitive substrate.
              
              There is no observer standing outside the ledger. An observer's records are themselves entries inside $S(T)$. Inference is a subsystem reconstructing a coarse description from its own accessible records — not a spectator on a balcony reading the complete state without constraint.
              
              Observer descriptions can be indispensable without being final ontology. Effective metric reconstruction, wavefunction transition, and particle records are inferential summaries of accessible interactions. They do not replace the substrate account, and they are not made false by it.
              
              #### Bell Nonlocality Placement
              
              Some background, because this section is unintelligible without it.
              
              **Bell's theorem** constrains a specific conjunction of assumptions. For settings chosen independently of a complete hidden state $\lambda$, Bell-local causality requires each outcome probability to depend only on the local setting and $\lambda$. That factorization implies Bell inequalities. Loophole-free experiments violate those inequalities, so no model satisfying the full conjunction can reproduce the observed correlations. Hensen and collaborators' [2015 experiment](https://doi.org/10.1038/nature15759), for example, reported a Bell-inequality violation while closing the principal locality and detection loopholes.
              
              $\mathbb{A}\mathbb{A}\mathbb{A}$ is deterministic, so it owes an answer. Bell-family experiments are treated here as a hard observer-level constraint on any deterministic completion. They are not treated as evidence for ontological randomness, backward causation, or faster-than-$c_f$ signalling.
              
              The complete state on a slice $\Sigma_T$ remains definite. An observer has access only to pair records, detector settings, coincidence windows, and statistics.
              
              The guardrail is strict and worth stating as an obligation rather than a reassurance. If **measurement independence** (the settings are statistically independent of $\lambda$), local factorization, and the ordinary treatment of the settings and outcomes are all retained, then the observed violations cannot be recovered. A finite propagation speed by itself does not evade the theorem. The theory must therefore state exactly which Bell assumption fails and how observer no-signalling survives. A foundation page may route that burden; it must not imply that shared provenance alone dissolves it.
              
              If $\mathbb{A}\mathbb{A}\mathbb{A}$ preserves measurement independence and no-signalling at the observer level, then the violation must come from an explicitly nonseparable substrate response — for instance a $c_f$-mediated coordination channel operating outside effective light cones while remaining unable to transmit a controllable signal.
              
              That option is a substantive claim about a hierarchy of speeds, not a free move. The coordination channel must lie outside the observer's photon cone, which requires $c_f > c_0$ once the low-energy photon speed $c_0$ is calibrated. Any stronger separation such as $c_f \gg c_0$ must then be reconciled with photon dressing, Lorentz closure for moving assemblies, and clock universality. It must also evade a known conditional obstruction: Bancal and collaborators proved that models reproducing the target correlations with hidden influences of finite speed $c_0<v<\infty$ permit operational faster-than-light signalling in suitable multipartite arrangements, under their stated causal and correlation assumptions; see [*Quantum non-locality based on finite-speed causal influences leads to superluminal signalling*](https://doi.org/10.1038/nphys2460).
              
              Concretely, the observer-level description must fail the factorizable form
              
              $$
              P(a,b\mid \hat{m}_A,\hat{m}_B,\lambda)
              =
              P(a\mid \hat{m}_A,\lambda)\,
              P(b\mid \hat{m}_B,\lambda)
              $$
              
              [View →](../../../../../equation-mapping.html#corpus-equation-7d4586f544b65b38)
              
              which says the joint probability of outcomes $a$ and $b$, conditional on settings $\hat m_A,\hat m_B$ and the complete hidden state $\lambda$, factors into local response probabilities. Reproducing Bell violation requires rejecting this factorization or another premise used to derive the tested inequality, and the chosen route must preserve the observed no-signalling marginals. If measurement independence is relaxed instead, the relaxation must be quantified, and the text must not simultaneously claim exact measurement independence.
              
              The chapter keeps two clean routes separate for accounting. A hybrid is logically possible, but it must declare both departures and cannot use one to obscure the other:
              
              - **Substrate nonseparability:** retain strict measurement independence and no-signalling; the violation is carried by nonfactorizable pair provenance and apparatus-response coupling.
              - **Controlled relaxation of measurement independence:** relax it in declared substrate response variables, bounded to prevent macroscopic backward causation or signalling.
              
              Working selection, provisional until the Bell derivation closes: $\mathbb{A}\mathbb{A}\mathbb{A}$ takes the substrate-nonseparability route. Measurement independence and observer no-signalling are retained, and nonfactorizability is carried by a live $c_f$-mediated coordination channel gated by pair provenance. Controlled relaxation remains a comparison route, not the active selection.
              
              A shared-source story on its own is not enough, and this is the trap the route must avoid. If retained provenance screens the two wings into independent local laws, the account has simply fallen back into the Bell-local class and reproduces nothing. Any shared record — a framed pair-braid, a linking invariant — is part of $\lambda$; if each wing's response is a local function of its own setting and that record, factorization returns and the correlation stays inside the bound.
              
              So the route assigns two distinct roles: pair provenance *gates* the proposed live channel, and the channel would have to *carry* the nonfactorizability. During the measurement window the coupled response must fail the product form while each single-wing marginal stays independent of the far setting. A candidate coordination route outside the effective photon cone requires $c_f>c_0$; it is not thereby established, and it must still survive the finite-speed obstruction. Influence faster than $c_f$, and any controllable observer signalling, remain forbidden by the proposed route.
              
              The finite-speed obstruction therefore remains a substantive proof burden. Measurable degradation toward the Bell-local bound when the $c_f$ channel cannot span the wings is a candidate prediction, but it does not by itself resolve that obstruction. The Bancal argument already allows disconnected parties to become local; it tests whether this fallback can coexist with the required connected marginals and observer no-signalling in a multipartite experiment, involving more than two parties. A proposed response must supply one consistent multipartite probability law and identify which premise of the obstruction it changes, with the resulting observable consequences. Degradation and a premise audit are complementary requirements for that proposal, rather than sufficient alternatives. Detail belongs to [Bell's Theorem](../../../../markdown/aaa/philosophy-history/theory-bridges/bell-theorem.md) and [Entanglement and Nonlocality](../../../../markdown/aaa/philosophy-history/theory-bridges/entanglement-nonlocality.md).
              
              Routing:
              
              - [Observer Framework](../../../../markdown/aaa/spacetime/observer-framework.md) owns complete-state versus observer access.
              - [Proper Time and Time Dilation](../../../../markdown/aaa/spacetime/proper-time-and-time-dilation.md) owns observer clocks and $t\mapsto\tau$ extraction.
              - [Lorentz Kinematics](../../../../markdown/aaa/spacetime/lorentz-kinematics.md) owns moving-assembly deformation, clock and ruler retuning, two-way synchronization, and preferred-frame leakage bounds.
              - [Emergent Metric](../../../../markdown/aaa/spacetime/emergent-metric.md) owns metric reconstruction.
              - [Wavefunction Ontology](../../../../markdown/aaa/quantum/wavefunction-ontology.md) and [Measurement Ontology](../../../../markdown/aaa/quantum/measurement-ontology.md) own quantum-state and measurement descriptions.
              - [Bell's Theorem](../../../../markdown/aaa/philosophy-history/theory-bridges/bell-theorem.md) and [Entanglement and Nonlocality](../../../../markdown/aaa/philosophy-history/theory-bridges/entanglement-nonlocality.md) own correlation recovery, no-signalling, measurement independence, pair-provenance closure tests, and the finite-speed-influence obstruction.
              
              ### Terminology Discipline
              
              Terminology is controlled by the style and terminology canon, not by this hub:
              
              - [Terminology Usage](../../../../markdown/aaa/archie/terminology-usage.md) for level-aware usage rules.
              - [Comparative Glossary](../../../../markdown/aaa/archie/comparative-glossary.md) for translation between established frameworks and $\mathbb{A}\mathbb{A}\mathbb{A}$.
              - [Mathematics Terminology](../../../../markdown/aaa/archie/mathematics-terminology.md) for formal notation.
              - [Academic Style Guide](../../../../markdown/aaa/archie/academic-style-guide.md) for prose discipline.
              
              This hub keeps only the global rule:
              
              > Use substrate-native terms for substrate ontology, medium terms for Noether sea contents, and effective or observer terms for emergent descriptions. Do not let `spacetime`, `field`, `charge`, `vacuum`, or `particle` silently cross levels without saying which level is meant.
              
              ### Parameter Ledger
              
              Numerical accounting lives in [Parameter Ledger](../../../../markdown/aaa/validation/parameter-ledger.md). This hub owns no tables of inputs, closure targets, naturalness tests, or regulators.
              
              The ontology-level distinction is an assignment of level, not a numerical claim:
              
              - Substrate commitments belong to [Absolute Time](../../../../markdown/aaa/foundations/absolute-time.md), [Euclidean Void](../../../../markdown/aaa/foundations/euclidean-void.md), [Absolute Timespace](../../../../markdown/aaa/foundations/absolute-timespace.md), and [Architrino](../../../../markdown/aaa/foundations/architrino.md).
              - Acceleration-law parameters and regulators belong to [Master Equation](../../../../markdown/aaa/dynamics/master-equation.md) and the validation ledger.
              - Assembly radii, shielding factors, metric coefficients, and observer-level constants are closure targets, not primitive ontology.
              
              For current status, see [Parameter Ledger](../../../../markdown/aaa/validation/parameter-ledger.md) and [Known Tensions](../../../../markdown/aaa/validation/known-tensions.md).
              
              ### Open Questions and Validation Routing
              
              Open questions and closure burdens belong in [Known Tensions](../../../../markdown/aaa/validation/known-tensions.md), [Closure Scorecard](../../../../markdown/aaa/validation/closure-scorecard.md), and the relevant branch chapters. This hub keeps only stable commitments.
              
              - [Known Tensions](../../../../markdown/aaa/validation/known-tensions.md) for unresolved closure burdens.
              - [Parameter Ledger](../../../../markdown/aaa/validation/parameter-ledger.md) for open symbols and closure targets.
              - [Wavefunction Ontology](../../../../markdown/aaa/quantum/wavefunction-ontology.md) and [Measurement Ontology](../../../../markdown/aaa/quantum/measurement-ontology.md) for quantum-ontology status.
              - [Cosmology Ontology](../../../../markdown/aaa/cosmology/cosmology-ontology.md) for universe-history framing.
              
              ---
              
              ### Summary
              
              Six commitments:
              
              1. **Substrate:** absolute time and the Euclidean void form the fixed, non-dynamical product background called absolute timespace.
              2. **Primitive entity:** the architrino is the fixed-identity point transceiver with polarity and persistent identity.
              3. **Causal record:** wakes are real, source-provenanced path-history records, not extra substances in the void.
              4. **Medium:** the Noether sea is emergent physical content formed by coupled neutral braid assemblies inside the void.
              5. **Observer framework:** complete-state bookkeeping is distinct from what an observer can reach.
              6. **Routing discipline:** terminology, parameters, closure burdens, and open validation questions belong to their owning chapters once a topic moves beyond ontology.
              
              Everything downstream builds on these. This hub deliberately points outward the moment a topic becomes dynamics, assembly structure, clock extraction, terminology, parameter closure, or validation pressure.
              
            selectionSha256: 'b470ef72cef4704bc2f591b73e698b7ad6ca5dd1ae9870a20251152307e1c370'
          2:
            sourceId: 'source.ontology-purpose'
            contentType: 'markdown'
            content: |-
              ## Purpose and Scope
              
              This document establishes what fundamentally exists in $\mathbb{A}\mathbb{A}\mathbb{A}$, what is emergent, and what observers reconstruct from inside the system.
              
              It defines six foundation routes:
              
              1. **The Substrate**: [absolute time](./absolute-time.md), [Euclidean void](./euclidean-void.md), and [absolute timespace](./absolute-timespace.md).
              2. **The Fundamental Entity**: the [architrino](./architrino.md), a point entity that continuously emits an expanding record of its own motion and receives the causal-root contributions that reach it.
              3. **The Physical Medium**: the [Noether sea](../spacetime/noether-sea.md), content filling the void, built from coupled neutral assemblies.
              4. **The Observer Framework**: [complete state versus what an observer can reach](../spacetime/observer-framework.md).
              5. **Terminology Discipline**: [level-aware vocabulary](../archie/terminology-usage.md).
              6. **Parameter Ledger**: [which numbers are postulated and which are derived](../validation/parameter-ledger.md).
              
              The nine foundation chapters have distinct ownership:
              
              | Chapter | Document role |
              |:---|:---|
              | [Ontology](./ontology.md) | Hub for layer assignments, postulate ownership, and navigation. |
              | [Absolute Time](./absolute-time.md) | Canonical owner of Postulate 1, temporal ordering, affine normalization, and delayed-only support. |
              | [Euclidean Void](./euclidean-void.md) | Canonical owner of Postulate 2, the fixed spatial metric, and container symmetries. |
              | [Absolute Timespace](./absolute-timespace.md) | Canonical owner of Postulate 3, the product foliation, causal-wake geometry, and the observer-metric handoff boundary. |
              | [Architrino](./architrino.md) | Canonical owner of Postulate 4, primitive identity, polarity, provenance, and point-transceiver status. |
              | [Emergence of Structure](./emergence-of-structure.md) | Owner of the bottom-up assembly ladder, context-to-branch selection, and emergence claim discipline. |
              | [Absolute Time Defense](./absolute-time-defense.md) | Argumentative and falsifiability companion for clock, ruler, and preferred-frame recovery. |
              | [Detecting the Absolute Frame](./detecting-the-absolute-frame.md) | Owner of the complete-state rest diagnostic and tagged-wake center reconstruction. |
              | [Constructing the Absolute Frame](./constructing-the-absolute-frame.md) | Owner of coordinate-frame reconstruction from nondegenerate complete-state data. |
              
              The textbook sequence continues from this chapter to Architrino, Absolute Time, Euclidean Void, Absolute Timespace, Absolute Time Defense, Detecting the Absolute Frame, Constructing the Absolute Frame, and Emergence of Structure. It introduces the primitive entity and substrate before examining preferred-frame arguments, reconstruction, and assembly formation. The ownership links above also support returning directly to a particular definition.
              
              ### Canonical Postulate Ownership
              
              The Summary Postulate in each owning chapter is the single canonical wording. The shorter blocks in this hub are abridged routing statements, not competing formulations.
              
              | Postulate | Canonical owner |
              |:---|:---|
              | Postulate 1: Absolute Time | [Absolute Time](./absolute-time.md#summary-postulate) |
              | Postulate 2: Euclidean Void | [Euclidean Void](./euclidean-void.md#summary-postulate) |
              | Postulate 3: Absolute Timespace | [Absolute Timespace](./absolute-timespace.md#summary-postulate) |
              | Postulate 4: Architrino | [Architrino](./architrino.md#summary-postulate) |
              
              The purpose is not to make later results true by definition. It is to keep the starting inventory clean. Dynamics, assembly mappings, particle families, effective spacetime, and cosmology all rest on these foundations, so a wrong level assignment here propagates into everything.
              
              ### Four levels
              
              | Level | Plain meaning | Typical examples |
              |:---|:---|:---|
              | Substrate ontology | What exists before any observer reconstruction. | Absolute time, Euclidean void, architrino identities, polarity, causal-wake support. |
              | Assembly and medium behavior | What organized groups of architrinos do. | Noether braids, stable branches, sea density, stress, flow, response. |
              | Effective description | What observers can summarize as familiar physics. | Metric, field, particle, mass, charge, clock, ruler, potential. |
              | Observer inference | What an embedded observer can actually record. | Detector records, clock readings, coincidence windows, spectra, quantum states. |
              
              This ontology also has an honest boundary. It states the internal bedrock of $\mathbb{A}\mathbb{A}\mathbb{A}$. It does not claim to explain *why* absolute time, the Euclidean void, the set of architrinos, the wake speed $c_f$, or the coupling $\kappa$ exist rather than not. Those remain primitive postulates unless some separate account is supplied.
              
              That distinction is worth holding onto. Deriving particles, fields, clock behavior, and effective spacetime from architrino dynamics is one kind of explanation. Explaining why the substrate exists at all is a different kind of claim, and this theory does not make it.
              
              The same discipline reads through the canonical symbol map:
              
              | Level | Canonical variables or records | Owning chapters |
              |:---|:---|:---|
              | Substrate ontology | absolute time $T$, its simultaneous spatial slice $\Sigma_T$, Euclidean spatial metric $h_{ij}$, architrino position $\mathbf X_a(T)$, polarity $q_a$, and causal-wake support | [Absolute Time](./absolute-time.md), [Euclidean Void](./euclidean-void.md), [Absolute Timespace](./absolute-timespace.md), [Architrino](./architrino.md) |
              | Assembly and medium behavior | assembly closure labels, including the configuration label $\Lambda_{\mathrm{cm}}$ for the coincident-midpoint three-binary chart; Noether braid number density $\rho_{\text{NS}}(\mathbf X,T)$, sea stress $\Sigma_{\text{sea}}(\mathbf X,T)$, and sea flow velocity $\mathbf u_{\text{sea}}(\mathbf X,T)$ | [Noether Braid](../noether-braid/noether-braid.md), [Coincident-Midpoint Orthogonal-Axis Braid Dynamics](../noether-braid/zero-axial-offset-three-binary-dynamics-and-interpretation.md#zero-axial-offset-three-binary-dynamics-and-interpretation), [Noether sea](../spacetime/noether-sea.md) |
              | Effective description | clock-rate response $A(\mathcal{N}_{\mathrm{sea}})$ and spatial ruler response $B_{ij}(\mathcal{N}_{\mathrm{sea}})$ to the retained sea state $\mathcal{N}_{\mathrm{sea}}$; effective drift $u^i_{\mathrm{sea,eff}}$, metric $g^{\text{eff}}_{\mu\nu}$, and clock-channel constitutive potential $\Phi_{\text{eff}}$ | [Emergent Metric](../spacetime/emergent-metric.md), [Proper Time and Time Dilation](../spacetime/proper-time-and-time-dilation.md), [Particle Masses](../assemblies/particle-masses.md) |
              | Observer inference | projection $\Pi_{\mathrm{obs}}:S(T)\to\bar S(T)$ from complete state to accessible record; $\Theta_A^{(O,W)}$, the record of channel $A$ for observer $O$ over window $W$, including readout, apparatus response, calibration, nuisance model, and accessible boundary histories | [Observer Framework](../spacetime/observer-framework.md), [Wavefunction Ontology](../quantum/wavefunction-ontology.md), [Measurement Ontology](../quantum/measurement-ontology.md) |
              
              ### The tower of forgetting
              
              A proposed hierarchy connects the four levels by maps that discard information. For a selected family of records, the following composition is valid only when each intermediate description retains enough information to determine the next output:
              
              $$
              S(T)
              \xrightarrow{\Pi_{\mathrm{assembly}}}
              \mathfrak B(T)
              \xrightarrow{\Pi_{\mathrm{eff}}}
              \big(A,B_{ij},g^{\mathrm{eff}},\Phi_{\mathrm{eff}}\big)
              \xrightarrow{\Pi_{\mathrm{record}}}
              \bar S(T).
              $$
              
              [View →](../../../../equation-mapping.html#corpus-equation-32735fe8bdc4051a)
              
              Read it left to right as a sequence of deliberate losses. $S(T)$ is the complete state: every architrino, every identity, every path history. The first arrow keeps only what assemblies and branches are present, giving $\mathfrak B(T)$. The second keeps only the smooth effective quantities. The third keeps only what a detector actually records, giving $\bar S(T)$.
              
              The identity $\Pi_{\mathrm{obs}}=\Pi_{\mathrm{record}}\circ\Pi_{\mathrm{eff}}\circ\Pi_{\mathrm{assembly}}$ is therefore a conditional factorization of the single-step projection in [Architrino](./architrino.md#provenance-and-persistence). The displayed smooth tuple alone has not been shown to determine every detector record. A proposed factorization must specify its observable family, apparatus settings, calibration, retained history, and boundary data, as in the [Observer Framework](../spacetime/observer-framework.md). These data must either be retained by the intermediate description or fixed as declared conditions of the map.
              
              Each arrow keeps some information and discards some. Individual provenance labels, depth of path history, fine assembly coordinates, medium microstate, and any inactive branch-chart labels actually retained in the complete state may be lost at different stages. The map does not turn unrealized possible futures into ontic data.
              
              Here is why that matters rather than being bookkeeping. A lower-level quantity descends to a coarser level only if it is constant, within the declared tolerance, on every fiber of the projection: all detailed states mapped to one coarse state must assign it the same value. Coarse levels may also define new collective quantities, such as temperature, that have no one-particle counterpart. Asking for the "position of the electron" at the observer level is meaningful only after the observer map defines such a position or a lower-level position descends through it.
              
              For exact factorization, let $C=\Pi_{\mathrm{eff}}\circ\Pi_{\mathrm{assembly}}$ denote the retained coarse state and $R$ the selected record. A map $f$ with $R=f\circ C$ exists precisely when $C(S_1)=C(S_2)$ implies $R(S_1)=R(S_2)$. Necessity follows because a function gives equal outputs on equal inputs; sufficiency follows by defining $f(C(S))=R(S)$, which the implication makes independent of the chosen representative. For example, suppose two detailed apparatus states retain the same smooth medium description but encode different recorded bits, 0 and 1. Discarding that bit prevents the final map from recovering the record. Retaining the bit repairs this particular loss, but does not prove that every other required variable was retained. This is an illustration of map sufficiency, not a constructed dynamical solution.
              
              Approximate descriptions replace exact agreement with a declared record metric and tolerance. Their owners use residuals to quantify particular losses: provenance leakage $\epsilon_{\mathrm{prov}}$ tests dependence on discarded identity or history information; branch or record residuals $\mathcal R_{\mathcal Q}$ test the declared coarse description and its balance or record consistency; clock-composition residuals $\Delta^{\mathrm{comp}}$ compare composed clock maps with a direct map; clock-universality residuals $\epsilon_{\mathrm{univ}}$ compare responses across clock families. Each residual needs its own map, comparison, and normalization. These labels do not by themselves certify the hierarchy.
              
              ### Where projections break
              
              The foundations use several nondegeneracy floors, but they guard different mathematical obligations. A projection is intentionally many-to-one and need not be locally invertible. A causal-root chart needs an implicit-function condition; a reconstructed frame or wake center needs an identifiable inverse; a basin separator needs a regular boundary; and a clock/ruler export needs a stable forward map.
              
              | Floor | Guarded map | Failure meaning | Owner |
              |:---|:---|:---|:---|
              | $\kappa_{\mathrm{hit}}>0$ | causal-root chart | loss of the declared simple-root margin; an actual singularity requires separate diagnosis | [Master Equation](../dynamics/master-equation.md#causal-time-map-and-root-topology) |
              | $\sin\theta_{\min}>0$ | ordered-tuple frame construction | collinear or ill-conditioned basis | [Constructing the Absolute Frame](./constructing-the-absolute-frame.md#reconstruction-existence-lemma) |
              | positive framing-conditioning floor | framed self-linking and chirality projection | framing slip, unresolved fold contact, or suspended chirality label | [Constructing the Absolute Frame](./constructing-the-absolute-frame.md#parity-convention-and-dynamical-chirality) |
              | $\omega_{\min}>0$ or $\lambda_{\min}(G_a)\ge\lambda_{\min}^{\mathrm{ctr}}>0$ | wake-center inverse | insufficient aperture or rank-deficient center fit | [Detecting the Absolute Frame](./detecting-the-absolute-frame.md#detecting-absolute-rest-the-causal-wake-diagnostic) |
              | $\kappa_{\mathrm{sep}}>0$ | basin separator | unstable, riddled, or unresolved branch partition | [Emergence of Structure](./emergence-of-structure.md#context-as-constraint-on-basin-selection) |
              | $\sigma_{\mathrm{cr}}>0$ | clock/ruler handoff | rank loss or locally multivalued metric export | [Absolute Time Defense](./absolute-time-defense.md#absolute-time-global-foliation-and-proper-time) |
              
              Each floor prevents a named chart or inference from becoming ill-conditioned. Their failures are related by loss of regularity, not by one universal inverse-map theorem.
              
              The safe common rule is local and typed: state the map, state the rank or transversality condition it actually needs, and fail closed when that condition is lost. A generic scalar fold is codimension one, but rank-deficient matrix varieties and basin-boundary pathologies can have other codimensions. No dimension claim transfers from one row to another without a theorem for that row.
              
              ### Two distinctions that govern the rest
              
              **Primitive substance is not emergent matter.** The architrino is primitive substance. Matter begins only when assemblies acquire mass, exclusion, persistence, and organized branch behavior.
              
              **Physical reality is not independent material inventory.** Causal wakes are physically real, finite-speed, potential-bearing records. They are not an extra material ingredient floating in the void; their content is fixed entirely by transmitter identity, polarity, and path history.
              
              A conservative entry criterion for emergent matter status therefore has two parts. A stable assembly $A$ must carry a nonzero closed internal energy ledger $E_{\text{internal}}(A) > 0$ as defined in [Energy](../dynamics/energy.md), and it must carry an exclusion record — the property that makes two of them unable to occupy the same place — protected by retained configuration topology together with a barrier that preserves the branch.
              
              The second part is the harder one, and the reason is geometric. As [Euclidean Void](./euclidean-void.md) establishes, the container $\mathbb{R}^3$ is contractible and supplies no nontrivial topology by itself. Collision-excluded multi-assembly configuration spaces can nevertheless carry nontrivial loop classes. The protecting structure must therefore be realized and retained by the assembly dynamics: an exclusion envelope, ordered-frame, framed-linking, or causal-writhe record, together with a nonzero barrier $\Delta E_{\mathrm{excl}}>0$ against leaving the protected branch. This is an entry criterion for the mass-map and exclusion programs, not a completed derivation of particle masses or spin-statistics.
              
            selectionSha256: '0a579ec686a8f7384f300af07c1b399f089a38002b4c22a9b162af18187736be'
          3:
            sourceId: 'source.priority-mcp-contract'
            contentType: 'markdown'
            content: |-
              # Source Index Snapshot V1
              
              ## Status
              
              - Kind: `priority-contract`
              - Claim level: `priority-only`
              - Status: `fixture-regression-and-local-full-corpus-passing`
              - Parent tracker: [Architrino MCP](priorities.md)
              
              ## Purpose
              
              `archie-source-index-snapshot/v1` is the executable contract for the immutable data bundle consumed by the local MCP adapters.
              
              The six-source fixture remains the small negative and regression surface. The mechanically enumerated local implementation is recorded in [Full-Corpus Local MCP V1](full-corpus-local-v1.md). Neither artifact creates a public MCP endpoint or claims an accepted-`main` publication.
              
              ## Implemented Artifacts
              
              | Artifact | Role |
              | --- | --- |
              | [Archie service schema](../../../../../src/archie-service/contracts/v1/schema.json) | Defines the build-input, snapshot, search-view, graph-view, metadata-view, and negative-suite shapes. |
              | [Snapshot implementation](../../../../../src/archie-service/source-index/snapshot-v1.mjs) | Builds canonical views, computes hashes, enforces authority rules, and validates snapshots. |
              | [Build input fixture](../../../../../tests/archie-service/fixtures/source-index/source-index-build-input.v1.json) | Declares six representative source records, two explicit graph edges, one equation, one figure, and the live generated-artifact inputs. |
              | [Generated snapshot fixture](../../../../../tests/archie-service/fixtures/source-index/source-index-snapshot.v1.json) | Stores the expected normalized snapshot and its hashes. |
              | [Negative suite](../../../../../tests/archie-service/fixtures/source-index/source-index-negative-suite.v1.json) | Declares failures for missing paths, duplicate ids, invalid parents, authority inflation, visibility leakage, false metadata provenance, and stale hashes. |
              | [Builder and checker](../../../../../scripts/archie-service/build-source-index.mjs) | Writes the review fixture in `--write` mode and performs deterministic, provenance, authority, route, and negative checks in `--check` mode. |
              | [Focused tests](../../../../../tests/archie-service-source-index-snapshot.test.js) | Rebuilds the fixture, tests input-order invariance, and confirms tampering and priority-authority inflation are rejected. |
              | [Full-corpus enumerator](../../../../../src/archie-service/source-index/full-corpus-v1.mjs) | Discovers declared authored documents and sections, eligible reading copies and scenes, exact metadata, typed structural edges, and local source-state provenance. |
              | [Full-corpus builder](../../../../../scripts/archie-service/build-full-corpus-source-index.mjs) | Atomically writes or check-only verifies the complete local snapshot. |
              | [Full-corpus snapshot](../../../../../content/generated/source-index/local-full-corpus-snapshot.v1.json) | Supplies the exact-content, search, graph, and metadata views used by the full-corpus launcher. |
              | [Full-corpus focused tests](../../../../../tests/archie-service-full-corpus-source-index.test.js) | Independently checks declared-document coverage, extraction, parents, visibility, determinism, Unicode continuation, and tamper rejection. |
              
              ## Snapshot Contents
              
              One snapshot contains:
              
              1. snapshot and view schema versions;
              2. the declared repository ref;
              3. the SHA-256 hashing rule and `canonical-json-v1` normalization rule;
              4. live generated-artifact routes and their digests;
              5. source-record counts by controlled source class;
              6. visibility-policy version, freshness, and rollback parent;
              7. per-source file and selected-section hashes;
              8. a deterministic exact-content view for snapshot-only reads;
              9. a deterministic search view;
              10. a typed graph view;
              11. an equation-and-figure metadata view;
              12. per-view hashes and one enclosing snapshot hash.
              
              Build time is deliberately excluded from the hashed payload. A changing timestamp would make identical inputs produce different fingerprints.
              
              ## Hash Boundaries
              
              The contract uses SHA-256 as a change detector.
              
              | Hash | Covers | Failure meaning |
              | --- | --- | --- |
              | `sourceContentSha256` | Raw bytes of one source file. | The source file changed or the recorded digest is false. |
              | `selectionSha256` | The exact selected Markdown section or full source record. | The indexed section changed even if its route did not. |
              | Content-view `sha256` | Exact selected content, type, source id, and selection hash for every source. | Readable snapshot content changed or detached from source provenance. |
              | `assetSha256` | The exact figure asset bytes. | The figure changed or the metadata points to the wrong asset. |
              | Generated-artifact digest | One generated file, or a sorted path-plus-hash manifest for a directory. | A graph, Markdown index, reading copy, or table-of-contents input changed. |
              | View `sha256` | The canonical exact-content, search, graph, or metadata view without its own hash field. | That view was altered or normalized differently. |
              | `snapshotSha256` | The complete canonical snapshot without its own hash field. | Any protected snapshot field or child view changed. |
              
              The fixture proves order invariance by reversing the declared source, graph-edge, and metadata arrays and requiring the same final snapshot hash.
              
              ## Provenance Contract
              
              Each searchable source record carries:
              
              - stable source id;
              - title and route;
              - physical source path and optional section anchor through `sourceInputs`;
              - source class;
              - authority status;
              - visibility;
              - canonical parent where required;
              - strongest allowed claim label;
              - source-file and selection hashes.
              
              Equation metadata is admitted only when the exact TeX occurs in its selected source. Figure metadata is admitted only when the selected Markdown source actually references the declared asset. Extraction does not validate the mathematics or turn the figure into proof.
              
              Graph edges and metadata records inherit retrieval visibility from their `evidenceSourceId` or `sourceId`. A future MCP tool must apply that source-record visibility before returning either record; the relationship or metadata payload cannot make itself public independently.
              
              ## Visibility And Authority Matrix
              
              | Source class | Allowed authority | Allowed visibility | Parent rule |
              | --- | --- | --- | --- |
              | `published_corpus` | `primary` | `public` | No parent required. |
              | `generated_reading_copy` | `routing_only` | `public` | Must name a `published_corpus` parent. |
              | `scene_route` | `routing_only` | `public` | Must name a `published_corpus` parent. |
              | `app_guide` | `diagnostic` | `public` | No parent required for app behavior. |
              | `archie_reference` | `primary` or `diagnostic` | `public` | No parent required under the current source policy. |
              | `priority_material` | `priority_only` or `excluded` | `development_status`, `operator_developer`, or `excluded` | It cannot become ordinary public corpus authority. |
              | `external_prior_physics` | `comparison_only` or `excluded` | `external_curated` or `excluded` | It cannot become native theory authority. |
              
              The matrix is enforced while building and while reading the completed snapshot. Generated routing layers therefore cannot elevate themselves by copying authoritative prose.
              
              ## Verification Fixtures Required for Advancement
              
              The negative suite must reject:
              
              1. a source path that does not exist;
              2. duplicate source ids;
              3. a missing canonical parent;
              4. a scene route parent that is not published corpus;
              5. priority material marked `primary`;
              6. priority material marked `public`;
              7. equation TeX absent from its source section;
              8. a figure asset not referenced by its source section;
              9. an old source hash attached to current source bytes;
              10. an altered search-view hash.
              
              These are test fixtures for the stated contract. They do not independently prove every future full-corpus ingestion path; production expansion must preserve the same gates while adding source families and record volume.
              
              ## Upstream Freshness Gate
              
              The snapshot builder hashes the generated artifacts it receives; it does not replace their owning generators or prove that they are current relative to canonical sources. The ordered pipeline must run `node scripts/check-content-integrity.mjs` before building or publishing a source-index snapshot.
              
              If that upstream check reports generated drift, the snapshot is not publishable even when its own hashes are internally consistent. After the owning generator is explicitly run and its check passes, the source-index snapshot will correctly report digest drift until its expected artifact is regenerated and rechecked.
              
              ## Commands
              
              Check without writing:
              
              ```bash
              node scripts/archie-service/build-source-index.mjs --check
              node --test tests/archie-service-source-index-snapshot.test.js
              node scripts/check-content-integrity.mjs
              ```
              
              Regenerate the expected fixture after an explicitly accepted source or contract change:
              
              ```bash
              node scripts/archie-service/build-source-index.mjs --write
              node scripts/archie-service/build-source-index.mjs --check
              ```
              
              ## Acceptance Falsifiers
              
              The V1 contract is not accepted if any of these observations occurs:
              
              - identical declared inputs produce different snapshot hashes;
              - reordering input records changes the snapshot hash;
              - a source or asset changes while its recorded hash still passes;
              - priority material enters the public set or gains primary authority;
              - a generated route lacks a published canonical parent but still builds;
              - an equation or figure is indexed without source evidence;
              - `--check` modifies any file;
              - schema validation or the focused negative suite fails.
              
              ## Remaining Boundary
              
              The local full-corpus snapshot now supplies [MCP Tool Contract V1](mcp-tool-contract-v1.md). Publication from accepted `main`, atomic remote artifact storage, rollback history, and deployment freshness remain outside this local contract.
              
            selectionSha256: 'c9145f55abe5226e374edae0ec9eac5ff8e3c2df953b8de7966dd0b79b4c8bf8'
          4:
            sourceId: 'source.scene-ontology'
            contentType: 'json'
            content: |-
              {
                "schemaVersion": "0.1",
                "scene": {
                  "id": "foundations__foundational_ontology",
                  "title": "Ontology",
                  "type": "Scene-Markdown-View",
                  "units": "relative",
                  "wrapLabels": true,
                  "layout": {
                    "type": "static"
                  },
                  "source": {
                    "type": "markdown",
                    "path": "content/markdown/aaa/foundations/ontology.md"
                  },
                  "view": {
                    "columns": 1,
                    "autoOpen": true
                  }
                },
                "objects": []
              }
              
            selectionSha256: '34a61a3cc2c43c1798726a3613d8e590edd32dcd5f7ca4572d45d18e88d36c5b'
          5:
            sourceId: 'source.system-card'
            contentType: 'markdown'
            content: |-
              ## Understanding the Evidence
              
              An explanation may use $\mathbb{A}\mathbb{A}\mathbb{A}$ as its working framework without implying that every recovery claim is established. Definitions, derivations, numerical results, and open hypotheses have different evidential roles. A visualization illustrates geometry or a declared calculation; it does not by itself demonstrate physical stability or agreement with experiment.
              
              The following references explain those distinctions:
              
              - [Closure Scorecard](../validation/closure-scorecard.md): the dated assessment of mathematical and geometrical development under a declared rubric.
              - [Failure Criteria](../validation/failure-criteria.md): observations or mathematical failures that would invalidate particular claims.
              - [Validation Protocols](../validation/validation-protocols.md): methods for checking derivations, simulations, and empirical comparisons.
              - [Known Tensions](../validation/known-tensions.md): unresolved questions that constrain interpretation.
              - [No-Go Theorems](../validation/no-go-theorems.md): mathematical exclusions and their assumptions.
              - [Parameter Ledger](../validation/parameter-ledger.md): the distinction between specified parameters, measured inputs, and quantities still requiring derivation.
              
            selectionSha256: 'f4a6053cea9882d193ffda624790555f850cfe7b9a081597b89cf2ae6c21e16b'
        sha256: '87f69fea572dbc676740004b2f80a54e305f61f3803a1b9f23901467e0dee982'
      search:
        schema: 'archie-source-search-view/v1'
        records:
          0:
            sourceId: 'source.app-guide'
            title: 'Open Architrino'
            route: 'content/markdown/aaa/archie/about-the-webapp.md#open-architrino'
            sectionAnchor: 'open-architrino'
            sourceClass: 'app_guide'
            authorityStatus: 'diagnostic'
            visibility: 'public'
            canonicalParent: ~
            claimLabelFloor: 'app diagnostic'
            aliases:
              0: 'webapp guide'
            keywords:
              0: 'application'
              1: 'navigation'
              2: 'webapp'
            sourceContentSha256: '794c711f2c200544ea2d70634fa49fd03d05fc771cab46be812f041b54dc21ec'
            selectionSha256: '8e21372bd10a216ed5ba3dc4a63ac253e795f0e9fd4d9304cdde8d4f70b5eaa1'
            searchText: 'Open Architrino webapp guide application navigation webapp Open Architrino Architrino logo and QR code for architrino.com Scan the QR code to open architrino.com.'
            publicEligible: true
          1:
            sourceId: 'source.generated-foundations-ontology'
            title: 'Generated Foundations Reading Copy: Ontology'
            route: 'document-sphere:content/markdown/aaa/foundations/ontology.md'
            sectionAnchor: 'ontology'
            sourceClass: 'generated_reading_copy'
            authorityStatus: 'routing_only'
            visibility: 'public'
            canonicalParent: 'source.ontology-purpose'
            claimLabelFloor: 'unsupported'
            aliases:
              0: 'foundations reading copy'
            keywords:
              0: 'generated'
              1: 'ontology'
              2: 'reading copy'
            sourceContentSha256: '07ed1dc63a1b9d71f96a64ac0029b57c5bd307391feff049d2ddc01867736496'
            selectionSha256: 'b470ef72cef4704bc2f591b73e698b7ad6ca5dd1ae9870a20251152307e1c370'
            searchText: 'Generated Foundations Reading Copy: Ontology foundations reading copy generated reading copy ontology Ontology Ontology is the study of what exists. Not what we can measure, not what our equations track, but what is actually there before anyone names it, observes it, or compresses it into a model. That distinction sounds abstract and is intensely practical. Physics routinely uses quantities that work beautifully without anyone claiming they are fundamental — temperature is real and useful, yet no single molecule has one. Confusing "this description works" with "this is what e'
            publicEligible: true
          2:
            sourceId: 'source.ontology-purpose'
            title: 'Ontology: Purpose and Scope'
            route: 'content/markdown/aaa/foundations/ontology.md#purpose-and-scope'
            sectionAnchor: 'purpose-and-scope'
            sourceClass: 'published_corpus'
            authorityStatus: 'primary'
            visibility: 'public'
            canonicalParent: ~
            claimLabelFloor: 'published corpus'
            aliases:
              0: 'foundation levels'
              1: 'ontological bedrock'
            keywords:
              0: 'absolute time'
              1: 'architrino'
              2: 'Euclidean void'
              3: 'Noether sea'
            sourceContentSha256: '48bf11bec4defceb1a317443928e43ecebfae28340aef02ac2f8c0754e47c43d'
            selectionSha256: '0a579ec686a8f7384f300af07c1b399f089a38002b4c22a9b162af18187736be'
            searchText: 'Ontology: Purpose and Scope ontological bedrock foundation levels absolute time architrino Euclidean void Noether sea Purpose and Scope This document establishes what fundamentally exists in $\\mathbb{A}\\mathbb{A}\\mathbb{A}$, what is emergent, and what observers reconstruct from inside the system. It defines six foundation routes: 1. The Substrate : absolute time, Euclidean void, and absolute timespace. 2. The Fundamental Entity : the architrino, a point entity that continuously emits an expanding record of its own motion and receives the causal-root contributions that reach it. 3. The Physic'
            publicEligible: true
          3:
            sourceId: 'source.priority-mcp-contract'
            title: 'Architrino MCP Source Index Snapshot V1'
            route: 'reference/priorities/dormant-deferred/archie/mcp/source-index-snapshot-v1.md'
            sectionAnchor: ~
            sourceClass: 'priority_material'
            authorityStatus: 'priority_only'
            visibility: 'development_status'
            canonicalParent: ~
            claimLabelFloor: 'priority-only'
            aliases:
              0: 'MCP snapshot contract'
            keywords:
              0: 'deterministic hash'
              1: 'MCP'
              2: 'provenance'
              3: 'source index'
            sourceContentSha256: 'c9145f55abe5226e374edae0ec9eac5ff8e3c2df953b8de7966dd0b79b4c8bf8'
            selectionSha256: 'c9145f55abe5226e374edae0ec9eac5ff8e3c2df953b8de7966dd0b79b4c8bf8'
            searchText: 'Architrino MCP Source Index Snapshot V1 MCP snapshot contract deterministic hash MCP provenance source index Source Index Snapshot V1 Status - Kind: priority-contract - Claim level: priority-only - Status: fixture-regression-and-local-full-corpus-passing - Parent tracker: Architrino MCP Purpose archie-source-index-snapshot/v1 is the executable contract for the immutable data bundle consumed by the local MCP adapters. The six-source fixture remains the small negative and regression surface. The mechanically enumerated local implementation is recorded in Full-Corpus Local MCP V1. Neit'
            publicEligible: false
          4:
            sourceId: 'source.scene-ontology'
            title: 'Ontology Scene Route'
            route: 'scene:foundations__foundational_ontology#section:purpose-and-scope'
            sectionAnchor: ~
            sourceClass: 'scene_route'
            authorityStatus: 'routing_only'
            visibility: 'public'
            canonicalParent: 'source.ontology-purpose'
            claimLabelFloor: 'unsupported'
            aliases:
              0: 'ontology sphere'
            keywords:
              0: 'route'
              1: 'scene'
              2: 'sphere'
            sourceContentSha256: '34a61a3cc2c43c1798726a3613d8e590edd32dcd5f7ca4572d45d18e88d36c5b'
            selectionSha256: '34a61a3cc2c43c1798726a3613d8e590edd32dcd5f7ca4572d45d18e88d36c5b'
            searchText: 'Ontology Scene Route ontology sphere scene sphere route { "schemaVersion": "0.1", "scene": { "id": "foundations foundational ontology", "title": "Ontology", "type": "Scene-Markdown-View", "units": "relative", "wrapLabels": true, "layout": { "type": "static" }, "source": { "type": "markdown", "path": "content/markdown/aaa/foundations/ontology.md" }, "view": { "columns": 1, "autoOpen": true } }, "objects": [] }'
            publicEligible: true
          5:
            sourceId: 'source.system-card'
            title: 'System Card: Understanding the Evidence'
            route: 'content/markdown/aaa/archie/system-card.md#understanding-the-evidence'
            sectionAnchor: 'understanding-the-evidence'
            sourceClass: 'archie_reference'
            authorityStatus: 'primary'
            visibility: 'public'
            canonicalParent: ~
            claimLabelFloor: 'AAA-native stance'
            aliases:
              0: 'evidence posture'
            keywords:
              0: 'claim status'
              1: 'source authority'
              2: 'System Card'
            sourceContentSha256: 'ce9b141d3bbd1f77cea4e468098a7855f52ecc261daaa0b52c2fbda31e006c82'
            selectionSha256: 'f4a6053cea9882d193ffda624790555f850cfe7b9a081597b89cf2ae6c21e16b'
            searchText: 'System Card: Understanding the Evidence evidence posture claim status source authority System Card Understanding the Evidence An explanation may use $\\mathbb{A}\\mathbb{A}\\mathbb{A}$ as its working framework without implying that every recovery claim is established. Definitions, derivations, numerical results, and open hypotheses have different evidential roles. A visualization illustrates geometry or a declared calculation; it does not by itself demonstrate physical stability or agreement with experiment. The following references explain those distinctions: - Closure Score'
            publicEligible: true
        sha256: '56dc56fa02feeafea7e8ab4802ba2a291077f6f974b6f0a4045dcbf53638cf37'
      graph:
        schema: 'archie-source-graph-view/v1'
        nodes:
          0:
            sourceId: 'source.app-guide'
            title: 'Open Architrino'
            route: 'content/markdown/aaa/archie/about-the-webapp.md#open-architrino'
            sourceClass: 'app_guide'
            authorityStatus: 'diagnostic'
            visibility: 'public'
            canonicalParent: ~
          1:
            sourceId: 'source.generated-foundations-ontology'
            title: 'Generated Foundations Reading Copy: Ontology'
            route: 'document-sphere:content/markdown/aaa/foundations/ontology.md'
            sourceClass: 'generated_reading_copy'
            authorityStatus: 'routing_only'
            visibility: 'public'
            canonicalParent: 'source.ontology-purpose'
          2:
            sourceId: 'source.ontology-purpose'
            title: 'Ontology: Purpose and Scope'
            route: 'content/markdown/aaa/foundations/ontology.md#purpose-and-scope'
            sourceClass: 'published_corpus'
            authorityStatus: 'primary'
            visibility: 'public'
            canonicalParent: ~
          3:
            sourceId: 'source.priority-mcp-contract'
            title: 'Architrino MCP Source Index Snapshot V1'
            route: 'reference/priorities/dormant-deferred/archie/mcp/source-index-snapshot-v1.md'
            sourceClass: 'priority_material'
            authorityStatus: 'priority_only'
            visibility: 'development_status'
            canonicalParent: ~
          4:
            sourceId: 'source.scene-ontology'
            title: 'Ontology Scene Route'
            route: 'scene:foundations__foundational_ontology#section:purpose-and-scope'
            sourceClass: 'scene_route'
            authorityStatus: 'routing_only'
            visibility: 'public'
            canonicalParent: 'source.ontology-purpose'
          5:
            sourceId: 'source.system-card'
            title: 'System Card: Understanding the Evidence'
            route: 'content/markdown/aaa/archie/system-card.md#understanding-the-evidence'
            sourceClass: 'archie_reference'
            authorityStatus: 'primary'
            visibility: 'public'
            canonicalParent: ~
        edges:
          0:
            edgeId: 'edge.generated-ontology-mirrors-source'
            from: 'source.generated-foundations-ontology'
            to: 'source.ontology-purpose'
            edgeType: 'mirrors'
            evidenceSourceId: 'source.generated-foundations-ontology'
          1:
            edgeId: 'edge.scene-ontology-routes-to-source'
            from: 'source.scene-ontology'
            to: 'source.ontology-purpose'
            edgeType: 'routes_to'
            evidenceSourceId: 'source.scene-ontology'
        sha256: '60e7a305bbd694c398bdea420806d48357b4b2b0b38f8604fd4fca7ad44d8320'
      metadata:
        schema: 'archie-source-metadata-view/v1'
        records:
          0:
            metadataId: 'metadata.ontology-level-tower'
            kind: 'equation'
            sourceId: 'source.ontology-purpose'
            route: 'content/markdown/aaa/foundations/ontology.md#purpose-and-scope'
            sourceSelectionSha256: '0a579ec686a8f7384f300af07c1b399f089a38002b4c22a9b162af18187736be'
            tex: |-
              $$
              S(T)
              \xrightarrow{\Pi_{\mathrm{assembly}}}
              \mathfrak B(T)
              \xrightarrow{\Pi_{\mathrm{eff}}}
              \big(A,B_{ij},g^{\mathrm{eff}},\Phi_{\mathrm{eff}}\big)
              \xrightarrow{\Pi_{\mathrm{record}}}
              \bar S(T).
              $$
            texSha256: 'd553f0799da68ae1dedc68524a1d1ea3d50190df6bce58d575bbc038009be23c'
          1:
            metadataId: 'metadata.webapp-logo'
            kind: 'figure'
            sourceId: 'source.app-guide'
            route: 'content/markdown/aaa/archie/about-the-webapp.md#open-architrino'
            sourceSelectionSha256: '8e21372bd10a216ed5ba3dc4a63ac253e795f0e9fd4d9304cdde8d4f70b5eaa1'
            assetPath: 'content/assets/images/brand/architrino-logo-qr-landscape.png'
            assetSha256: 'eabd1ef937fdf8a49295971e64eaddd320c5d0c250eb2822188459a6c134d6d7'
            altText: 'Architrino logo and QR code for architrino.com'
        sha256: '6ce866fec72d0914e6118a319140fa9b174a7aa9847b7611ceb3ed02a4fe7698'
    snapshotSha256: 'a997d4645a2246858fb579743b9614ab23021514926770f78debf66b34053350'
  actual:
    schema: 'archie-source-index-snapshot/v1'
    snapshotId: 'source_snapshot_fixture_001'
    repositoryRef: 'fixture-ref'
    schemaVersions:
      snapshot: 'archie-source-index-snapshot/v1'
      content: 'archie-source-content-view/v1'
      search: 'archie-source-search-view/v1'
      graph: 'archie-source-graph-view/v1'
      metadata: 'archie-source-metadata-view/v1'
    hashAlgorithm: 'sha256'
    normalization: 'canonical-json-v1'
    generatedArtifactRefs:
      markdownIndex: 'content/markdown/markdown_index.json'
      readingCopies: 'content/generated/markdown/textbook/reading-copies/'
      sceneGraph: 'content/graph/scene_graph.json'
      textbookToc: 'content/graph/textbook_toc.json'
    generatedArtifactDigests:
      markdownIndex: '43f2c5f5e1aa19e6088e518e1ffa459c9a3ad078aa2323a246e6c520ecae7611'
      readingCopies: '6d517a356bb7c64b27f3bcabb49e0a3e85047d6ea0556b15fbaa20713fbab677'
      sceneGraph: '4444d446677a091f13c381e530a6eafb58bdcbfb7207bf21c71f98570f524d78'
      textbookToc: '6f6b1d077aaa2db82fb50afc05d2ee737ac43bbf54f638a7ba328621ceb891b9'
    sourceRecordCountByClass:
      published_corpus: 1
      generated_reading_copy: 1
      scene_route: 1
      app_guide: 1
      archie_reference: 1
      priority_material: 1
      external_prior_physics: 0
    visibilityPolicyVersion: 'visibility_fixture_v1'
    freshnessState: 'fresh'
    rollbackParent: ~
    sourceInputs:
      0:
        sourceId: 'source.app-guide'
        sourcePath: 'content/markdown/aaa/archie/about-the-webapp.md'
        sectionAnchor: 'open-architrino'
        sourceContentSha256: '794c711f2c200544ea2d70634fa49fd03d05fc771cab46be812f041b54dc21ec'
        selectionSha256: '8e21372bd10a216ed5ba3dc4a63ac253e795f0e9fd4d9304cdde8d4f70b5eaa1'
      1:
        sourceId: 'source.generated-foundations-ontology'
        sourcePath: 'content/generated/markdown/textbook/reading-copies/foundations.md'
        sectionAnchor: 'ontology'
        sourceContentSha256: '07ed1dc63a1b9d71f96a64ac0029b57c5bd307391feff049d2ddc01867736496'
        selectionSha256: 'b470ef72cef4704bc2f591b73e698b7ad6ca5dd1ae9870a20251152307e1c370'
      2:
        sourceId: 'source.ontology-purpose'
        sourcePath: 'content/markdown/aaa/foundations/ontology.md'
        sectionAnchor: 'purpose-and-scope'
        sourceContentSha256: '48bf11bec4defceb1a317443928e43ecebfae28340aef02ac2f8c0754e47c43d'
        selectionSha256: '0a579ec686a8f7384f300af07c1b399f089a38002b4c22a9b162af18187736be'
      3:
        sourceId: 'source.priority-mcp-contract'
        sourcePath: 'reference/priorities/dormant-deferred/archie/mcp/source-index-snapshot-v1.md'
        sectionAnchor: ~
        sourceContentSha256: 'c9145f55abe5226e374edae0ec9eac5ff8e3c2df953b8de7966dd0b79b4c8bf8'
        selectionSha256: 'c9145f55abe5226e374edae0ec9eac5ff8e3c2df953b8de7966dd0b79b4c8bf8'
      4:
        sourceId: 'source.scene-ontology'
        sourcePath: 'content/scenes/foundations/foundational_ontology.json'
        sectionAnchor: ~
        sourceContentSha256: '34a61a3cc2c43c1798726a3613d8e590edd32dcd5f7ca4572d45d18e88d36c5b'
        selectionSha256: '34a61a3cc2c43c1798726a3613d8e590edd32dcd5f7ca4572d45d18e88d36c5b'
      5:
        sourceId: 'source.system-card'
        sourcePath: 'content/markdown/aaa/archie/system-card.md'
        sectionAnchor: 'understanding-the-evidence'
        sourceContentSha256: 'ce9b141d3bbd1f77cea4e468098a7855f52ecc261daaa0b52c2fbda31e006c82'
        selectionSha256: 'f4a6053cea9882d193ffda624790555f850cfe7b9a081597b89cf2ae6c21e16b'
    views:
      content:
        schema: 'archie-source-content-view/v1'
        records:
          0:
            sourceId: 'source.app-guide'
            contentType: 'markdown'
            content: |-
              ## Open Architrino
              
              ![Architrino logo and QR code for architrino.com](../../../assets/images/brand/architrino-logo-qr-landscape.png)
              
              Scan the QR code to open [architrino.com](https://www.architrino.com).
              
            selectionSha256: '8e21372bd10a216ed5ba3dc4a63ac253e795f0e9fd4d9304cdde8d4f70b5eaa1'
          1:
            sourceId: 'source.generated-foundations-ontology'
            contentType: 'markdown'
            content: |-
              ## Ontology
              
              **Ontology** is the study of what exists. Not what we can measure, not what our equations track, but what is actually there before anyone names it, observes it, or compresses it into a model.
              
              That distinction sounds abstract and is intensely practical. Physics routinely uses quantities that work beautifully without anyone claiming they are fundamental — temperature is real and useful, yet no single molecule has one. Confusing "this description works" with "this is what exists" is the most common way a theory ends up explaining something in terms of itself.
              
              For $\mathbb{A}\mathbb{A}\mathbb{A}$ the answer comes in layers. At the bottom sit absolute time, the Euclidean void, architrinos, and the source-dependent causal-wake support fixed by architrino histories. Above them sit assemblies and the Noether sea. Above those lie effective fields, particles, clocks, rulers, metrics, and finally the records observers actually collect. The governing rule of this chapter is that these layers must never be mixed.
              
              This is the bedrock map. It says what exists at the substrate level, what emerges from assembly and medium behavior, and which terms must stay level-aware for everything downstream to remain coherent.
              
              ---
              
              ### Purpose and Scope
              
              This document establishes what fundamentally exists in $\mathbb{A}\mathbb{A}\mathbb{A}$, what is emergent, and what observers reconstruct from inside the system.
              
              It defines six foundation routes:
              
              1. **The Substrate**: [absolute time](../../../../markdown/aaa/foundations/absolute-time.md), [Euclidean void](../../../../markdown/aaa/foundations/euclidean-void.md), and [absolute timespace](../../../../markdown/aaa/foundations/absolute-timespace.md).
              2. **The Fundamental Entity**: the [architrino](../../../../markdown/aaa/foundations/architrino.md), a point entity that continuously emits an expanding record of its own motion and receives the causal-root contributions that reach it.
              3. **The Physical Medium**: the [Noether sea](../../../../markdown/aaa/spacetime/noether-sea.md), content filling the void, built from coupled neutral assemblies.
              4. **The Observer Framework**: [complete state versus what an observer can reach](../../../../markdown/aaa/spacetime/observer-framework.md).
              5. **Terminology Discipline**: [level-aware vocabulary](../../../../markdown/aaa/archie/terminology-usage.md).
              6. **Parameter Ledger**: [which numbers are postulated and which are derived](../../../../markdown/aaa/validation/parameter-ledger.md).
              
              The nine foundation chapters have distinct ownership:
              
              | Chapter | Document role |
              |:---|:---|
              | [Ontology](../../../../markdown/aaa/foundations/ontology.md) | Hub for layer assignments, postulate ownership, and navigation. |
              | [Absolute Time](../../../../markdown/aaa/foundations/absolute-time.md) | Canonical owner of Postulate 1, temporal ordering, affine normalization, and delayed-only support. |
              | [Euclidean Void](../../../../markdown/aaa/foundations/euclidean-void.md) | Canonical owner of Postulate 2, the fixed spatial metric, and container symmetries. |
              | [Absolute Timespace](../../../../markdown/aaa/foundations/absolute-timespace.md) | Canonical owner of Postulate 3, the product foliation, causal-wake geometry, and the observer-metric handoff boundary. |
              | [Architrino](../../../../markdown/aaa/foundations/architrino.md) | Canonical owner of Postulate 4, primitive identity, polarity, provenance, and point-transceiver status. |
              | [Emergence of Structure](../../../../markdown/aaa/foundations/emergence-of-structure.md) | Owner of the bottom-up assembly ladder, context-to-branch selection, and emergence claim discipline. |
              | [Absolute Time Defense](../../../../markdown/aaa/foundations/absolute-time-defense.md) | Argumentative and falsifiability companion for clock, ruler, and preferred-frame recovery. |
              | [Detecting the Absolute Frame](../../../../markdown/aaa/foundations/detecting-the-absolute-frame.md) | Owner of the complete-state rest diagnostic and tagged-wake center reconstruction. |
              | [Constructing the Absolute Frame](../../../../markdown/aaa/foundations/constructing-the-absolute-frame.md) | Owner of coordinate-frame reconstruction from nondegenerate complete-state data. |
              
              The textbook sequence continues from this chapter to Architrino, Absolute Time, Euclidean Void, Absolute Timespace, Absolute Time Defense, Detecting the Absolute Frame, Constructing the Absolute Frame, and Emergence of Structure. It introduces the primitive entity and substrate before examining preferred-frame arguments, reconstruction, and assembly formation. The ownership links above also support returning directly to a particular definition.
              
              #### Canonical Postulate Ownership
              
              The Summary Postulate in each owning chapter is the single canonical wording. The shorter blocks in this hub are abridged routing statements, not competing formulations.
              
              | Postulate | Canonical owner |
              |:---|:---|
              | Postulate 1: Absolute Time | [Absolute Time](../../../../markdown/aaa/foundations/absolute-time.md#summary-postulate) |
              | Postulate 2: Euclidean Void | [Euclidean Void](../../../../markdown/aaa/foundations/euclidean-void.md#summary-postulate) |
              | Postulate 3: Absolute Timespace | [Absolute Timespace](../../../../markdown/aaa/foundations/absolute-timespace.md#summary-postulate) |
              | Postulate 4: Architrino | [Architrino](../../../../markdown/aaa/foundations/architrino.md#summary-postulate) |
              
              The purpose is not to make later results true by definition. It is to keep the starting inventory clean. Dynamics, assembly mappings, particle families, effective spacetime, and cosmology all rest on these foundations, so a wrong level assignment here propagates into everything.
              
              #### Four levels
              
              | Level | Plain meaning | Typical examples |
              |:---|:---|:---|
              | Substrate ontology | What exists before any observer reconstruction. | Absolute time, Euclidean void, architrino identities, polarity, causal-wake support. |
              | Assembly and medium behavior | What organized groups of architrinos do. | Noether braids, stable branches, sea density, stress, flow, response. |
              | Effective description | What observers can summarize as familiar physics. | Metric, field, particle, mass, charge, clock, ruler, potential. |
              | Observer inference | What an embedded observer can actually record. | Detector records, clock readings, coincidence windows, spectra, quantum states. |
              
              This ontology also has an honest boundary. It states the internal bedrock of $\mathbb{A}\mathbb{A}\mathbb{A}$. It does not claim to explain *why* absolute time, the Euclidean void, the set of architrinos, the wake speed $c_f$, or the coupling $\kappa$ exist rather than not. Those remain primitive postulates unless some separate account is supplied.
              
              That distinction is worth holding onto. Deriving particles, fields, clock behavior, and effective spacetime from architrino dynamics is one kind of explanation. Explaining why the substrate exists at all is a different kind of claim, and this theory does not make it.
              
              The same discipline reads through the canonical symbol map:
              
              | Level | Canonical variables or records | Owning chapters |
              |:---|:---|:---|
              | Substrate ontology | absolute time $T$, its simultaneous spatial slice $\Sigma_T$, Euclidean spatial metric $h_{ij}$, architrino position $\mathbf X_a(T)$, polarity $q_a$, and causal-wake support | [Absolute Time](../../../../markdown/aaa/foundations/absolute-time.md), [Euclidean Void](../../../../markdown/aaa/foundations/euclidean-void.md), [Absolute Timespace](../../../../markdown/aaa/foundations/absolute-timespace.md), [Architrino](../../../../markdown/aaa/foundations/architrino.md) |
              | Assembly and medium behavior | assembly closure labels, including the configuration label $\Lambda_{\mathrm{cm}}$ for the coincident-midpoint three-binary chart; Noether braid number density $\rho_{\text{NS}}(\mathbf X,T)$, sea stress $\Sigma_{\text{sea}}(\mathbf X,T)$, and sea flow velocity $\mathbf u_{\text{sea}}(\mathbf X,T)$ | [Noether Braid](../../../../markdown/aaa/noether-braid/noether-braid.md), [Coincident-Midpoint Orthogonal-Axis Braid Dynamics](../../../../markdown/aaa/noether-braid/zero-axial-offset-three-binary-dynamics-and-interpretation.md#zero-axial-offset-three-binary-dynamics-and-interpretation), [Noether sea](../../../../markdown/aaa/spacetime/noether-sea.md) |
              | Effective description | clock-rate response $A(\mathcal{N}_{\mathrm{sea}})$ and spatial ruler response $B_{ij}(\mathcal{N}_{\mathrm{sea}})$ to the retained sea state $\mathcal{N}_{\mathrm{sea}}$; effective drift $u^i_{\mathrm{sea,eff}}$, metric $g^{\text{eff}}_{\mu\nu}$, and clock-channel constitutive potential $\Phi_{\text{eff}}$ | [Emergent Metric](../../../../markdown/aaa/spacetime/emergent-metric.md), [Proper Time and Time Dilation](../../../../markdown/aaa/spacetime/proper-time-and-time-dilation.md), [Particle Masses](../../../../markdown/aaa/assemblies/particle-masses.md) |
              | Observer inference | projection $\Pi_{\mathrm{obs}}:S(T)\to\bar S(T)$ from complete state to accessible record; $\Theta_A^{(O,W)}$, the record of channel $A$ for observer $O$ over window $W$, including readout, apparatus response, calibration, nuisance model, and accessible boundary histories | [Observer Framework](../../../../markdown/aaa/spacetime/observer-framework.md), [Wavefunction Ontology](../../../../markdown/aaa/quantum/wavefunction-ontology.md), [Measurement Ontology](../../../../markdown/aaa/quantum/measurement-ontology.md) |
              
              #### The tower of forgetting
              
              A proposed hierarchy connects the four levels by maps that discard information. For a selected family of records, the following composition is valid only when each intermediate description retains enough information to determine the next output:
              
              $$
              S(T)
              \xrightarrow{\Pi_{\mathrm{assembly}}}
              \mathfrak B(T)
              \xrightarrow{\Pi_{\mathrm{eff}}}
              \big(A,B_{ij},g^{\mathrm{eff}},\Phi_{\mathrm{eff}}\big)
              \xrightarrow{\Pi_{\mathrm{record}}}
              \bar S(T).
              $$
              
              [View →](../../../../../equation-mapping.html#corpus-equation-32735fe8bdc4051a)
              
              Read it left to right as a sequence of deliberate losses. $S(T)$ is the complete state: every architrino, every identity, every path history. The first arrow keeps only what assemblies and branches are present, giving $\mathfrak B(T)$. The second keeps only the smooth effective quantities. The third keeps only what a detector actually records, giving $\bar S(T)$.
              
              The identity $\Pi_{\mathrm{obs}}=\Pi_{\mathrm{record}}\circ\Pi_{\mathrm{eff}}\circ\Pi_{\mathrm{assembly}}$ is therefore a conditional factorization of the single-step projection in [Architrino](../../../../markdown/aaa/foundations/architrino.md#provenance-and-persistence). The displayed smooth tuple alone has not been shown to determine every detector record. A proposed factorization must specify its observable family, apparatus settings, calibration, retained history, and boundary data, as in the [Observer Framework](../../../../markdown/aaa/spacetime/observer-framework.md). These data must either be retained by the intermediate description or fixed as declared conditions of the map.
              
              Each arrow keeps some information and discards some. Individual provenance labels, depth of path history, fine assembly coordinates, medium microstate, and any inactive branch-chart labels actually retained in the complete state may be lost at different stages. The map does not turn unrealized possible futures into ontic data.
              
              Here is why that matters rather than being bookkeeping. A lower-level quantity descends to a coarser level only if it is constant, within the declared tolerance, on every fiber of the projection: all detailed states mapped to one coarse state must assign it the same value. Coarse levels may also define new collective quantities, such as temperature, that have no one-particle counterpart. Asking for the "position of the electron" at the observer level is meaningful only after the observer map defines such a position or a lower-level position descends through it.
              
              For exact factorization, let $C=\Pi_{\mathrm{eff}}\circ\Pi_{\mathrm{assembly}}$ denote the retained coarse state and $R$ the selected record. A map $f$ with $R=f\circ C$ exists precisely when $C(S_1)=C(S_2)$ implies $R(S_1)=R(S_2)$. Necessity follows because a function gives equal outputs on equal inputs; sufficiency follows by defining $f(C(S))=R(S)$, which the implication makes independent of the chosen representative. For example, suppose two detailed apparatus states retain the same smooth medium description but encode different recorded bits, 0 and 1. Discarding that bit prevents the final map from recovering the record. Retaining the bit repairs this particular loss, but does not prove that every other required variable was retained. This is an illustration of map sufficiency, not a constructed dynamical solution.
              
              Approximate descriptions replace exact agreement with a declared record metric and tolerance. Their owners use residuals to quantify particular losses: provenance leakage $\epsilon_{\mathrm{prov}}$ tests dependence on discarded identity or history information; branch or record residuals $\mathcal R_{\mathcal Q}$ test the declared coarse description and its balance or record consistency; clock-composition residuals $\Delta^{\mathrm{comp}}$ compare composed clock maps with a direct map; clock-universality residuals $\epsilon_{\mathrm{univ}}$ compare responses across clock families. Each residual needs its own map, comparison, and normalization. These labels do not by themselves certify the hierarchy.
              
              #### Where projections break
              
              The foundations use several nondegeneracy floors, but they guard different mathematical obligations. A projection is intentionally many-to-one and need not be locally invertible. A causal-root chart needs an implicit-function condition; a reconstructed frame or wake center needs an identifiable inverse; a basin separator needs a regular boundary; and a clock/ruler export needs a stable forward map.
              
              | Floor | Guarded map | Failure meaning | Owner |
              |:---|:---|:---|:---|
              | $\kappa_{\mathrm{hit}}>0$ | causal-root chart | loss of the declared simple-root margin; an actual singularity requires separate diagnosis | [Master Equation](../../../../markdown/aaa/dynamics/master-equation.md#causal-time-map-and-root-topology) |
              | $\sin\theta_{\min}>0$ | ordered-tuple frame construction | collinear or ill-conditioned basis | [Constructing the Absolute Frame](../../../../markdown/aaa/foundations/constructing-the-absolute-frame.md#reconstruction-existence-lemma) |
              | positive framing-conditioning floor | framed self-linking and chirality projection | framing slip, unresolved fold contact, or suspended chirality label | [Constructing the Absolute Frame](../../../../markdown/aaa/foundations/constructing-the-absolute-frame.md#parity-convention-and-dynamical-chirality) |
              | $\omega_{\min}>0$ or $\lambda_{\min}(G_a)\ge\lambda_{\min}^{\mathrm{ctr}}>0$ | wake-center inverse | insufficient aperture or rank-deficient center fit | [Detecting the Absolute Frame](../../../../markdown/aaa/foundations/detecting-the-absolute-frame.md#detecting-absolute-rest-the-causal-wake-diagnostic) |
              | $\kappa_{\mathrm{sep}}>0$ | basin separator | unstable, riddled, or unresolved branch partition | [Emergence of Structure](../../../../markdown/aaa/foundations/emergence-of-structure.md#context-as-constraint-on-basin-selection) |
              | $\sigma_{\mathrm{cr}}>0$ | clock/ruler handoff | rank loss or locally multivalued metric export | [Absolute Time Defense](../../../../markdown/aaa/foundations/absolute-time-defense.md#absolute-time-global-foliation-and-proper-time) |
              
              Each floor prevents a named chart or inference from becoming ill-conditioned. Their failures are related by loss of regularity, not by one universal inverse-map theorem.
              
              The safe common rule is local and typed: state the map, state the rank or transversality condition it actually needs, and fail closed when that condition is lost. A generic scalar fold is codimension one, but rank-deficient matrix varieties and basin-boundary pathologies can have other codimensions. No dimension claim transfers from one row to another without a theorem for that row.
              
              #### Two distinctions that govern the rest
              
              **Primitive substance is not emergent matter.** The architrino is primitive substance. Matter begins only when assemblies acquire mass, exclusion, persistence, and organized branch behavior.
              
              **Physical reality is not independent material inventory.** Causal wakes are physically real, finite-speed, potential-bearing records. They are not an extra material ingredient floating in the void; their content is fixed entirely by transmitter identity, polarity, and path history.
              
              A conservative entry criterion for emergent matter status therefore has two parts. A stable assembly $A$ must carry a nonzero closed internal energy ledger $E_{\text{internal}}(A) > 0$ as defined in [Energy](../../../../markdown/aaa/dynamics/energy.md), and it must carry an exclusion record — the property that makes two of them unable to occupy the same place — protected by retained configuration topology together with a barrier that preserves the branch.
              
              The second part is the harder one, and the reason is geometric. As [Euclidean Void](../../../../markdown/aaa/foundations/euclidean-void.md) establishes, the container $\mathbb{R}^3$ is contractible and supplies no nontrivial topology by itself. Collision-excluded multi-assembly configuration spaces can nevertheless carry nontrivial loop classes. The protecting structure must therefore be realized and retained by the assembly dynamics: an exclusion envelope, ordered-frame, framed-linking, or causal-writhe record, together with a nonzero barrier $\Delta E_{\mathrm{excl}}>0$ against leaving the protected branch. This is an entry criterion for the mass-map and exclusion programs, not a completed derivation of particle masses or spin-statistics.
              
              ### The Substrate
              
              The substrate is what $\mathbb{A}\mathbb{A}\mathbb{A}$ treats as fundamental. It is not necessarily what a local observer sees. It is the underlying stage and primitive inventory from which observer-level physics has to be reconstructed.
              
              #### Absolute Time
              
              [Absolute Time](../../../../markdown/aaa/foundations/absolute-time.md) owns the universal time parameter $T$. Time is a one-dimensional, continuous, oriented, non-dynamical continuum $\mathbb{R}$, with absolute ordering of events, no time dilation at the substrate level, no relativity of simultaneity, and no freedom to reparametrize beyond choosing a unit and an origin. Constancy of $c_f$ and the form of the receiving law together pin $T$ down to that much freedom and no more.
              
              > **Abridged Postulate 1 (Absolute Time):** Time is an absolute, universal, one-dimensional continuum $\mathbb{R}$ with fixed orientation, a scale anchored by the constant primitive wake speed $c_f$ and the receiving law, frame-independent duration, non-dynamical status, and no substrate-level time dilation or relativity of simultaneity. Dynamics occur through finite-speed causal-wake propagation ($c_f$) in absolute time, with all interactions routed through path history rather than instantaneous action-at-a-distance or advanced effects; worldlines are parametrized directly by $T$, with no reparametrization freedom beyond unit choice and origin choice.
              
              This is emphatically not a claim that every clock reads the same rate. Clocks are assemblies, and clock slowing, synchronization offsets, and proper-time readings are things assemblies and the medium do. The postulate concerns the background parameter, not the instruments.
              
              For the argument, see [Absolute Time Defense](../../../../markdown/aaa/foundations/absolute-time-defense.md). For observer clocks, see [Proper Time and Time Dilation](../../../../markdown/aaa/spacetime/proper-time-and-time-dilation.md).
              
              #### Euclidean Void
              
              [Euclidean Void](../../../../markdown/aaa/foundations/euclidean-void.md) owns the fixed spatial container: flat, homogeneous, isotropic, non-dynamical $\mathbb{R}^3$ with metric $h_{ij}=\delta_{ij}$, fixed coordinate identity, ordinary distance, and the Euclidean symmetry group $E(3)$.
              
              > **Abridged Postulate 2 (Euclidean Void):** Space is an absolute, static, flat, homogeneous, isotropic container $\mathbb{R}^3$ with fixed Euclidean metric $h_{ij}=\delta_{ij}$. Curvature-like observations arise from contents, wakes, and dynamics inside the void, not from curvature of the void itself.
              
              This is a claim about the container and nothing else. Established observer physics successfully uses curved metric geometry; $\mathbb{A}\mathbb{A}\mathbb{A}$ must recover that description from clocks, rulers, signals, and medium response at its effective layer. The Noether sea is content within the void, never the void. See [Noether sea](../../../../markdown/aaa/spacetime/noether-sea.md), [Noether Sea Pro/Anti Coupling](../../../../markdown/aaa/spacetime/noether-sea-pro-anti-coupling.md), and [Emergent Metric](../../../../markdown/aaa/spacetime/emergent-metric.md).
              
              #### Absolute Timespace
              
              [Absolute Timespace](../../../../markdown/aaa/foundations/absolute-timespace.md) owns the background arena $\mathcal{M}=\mathbb{R}\times\mathbb{R}^3$: one time dimension multiplied by three of space, kept as separate factors. It owns the **foliation** — the slicing of that arena into stacked sheets of constant time, each one a complete snapshot of space at one instant — along with the separated clock form and spatial metric, the compatible flat product connection $(dT,h,\nabla)$, Galilean kinematics, and causal-wake geometry.
              
              > **Abridged Postulate 3 (Absolute Timespace):** The background arena is the product manifold $\mathcal{M}=\mathbb{R}\times\mathbb{R}^3$, equipped with the exact substrate clock form $dT$, Euclidean spatial metric $h_{ij}=\delta_{ij}$, and a compatible flat torsion-free product connection $\nabla$, foliated by absolute-time slices $\Sigma_T$. The background is non-dynamical and non-curved; causality is ordered by $T$ and constrained by finite wake speed $c_f$. The product background preserves Galilean kinematic structure, while the interaction law, by fixing the wake speed $c_f$ relative to the void, structurally distinguishes the void rest frame within that structure.
              
              The product notation packages a clock and a container. It deliberately does not introduce a four-dimensional metric mixing space and time as primitive ontology — the difference between a product and a genuinely woven spacetime is the difference between this theory and established relativity at the substrate level. Relativistic language enters only after medium response, clock and ruler behavior, and signal reconstruction have been derived.
              
              For the factors, see [Absolute Time](../../../../markdown/aaa/foundations/absolute-time.md) and [Euclidean Void](../../../../markdown/aaa/foundations/euclidean-void.md). For the bridge to observer geometry, see [Emergent Metric](../../../../markdown/aaa/spacetime/emergent-metric.md).
              
              ---
              
              ### The Fundamental Entity
              
              [Architrino](../../../../markdown/aaa/foundations/architrino.md) owns the primitive entity: a point transceiver in absolute timespace with definite polarity, persistent identity, continuous wake emission, universal wake reception, and neither creation nor destruction.
              
              The architrino is the sole primitive substance of the theory. That does not make an isolated one a matter particle. Rest mass, spatial exclusion, fermionic behavior, and particle species are all downstream assembly properties.
              
              The same caution governs exchange behavior. In established quantum theory, identical fermion states are antisymmetric under exchange and obey Pauli exclusion, while identical boson states are symmetric and may occupy the same one-particle state. Those exchange rules are recovery targets here, not postulates to insert. Any effective exchange label must be routed through a retained assembly closure label and the ordered-frame program. The current concrete braid instance is $\Lambda_{\mathrm{cm}}$; no separate generic taxonomy is introduced.
              
              #### The hard wall: the two-assembly exchange loop
              
              Swapping two identical objects and returning is a closed loop in the space of configurations. The question is what the theory does around that loop.
              
              The collision-excluded configuration space supplies a candidate loop. For two identical centers in $\mathbb{R}^3$ with coincidence removed, the space of unordered configurations has **fundamental group** $\mathbb{Z}_2$ — meaning there are exactly two classes of closed path, the trivial one and the exchange, and doing the exchange twice returns you to the trivial class. Laidlaw and DeWitt's [configuration-space treatment](https://doi.org/10.1103/PhysRevD.3.1375) is a primary source for the connection between these homotopy classes and bosonic or fermionic propagators.
              
              What the void does *not* supply is **superselection**: nothing about the container forces a recovered effective state to change at all when carried around that loop. A loop existing is not the same as a loop mattering.
              
              So the fermionic route must establish two separate facts about the retained dynamics. First, the dynamically retained two-assembly component must not trivialize the exchange class after the allowed quotient — the loop must survive in the configurations the theory actually keeps. Second, the recovered effective state must pick up a factor of $-1$ around it, which is the **holonomy**: what a quantity becomes after being carried around a loop and brought back.
              
              If either fails, the antisymmetric behavior of fermions has not been recovered from assembly dynamics and would have to be inserted at the effective level. Trivial holonomy is one possible failure even when the exchange loop survives; loss of the loop class under the retained quotient is another. The dynamics must determine which occurs.
              
              #### Polarity and wake
              
              The architrino's polarity is not the full observer-level charge record. Electric, weak, color, and particle labels are effective bookkeeping to be recovered from assembly geometry and medium response.
              
              The emitted wake is not another primitive substance, but it is real: the source-dependent, potential-bearing causal record through which path history becomes delayed interaction.
              
              The load-bearing claim is one of dependency. Once transmitter identity, polarity, and path history are fixed, no additional freely specifiable wake substance remains — there is nothing left to choose. The transmitter-history functional and its regularity boundary belong to [Architrino](../../../../markdown/aaa/foundations/architrino.md#point-transceiver-status); the causal-root sum, Jacobian, transversality floor, and acceleration weight belong to [Master Equation](../../../../markdown/aaa/dynamics/master-equation.md). Effective field language may summarize many wake contributions, but the substrate account remains source-provenanced wake history.
              
              > **Abridged Postulate 4 (Architrino):** The architrino is the sole primitive entity of $\mathbb{A}\mathbb{A}\mathbb{A}$: a point transceiver in absolute timespace with definite polarity, persistent identity, continuous causal-wake emission, universal wake reception, and non-creation/non-destruction at the ontological level. The set of architrino identities is fixed. Particles, effective fields, clock behavior, and emergent spacetime phenomena arise from architrino configurations, wake intersections, and assembly dynamics rather than from additional fundamental substances.
              
              For the full page, see [Architrino](../../../../markdown/aaa/foundations/architrino.md). For the receiving law, see [Master Equation](../../../../markdown/aaa/dynamics/master-equation.md). For assembly emergence, see [Emergence](../../../../markdown/aaa/foundations/emergence-of-structure.md) and [Noether Braid](../../../../markdown/aaa/noether-braid/noether-braid.md).
              
              ---
              
              ### The Physical Medium
              
              [Noether sea](../../../../markdown/aaa/spacetime/noether-sea.md) owns the medium: physical content formed by coupled neutral braid assemblies occupying the Euclidean void.
              
              This is the first step away from primitive ontology. The sea is physically real content, but its variables are medium and assembly variables rather than new container geometry.
              
              > **Medium Commitment (Noether sea):** The Noether sea is physical content inside the Euclidean void, not the void itself. It carries density, stress, energy, orientation, flow, and response properties. Effective gravity, clock and ruler behavior, signal delay and refraction, inertia, and cosmological behavior are reconstructed from Noether sea dynamics and assembly coupling, not from curvature or expansion of the void.
              
              Routing:
              
              - [Noether sea](../../../../markdown/aaa/spacetime/noether-sea.md) owns medium ontology, state variables, and terminology.
              - [Noether Sea Pro/Anti Coupling](../../../../markdown/aaa/spacetime/noether-sea-pro-anti-coupling.md) owns coupling hypotheses and medium motifs.
              - [Emergent Metric](../../../../markdown/aaa/spacetime/emergent-metric.md) owns the map from medium variables to effective metric language.
              - [Proper Time and Time Dilation](../../../../markdown/aaa/spacetime/proper-time-and-time-dilation.md) owns clock and ruler behavior.
              - [Cosmology Ontology](../../../../markdown/aaa/cosmology/cosmology-ontology.md) owns cosmological interpretation of sea evolution.
              
              ### The Observer Framework
              
              [Observer Framework](../../../../markdown/aaa/spacetime/observer-framework.md) owns the complete-state perspective $\mathbb{U}_{\text{now}}$, observers, the distinction between what is and what is known, and absolute versus operational simultaneity.
              
              The complete state $\mathbb{U}_{\text{now}}\equiv S(T)$ is indexed by an absolute-time slice $\Sigma_T$; it is not the geometric slice itself. An observer samples only a constrained record from that state, using clocks, rulers, and signals whose behavior is itself produced by assembly and medium dynamics.
              
              > **Observer Commitment:** $\mathbb{A}\mathbb{A}\mathbb{A}$ distinguishes the complete state on an absolute-time slice from the measurements available to embedded observers. Observers are assemblies inside the Noether sea, so their clocks, rulers, synchronization procedures, and records are dynamical outputs. Effective relativity and quantum state descriptions belong to this observer-accessible layer, not to the primitive substrate.
              
              There is no observer standing outside the ledger. An observer's records are themselves entries inside $S(T)$. Inference is a subsystem reconstructing a coarse description from its own accessible records — not a spectator on a balcony reading the complete state without constraint.
              
              Observer descriptions can be indispensable without being final ontology. Effective metric reconstruction, wavefunction transition, and particle records are inferential summaries of accessible interactions. They do not replace the substrate account, and they are not made false by it.
              
              #### Bell Nonlocality Placement
              
              Some background, because this section is unintelligible without it.
              
              **Bell's theorem** constrains a specific conjunction of assumptions. For settings chosen independently of a complete hidden state $\lambda$, Bell-local causality requires each outcome probability to depend only on the local setting and $\lambda$. That factorization implies Bell inequalities. Loophole-free experiments violate those inequalities, so no model satisfying the full conjunction can reproduce the observed correlations. Hensen and collaborators' [2015 experiment](https://doi.org/10.1038/nature15759), for example, reported a Bell-inequality violation while closing the principal locality and detection loopholes.
              
              $\mathbb{A}\mathbb{A}\mathbb{A}$ is deterministic, so it owes an answer. Bell-family experiments are treated here as a hard observer-level constraint on any deterministic completion. They are not treated as evidence for ontological randomness, backward causation, or faster-than-$c_f$ signalling.
              
              The complete state on a slice $\Sigma_T$ remains definite. An observer has access only to pair records, detector settings, coincidence windows, and statistics.
              
              The guardrail is strict and worth stating as an obligation rather than a reassurance. If **measurement independence** (the settings are statistically independent of $\lambda$), local factorization, and the ordinary treatment of the settings and outcomes are all retained, then the observed violations cannot be recovered. A finite propagation speed by itself does not evade the theorem. The theory must therefore state exactly which Bell assumption fails and how observer no-signalling survives. A foundation page may route that burden; it must not imply that shared provenance alone dissolves it.
              
              If $\mathbb{A}\mathbb{A}\mathbb{A}$ preserves measurement independence and no-signalling at the observer level, then the violation must come from an explicitly nonseparable substrate response — for instance a $c_f$-mediated coordination channel operating outside effective light cones while remaining unable to transmit a controllable signal.
              
              That option is a substantive claim about a hierarchy of speeds, not a free move. The coordination channel must lie outside the observer's photon cone, which requires $c_f > c_0$ once the low-energy photon speed $c_0$ is calibrated. Any stronger separation such as $c_f \gg c_0$ must then be reconciled with photon dressing, Lorentz closure for moving assemblies, and clock universality. It must also evade a known conditional obstruction: Bancal and collaborators proved that models reproducing the target correlations with hidden influences of finite speed $c_0<v<\infty$ permit operational faster-than-light signalling in suitable multipartite arrangements, under their stated causal and correlation assumptions; see [*Quantum non-locality based on finite-speed causal influences leads to superluminal signalling*](https://doi.org/10.1038/nphys2460).
              
              Concretely, the observer-level description must fail the factorizable form
              
              $$
              P(a,b\mid \hat{m}_A,\hat{m}_B,\lambda)
              =
              P(a\mid \hat{m}_A,\lambda)\,
              P(b\mid \hat{m}_B,\lambda)
              $$
              
              [View →](../../../../../equation-mapping.html#corpus-equation-7d4586f544b65b38)
              
              which says the joint probability of outcomes $a$ and $b$, conditional on settings $\hat m_A,\hat m_B$ and the complete hidden state $\lambda$, factors into local response probabilities. Reproducing Bell violation requires rejecting this factorization or another premise used to derive the tested inequality, and the chosen route must preserve the observed no-signalling marginals. If measurement independence is relaxed instead, the relaxation must be quantified, and the text must not simultaneously claim exact measurement independence.
              
              The chapter keeps two clean routes separate for accounting. A hybrid is logically possible, but it must declare both departures and cannot use one to obscure the other:
              
              - **Substrate nonseparability:** retain strict measurement independence and no-signalling; the violation is carried by nonfactorizable pair provenance and apparatus-response coupling.
              - **Controlled relaxation of measurement independence:** relax it in declared substrate response variables, bounded to prevent macroscopic backward causation or signalling.
              
              Working selection, provisional until the Bell derivation closes: $\mathbb{A}\mathbb{A}\mathbb{A}$ takes the substrate-nonseparability route. Measurement independence and observer no-signalling are retained, and nonfactorizability is carried by a live $c_f$-mediated coordination channel gated by pair provenance. Controlled relaxation remains a comparison route, not the active selection.
              
              A shared-source story on its own is not enough, and this is the trap the route must avoid. If retained provenance screens the two wings into independent local laws, the account has simply fallen back into the Bell-local class and reproduces nothing. Any shared record — a framed pair-braid, a linking invariant — is part of $\lambda$; if each wing's response is a local function of its own setting and that record, factorization returns and the correlation stays inside the bound.
              
              So the route assigns two distinct roles: pair provenance *gates* the proposed live channel, and the channel would have to *carry* the nonfactorizability. During the measurement window the coupled response must fail the product form while each single-wing marginal stays independent of the far setting. A candidate coordination route outside the effective photon cone requires $c_f>c_0$; it is not thereby established, and it must still survive the finite-speed obstruction. Influence faster than $c_f$, and any controllable observer signalling, remain forbidden by the proposed route.
              
              The finite-speed obstruction therefore remains a substantive proof burden. Measurable degradation toward the Bell-local bound when the $c_f$ channel cannot span the wings is a candidate prediction, but it does not by itself resolve that obstruction. The Bancal argument already allows disconnected parties to become local; it tests whether this fallback can coexist with the required connected marginals and observer no-signalling in a multipartite experiment, involving more than two parties. A proposed response must supply one consistent multipartite probability law and identify which premise of the obstruction it changes, with the resulting observable consequences. Degradation and a premise audit are complementary requirements for that proposal, rather than sufficient alternatives. Detail belongs to [Bell's Theorem](../../../../markdown/aaa/philosophy-history/theory-bridges/bell-theorem.md) and [Entanglement and Nonlocality](../../../../markdown/aaa/philosophy-history/theory-bridges/entanglement-nonlocality.md).
              
              Routing:
              
              - [Observer Framework](../../../../markdown/aaa/spacetime/observer-framework.md) owns complete-state versus observer access.
              - [Proper Time and Time Dilation](../../../../markdown/aaa/spacetime/proper-time-and-time-dilation.md) owns observer clocks and $t\mapsto\tau$ extraction.
              - [Lorentz Kinematics](../../../../markdown/aaa/spacetime/lorentz-kinematics.md) owns moving-assembly deformation, clock and ruler retuning, two-way synchronization, and preferred-frame leakage bounds.
              - [Emergent Metric](../../../../markdown/aaa/spacetime/emergent-metric.md) owns metric reconstruction.
              - [Wavefunction Ontology](../../../../markdown/aaa/quantum/wavefunction-ontology.md) and [Measurement Ontology](../../../../markdown/aaa/quantum/measurement-ontology.md) own quantum-state and measurement descriptions.
              - [Bell's Theorem](../../../../markdown/aaa/philosophy-history/theory-bridges/bell-theorem.md) and [Entanglement and Nonlocality](../../../../markdown/aaa/philosophy-history/theory-bridges/entanglement-nonlocality.md) own correlation recovery, no-signalling, measurement independence, pair-provenance closure tests, and the finite-speed-influence obstruction.
              
              ### Terminology Discipline
              
              Terminology is controlled by the style and terminology canon, not by this hub:
              
              - [Terminology Usage](../../../../markdown/aaa/archie/terminology-usage.md) for level-aware usage rules.
              - [Comparative Glossary](../../../../markdown/aaa/archie/comparative-glossary.md) for translation between established frameworks and $\mathbb{A}\mathbb{A}\mathbb{A}$.
              - [Mathematics Terminology](../../../../markdown/aaa/archie/mathematics-terminology.md) for formal notation.
              - [Academic Style Guide](../../../../markdown/aaa/archie/academic-style-guide.md) for prose discipline.
              
              This hub keeps only the global rule:
              
              > Use substrate-native terms for substrate ontology, medium terms for Noether sea contents, and effective or observer terms for emergent descriptions. Do not let `spacetime`, `field`, `charge`, `vacuum`, or `particle` silently cross levels without saying which level is meant.
              
              ### Parameter Ledger
              
              Numerical accounting lives in [Parameter Ledger](../../../../markdown/aaa/validation/parameter-ledger.md). This hub owns no tables of inputs, closure targets, naturalness tests, or regulators.
              
              The ontology-level distinction is an assignment of level, not a numerical claim:
              
              - Substrate commitments belong to [Absolute Time](../../../../markdown/aaa/foundations/absolute-time.md), [Euclidean Void](../../../../markdown/aaa/foundations/euclidean-void.md), [Absolute Timespace](../../../../markdown/aaa/foundations/absolute-timespace.md), and [Architrino](../../../../markdown/aaa/foundations/architrino.md).
              - Acceleration-law parameters and regulators belong to [Master Equation](../../../../markdown/aaa/dynamics/master-equation.md) and the validation ledger.
              - Assembly radii, shielding factors, metric coefficients, and observer-level constants are closure targets, not primitive ontology.
              
              For current status, see [Parameter Ledger](../../../../markdown/aaa/validation/parameter-ledger.md) and [Known Tensions](../../../../markdown/aaa/validation/known-tensions.md).
              
              ### Open Questions and Validation Routing
              
              Open questions and closure burdens belong in [Known Tensions](../../../../markdown/aaa/validation/known-tensions.md), [Closure Scorecard](../../../../markdown/aaa/validation/closure-scorecard.md), and the relevant branch chapters. This hub keeps only stable commitments.
              
              - [Known Tensions](../../../../markdown/aaa/validation/known-tensions.md) for unresolved closure burdens.
              - [Parameter Ledger](../../../../markdown/aaa/validation/parameter-ledger.md) for open symbols and closure targets.
              - [Wavefunction Ontology](../../../../markdown/aaa/quantum/wavefunction-ontology.md) and [Measurement Ontology](../../../../markdown/aaa/quantum/measurement-ontology.md) for quantum-ontology status.
              - [Cosmology Ontology](../../../../markdown/aaa/cosmology/cosmology-ontology.md) for universe-history framing.
              
              ---
              
              ### Summary
              
              Six commitments:
              
              1. **Substrate:** absolute time and the Euclidean void form the fixed, non-dynamical product background called absolute timespace.
              2. **Primitive entity:** the architrino is the fixed-identity point transceiver with polarity and persistent identity.
              3. **Causal record:** wakes are real, source-provenanced path-history records, not extra substances in the void.
              4. **Medium:** the Noether sea is emergent physical content formed by coupled neutral braid assemblies inside the void.
              5. **Observer framework:** complete-state bookkeeping is distinct from what an observer can reach.
              6. **Routing discipline:** terminology, parameters, closure burdens, and open validation questions belong to their owning chapters once a topic moves beyond ontology.
              
              Everything downstream builds on these. This hub deliberately points outward the moment a topic becomes dynamics, assembly structure, clock extraction, terminology, parameter closure, or validation pressure.
              
            selectionSha256: 'b470ef72cef4704bc2f591b73e698b7ad6ca5dd1ae9870a20251152307e1c370'
          2:
            sourceId: 'source.ontology-purpose'
            contentType: 'markdown'
            content: |-
              ## Purpose and Scope
              
              This document establishes what fundamentally exists in $\mathbb{A}\mathbb{A}\mathbb{A}$, what is emergent, and what observers reconstruct from inside the system.
              
              It defines six foundation routes:
              
              1. **The Substrate**: [absolute time](./absolute-time.md), [Euclidean void](./euclidean-void.md), and [absolute timespace](./absolute-timespace.md).
              2. **The Fundamental Entity**: the [architrino](./architrino.md), a point entity that continuously emits an expanding record of its own motion and receives the causal-root contributions that reach it.
              3. **The Physical Medium**: the [Noether sea](../spacetime/noether-sea.md), content filling the void, built from coupled neutral assemblies.
              4. **The Observer Framework**: [complete state versus what an observer can reach](../spacetime/observer-framework.md).
              5. **Terminology Discipline**: [level-aware vocabulary](../archie/terminology-usage.md).
              6. **Parameter Ledger**: [which numbers are postulated and which are derived](../validation/parameter-ledger.md).
              
              The nine foundation chapters have distinct ownership:
              
              | Chapter | Document role |
              |:---|:---|
              | [Ontology](./ontology.md) | Hub for layer assignments, postulate ownership, and navigation. |
              | [Absolute Time](./absolute-time.md) | Canonical owner of Postulate 1, temporal ordering, affine normalization, and delayed-only support. |
              | [Euclidean Void](./euclidean-void.md) | Canonical owner of Postulate 2, the fixed spatial metric, and container symmetries. |
              | [Absolute Timespace](./absolute-timespace.md) | Canonical owner of Postulate 3, the product foliation, causal-wake geometry, and the observer-metric handoff boundary. |
              | [Architrino](./architrino.md) | Canonical owner of Postulate 4, primitive identity, polarity, provenance, and point-transceiver status. |
              | [Emergence of Structure](./emergence-of-structure.md) | Owner of the bottom-up assembly ladder, context-to-branch selection, and emergence claim discipline. |
              | [Absolute Time Defense](./absolute-time-defense.md) | Argumentative and falsifiability companion for clock, ruler, and preferred-frame recovery. |
              | [Detecting the Absolute Frame](./detecting-the-absolute-frame.md) | Owner of the complete-state rest diagnostic and tagged-wake center reconstruction. |
              | [Constructing the Absolute Frame](./constructing-the-absolute-frame.md) | Owner of coordinate-frame reconstruction from nondegenerate complete-state data. |
              
              The textbook sequence continues from this chapter to Architrino, Absolute Time, Euclidean Void, Absolute Timespace, Absolute Time Defense, Detecting the Absolute Frame, Constructing the Absolute Frame, and Emergence of Structure. It introduces the primitive entity and substrate before examining preferred-frame arguments, reconstruction, and assembly formation. The ownership links above also support returning directly to a particular definition.
              
              ### Canonical Postulate Ownership
              
              The Summary Postulate in each owning chapter is the single canonical wording. The shorter blocks in this hub are abridged routing statements, not competing formulations.
              
              | Postulate | Canonical owner |
              |:---|:---|
              | Postulate 1: Absolute Time | [Absolute Time](./absolute-time.md#summary-postulate) |
              | Postulate 2: Euclidean Void | [Euclidean Void](./euclidean-void.md#summary-postulate) |
              | Postulate 3: Absolute Timespace | [Absolute Timespace](./absolute-timespace.md#summary-postulate) |
              | Postulate 4: Architrino | [Architrino](./architrino.md#summary-postulate) |
              
              The purpose is not to make later results true by definition. It is to keep the starting inventory clean. Dynamics, assembly mappings, particle families, effective spacetime, and cosmology all rest on these foundations, so a wrong level assignment here propagates into everything.
              
              ### Four levels
              
              | Level | Plain meaning | Typical examples |
              |:---|:---|:---|
              | Substrate ontology | What exists before any observer reconstruction. | Absolute time, Euclidean void, architrino identities, polarity, causal-wake support. |
              | Assembly and medium behavior | What organized groups of architrinos do. | Noether braids, stable branches, sea density, stress, flow, response. |
              | Effective description | What observers can summarize as familiar physics. | Metric, field, particle, mass, charge, clock, ruler, potential. |
              | Observer inference | What an embedded observer can actually record. | Detector records, clock readings, coincidence windows, spectra, quantum states. |
              
              This ontology also has an honest boundary. It states the internal bedrock of $\mathbb{A}\mathbb{A}\mathbb{A}$. It does not claim to explain *why* absolute time, the Euclidean void, the set of architrinos, the wake speed $c_f$, or the coupling $\kappa$ exist rather than not. Those remain primitive postulates unless some separate account is supplied.
              
              That distinction is worth holding onto. Deriving particles, fields, clock behavior, and effective spacetime from architrino dynamics is one kind of explanation. Explaining why the substrate exists at all is a different kind of claim, and this theory does not make it.
              
              The same discipline reads through the canonical symbol map:
              
              | Level | Canonical variables or records | Owning chapters |
              |:---|:---|:---|
              | Substrate ontology | absolute time $T$, its simultaneous spatial slice $\Sigma_T$, Euclidean spatial metric $h_{ij}$, architrino position $\mathbf X_a(T)$, polarity $q_a$, and causal-wake support | [Absolute Time](./absolute-time.md), [Euclidean Void](./euclidean-void.md), [Absolute Timespace](./absolute-timespace.md), [Architrino](./architrino.md) |
              | Assembly and medium behavior | assembly closure labels, including the configuration label $\Lambda_{\mathrm{cm}}$ for the coincident-midpoint three-binary chart; Noether braid number density $\rho_{\text{NS}}(\mathbf X,T)$, sea stress $\Sigma_{\text{sea}}(\mathbf X,T)$, and sea flow velocity $\mathbf u_{\text{sea}}(\mathbf X,T)$ | [Noether Braid](../noether-braid/noether-braid.md), [Coincident-Midpoint Orthogonal-Axis Braid Dynamics](../noether-braid/zero-axial-offset-three-binary-dynamics-and-interpretation.md#zero-axial-offset-three-binary-dynamics-and-interpretation), [Noether sea](../spacetime/noether-sea.md) |
              | Effective description | clock-rate response $A(\mathcal{N}_{\mathrm{sea}})$ and spatial ruler response $B_{ij}(\mathcal{N}_{\mathrm{sea}})$ to the retained sea state $\mathcal{N}_{\mathrm{sea}}$; effective drift $u^i_{\mathrm{sea,eff}}$, metric $g^{\text{eff}}_{\mu\nu}$, and clock-channel constitutive potential $\Phi_{\text{eff}}$ | [Emergent Metric](../spacetime/emergent-metric.md), [Proper Time and Time Dilation](../spacetime/proper-time-and-time-dilation.md), [Particle Masses](../assemblies/particle-masses.md) |
              | Observer inference | projection $\Pi_{\mathrm{obs}}:S(T)\to\bar S(T)$ from complete state to accessible record; $\Theta_A^{(O,W)}$, the record of channel $A$ for observer $O$ over window $W$, including readout, apparatus response, calibration, nuisance model, and accessible boundary histories | [Observer Framework](../spacetime/observer-framework.md), [Wavefunction Ontology](../quantum/wavefunction-ontology.md), [Measurement Ontology](../quantum/measurement-ontology.md) |
              
              ### The tower of forgetting
              
              A proposed hierarchy connects the four levels by maps that discard information. For a selected family of records, the following composition is valid only when each intermediate description retains enough information to determine the next output:
              
              $$
              S(T)
              \xrightarrow{\Pi_{\mathrm{assembly}}}
              \mathfrak B(T)
              \xrightarrow{\Pi_{\mathrm{eff}}}
              \big(A,B_{ij},g^{\mathrm{eff}},\Phi_{\mathrm{eff}}\big)
              \xrightarrow{\Pi_{\mathrm{record}}}
              \bar S(T).
              $$
              
              [View →](../../../../equation-mapping.html#corpus-equation-32735fe8bdc4051a)
              
              Read it left to right as a sequence of deliberate losses. $S(T)$ is the complete state: every architrino, every identity, every path history. The first arrow keeps only what assemblies and branches are present, giving $\mathfrak B(T)$. The second keeps only the smooth effective quantities. The third keeps only what a detector actually records, giving $\bar S(T)$.
              
              The identity $\Pi_{\mathrm{obs}}=\Pi_{\mathrm{record}}\circ\Pi_{\mathrm{eff}}\circ\Pi_{\mathrm{assembly}}$ is therefore a conditional factorization of the single-step projection in [Architrino](./architrino.md#provenance-and-persistence). The displayed smooth tuple alone has not been shown to determine every detector record. A proposed factorization must specify its observable family, apparatus settings, calibration, retained history, and boundary data, as in the [Observer Framework](../spacetime/observer-framework.md). These data must either be retained by the intermediate description or fixed as declared conditions of the map.
              
              Each arrow keeps some information and discards some. Individual provenance labels, depth of path history, fine assembly coordinates, medium microstate, and any inactive branch-chart labels actually retained in the complete state may be lost at different stages. The map does not turn unrealized possible futures into ontic data.
              
              Here is why that matters rather than being bookkeeping. A lower-level quantity descends to a coarser level only if it is constant, within the declared tolerance, on every fiber of the projection: all detailed states mapped to one coarse state must assign it the same value. Coarse levels may also define new collective quantities, such as temperature, that have no one-particle counterpart. Asking for the "position of the electron" at the observer level is meaningful only after the observer map defines such a position or a lower-level position descends through it.
              
              For exact factorization, let $C=\Pi_{\mathrm{eff}}\circ\Pi_{\mathrm{assembly}}$ denote the retained coarse state and $R$ the selected record. A map $f$ with $R=f\circ C$ exists precisely when $C(S_1)=C(S_2)$ implies $R(S_1)=R(S_2)$. Necessity follows because a function gives equal outputs on equal inputs; sufficiency follows by defining $f(C(S))=R(S)$, which the implication makes independent of the chosen representative. For example, suppose two detailed apparatus states retain the same smooth medium description but encode different recorded bits, 0 and 1. Discarding that bit prevents the final map from recovering the record. Retaining the bit repairs this particular loss, but does not prove that every other required variable was retained. This is an illustration of map sufficiency, not a constructed dynamical solution.
              
              Approximate descriptions replace exact agreement with a declared record metric and tolerance. Their owners use residuals to quantify particular losses: provenance leakage $\epsilon_{\mathrm{prov}}$ tests dependence on discarded identity or history information; branch or record residuals $\mathcal R_{\mathcal Q}$ test the declared coarse description and its balance or record consistency; clock-composition residuals $\Delta^{\mathrm{comp}}$ compare composed clock maps with a direct map; clock-universality residuals $\epsilon_{\mathrm{univ}}$ compare responses across clock families. Each residual needs its own map, comparison, and normalization. These labels do not by themselves certify the hierarchy.
              
              ### Where projections break
              
              The foundations use several nondegeneracy floors, but they guard different mathematical obligations. A projection is intentionally many-to-one and need not be locally invertible. A causal-root chart needs an implicit-function condition; a reconstructed frame or wake center needs an identifiable inverse; a basin separator needs a regular boundary; and a clock/ruler export needs a stable forward map.
              
              | Floor | Guarded map | Failure meaning | Owner |
              |:---|:---|:---|:---|
              | $\kappa_{\mathrm{hit}}>0$ | causal-root chart | loss of the declared simple-root margin; an actual singularity requires separate diagnosis | [Master Equation](../dynamics/master-equation.md#causal-time-map-and-root-topology) |
              | $\sin\theta_{\min}>0$ | ordered-tuple frame construction | collinear or ill-conditioned basis | [Constructing the Absolute Frame](./constructing-the-absolute-frame.md#reconstruction-existence-lemma) |
              | positive framing-conditioning floor | framed self-linking and chirality projection | framing slip, unresolved fold contact, or suspended chirality label | [Constructing the Absolute Frame](./constructing-the-absolute-frame.md#parity-convention-and-dynamical-chirality) |
              | $\omega_{\min}>0$ or $\lambda_{\min}(G_a)\ge\lambda_{\min}^{\mathrm{ctr}}>0$ | wake-center inverse | insufficient aperture or rank-deficient center fit | [Detecting the Absolute Frame](./detecting-the-absolute-frame.md#detecting-absolute-rest-the-causal-wake-diagnostic) |
              | $\kappa_{\mathrm{sep}}>0$ | basin separator | unstable, riddled, or unresolved branch partition | [Emergence of Structure](./emergence-of-structure.md#context-as-constraint-on-basin-selection) |
              | $\sigma_{\mathrm{cr}}>0$ | clock/ruler handoff | rank loss or locally multivalued metric export | [Absolute Time Defense](./absolute-time-defense.md#absolute-time-global-foliation-and-proper-time) |
              
              Each floor prevents a named chart or inference from becoming ill-conditioned. Their failures are related by loss of regularity, not by one universal inverse-map theorem.
              
              The safe common rule is local and typed: state the map, state the rank or transversality condition it actually needs, and fail closed when that condition is lost. A generic scalar fold is codimension one, but rank-deficient matrix varieties and basin-boundary pathologies can have other codimensions. No dimension claim transfers from one row to another without a theorem for that row.
              
              ### Two distinctions that govern the rest
              
              **Primitive substance is not emergent matter.** The architrino is primitive substance. Matter begins only when assemblies acquire mass, exclusion, persistence, and organized branch behavior.
              
              **Physical reality is not independent material inventory.** Causal wakes are physically real, finite-speed, potential-bearing records. They are not an extra material ingredient floating in the void; their content is fixed entirely by transmitter identity, polarity, and path history.
              
              A conservative entry criterion for emergent matter status therefore has two parts. A stable assembly $A$ must carry a nonzero closed internal energy ledger $E_{\text{internal}}(A) > 0$ as defined in [Energy](../dynamics/energy.md), and it must carry an exclusion record — the property that makes two of them unable to occupy the same place — protected by retained configuration topology together with a barrier that preserves the branch.
              
              The second part is the harder one, and the reason is geometric. As [Euclidean Void](./euclidean-void.md) establishes, the container $\mathbb{R}^3$ is contractible and supplies no nontrivial topology by itself. Collision-excluded multi-assembly configuration spaces can nevertheless carry nontrivial loop classes. The protecting structure must therefore be realized and retained by the assembly dynamics: an exclusion envelope, ordered-frame, framed-linking, or causal-writhe record, together with a nonzero barrier $\Delta E_{\mathrm{excl}}>0$ against leaving the protected branch. This is an entry criterion for the mass-map and exclusion programs, not a completed derivation of particle masses or spin-statistics.
              
            selectionSha256: '0a579ec686a8f7384f300af07c1b399f089a38002b4c22a9b162af18187736be'
          3:
            sourceId: 'source.priority-mcp-contract'
            contentType: 'markdown'
            content: |-
              # Source Index Snapshot V1
              
              ## Status
              
              - Kind: `priority-contract`
              - Claim level: `priority-only`
              - Status: `fixture-regression-and-local-full-corpus-passing`
              - Parent tracker: [Architrino MCP](priorities.md)
              
              ## Purpose
              
              `archie-source-index-snapshot/v1` is the executable contract for the immutable data bundle consumed by the local MCP adapters.
              
              The six-source fixture remains the small negative and regression surface. The mechanically enumerated local implementation is recorded in [Full-Corpus Local MCP V1](full-corpus-local-v1.md). Neither artifact creates a public MCP endpoint or claims an accepted-`main` publication.
              
              ## Implemented Artifacts
              
              | Artifact | Role |
              | --- | --- |
              | [Archie service schema](../../../../../src/archie-service/contracts/v1/schema.json) | Defines the build-input, snapshot, search-view, graph-view, metadata-view, and negative-suite shapes. |
              | [Snapshot implementation](../../../../../src/archie-service/source-index/snapshot-v1.mjs) | Builds canonical views, computes hashes, enforces authority rules, and validates snapshots. |
              | [Build input fixture](../../../../../tests/archie-service/fixtures/source-index/source-index-build-input.v1.json) | Declares six representative source records, two explicit graph edges, one equation, one figure, and the live generated-artifact inputs. |
              | [Generated snapshot fixture](../../../../../tests/archie-service/fixtures/source-index/source-index-snapshot.v1.json) | Stores the expected normalized snapshot and its hashes. |
              | [Negative suite](../../../../../tests/archie-service/fixtures/source-index/source-index-negative-suite.v1.json) | Declares failures for missing paths, duplicate ids, invalid parents, authority inflation, visibility leakage, false metadata provenance, and stale hashes. |
              | [Builder and checker](../../../../../scripts/archie-service/build-source-index.mjs) | Writes the review fixture in `--write` mode and performs deterministic, provenance, authority, route, and negative checks in `--check` mode. |
              | [Focused tests](../../../../../tests/archie-service-source-index-snapshot.test.js) | Rebuilds the fixture, tests input-order invariance, and confirms tampering and priority-authority inflation are rejected. |
              | [Full-corpus enumerator](../../../../../src/archie-service/source-index/full-corpus-v1.mjs) | Discovers declared authored documents and sections, eligible reading copies and scenes, exact metadata, typed structural edges, and local source-state provenance. |
              | [Full-corpus builder](../../../../../scripts/archie-service/build-full-corpus-source-index.mjs) | Atomically writes or check-only verifies the complete local snapshot. |
              | [Full-corpus snapshot](../../../../../content/generated/source-index/local-full-corpus-snapshot.v1.json) | Supplies the exact-content, search, graph, and metadata views used by the full-corpus launcher. |
              | [Full-corpus focused tests](../../../../../tests/archie-service-full-corpus-source-index.test.js) | Independently checks declared-document coverage, extraction, parents, visibility, determinism, Unicode continuation, and tamper rejection. |
              
              ## Snapshot Contents
              
              One snapshot contains:
              
              1. snapshot and view schema versions;
              2. the declared repository ref;
              3. the SHA-256 hashing rule and `canonical-json-v1` normalization rule;
              4. live generated-artifact routes and their digests;
              5. source-record counts by controlled source class;
              6. visibility-policy version, freshness, and rollback parent;
              7. per-source file and selected-section hashes;
              8. a deterministic exact-content view for snapshot-only reads;
              9. a deterministic search view;
              10. a typed graph view;
              11. an equation-and-figure metadata view;
              12. per-view hashes and one enclosing snapshot hash.
              
              Build time is deliberately excluded from the hashed payload. A changing timestamp would make identical inputs produce different fingerprints.
              
              ## Hash Boundaries
              
              The contract uses SHA-256 as a change detector.
              
              | Hash | Covers | Failure meaning |
              | --- | --- | --- |
              | `sourceContentSha256` | Raw bytes of one source file. | The source file changed or the recorded digest is false. |
              | `selectionSha256` | The exact selected Markdown section or full source record. | The indexed section changed even if its route did not. |
              | Content-view `sha256` | Exact selected content, type, source id, and selection hash for every source. | Readable snapshot content changed or detached from source provenance. |
              | `assetSha256` | The exact figure asset bytes. | The figure changed or the metadata points to the wrong asset. |
              | Generated-artifact digest | One generated file, or a sorted path-plus-hash manifest for a directory. | A graph, Markdown index, reading copy, or table-of-contents input changed. |
              | View `sha256` | The canonical exact-content, search, graph, or metadata view without its own hash field. | That view was altered or normalized differently. |
              | `snapshotSha256` | The complete canonical snapshot without its own hash field. | Any protected snapshot field or child view changed. |
              
              The fixture proves order invariance by reversing the declared source, graph-edge, and metadata arrays and requiring the same final snapshot hash.
              
              ## Provenance Contract
              
              Each searchable source record carries:
              
              - stable source id;
              - title and route;
              - physical source path and optional section anchor through `sourceInputs`;
              - source class;
              - authority status;
              - visibility;
              - canonical parent where required;
              - strongest allowed claim label;
              - source-file and selection hashes.
              
              Equation metadata is admitted only when the exact TeX occurs in its selected source. Figure metadata is admitted only when the selected Markdown source actually references the declared asset. Extraction does not validate the mathematics or turn the figure into proof.
              
              Graph edges and metadata records inherit retrieval visibility from their `evidenceSourceId` or `sourceId`. A future MCP tool must apply that source-record visibility before returning either record; the relationship or metadata payload cannot make itself public independently.
              
              ## Visibility And Authority Matrix
              
              | Source class | Allowed authority | Allowed visibility | Parent rule |
              | --- | --- | --- | --- |
              | `published_corpus` | `primary` | `public` | No parent required. |
              | `generated_reading_copy` | `routing_only` | `public` | Must name a `published_corpus` parent. |
              | `scene_route` | `routing_only` | `public` | Must name a `published_corpus` parent. |
              | `app_guide` | `diagnostic` | `public` | No parent required for app behavior. |
              | `archie_reference` | `primary` or `diagnostic` | `public` | No parent required under the current source policy. |
              | `priority_material` | `priority_only` or `excluded` | `development_status`, `operator_developer`, or `excluded` | It cannot become ordinary public corpus authority. |
              | `external_prior_physics` | `comparison_only` or `excluded` | `external_curated` or `excluded` | It cannot become native theory authority. |
              
              The matrix is enforced while building and while reading the completed snapshot. Generated routing layers therefore cannot elevate themselves by copying authoritative prose.
              
              ## Verification Fixtures Required for Advancement
              
              The negative suite must reject:
              
              1. a source path that does not exist;
              2. duplicate source ids;
              3. a missing canonical parent;
              4. a scene route parent that is not published corpus;
              5. priority material marked `primary`;
              6. priority material marked `public`;
              7. equation TeX absent from its source section;
              8. a figure asset not referenced by its source section;
              9. an old source hash attached to current source bytes;
              10. an altered search-view hash.
              
              These are test fixtures for the stated contract. They do not independently prove every future full-corpus ingestion path; production expansion must preserve the same gates while adding source families and record volume.
              
              ## Upstream Freshness Gate
              
              The snapshot builder hashes the generated artifacts it receives; it does not replace their owning generators or prove that they are current relative to canonical sources. The ordered pipeline must run `node scripts/check-content-integrity.mjs` before building or publishing a source-index snapshot.
              
              If that upstream check reports generated drift, the snapshot is not publishable even when its own hashes are internally consistent. After the owning generator is explicitly run and its check passes, the source-index snapshot will correctly report digest drift until its expected artifact is regenerated and rechecked.
              
              ## Commands
              
              Check without writing:
              
              ```bash
              node scripts/archie-service/build-source-index.mjs --check
              node --test tests/archie-service-source-index-snapshot.test.js
              node scripts/check-content-integrity.mjs
              ```
              
              Regenerate the expected fixture after an explicitly accepted source or contract change:
              
              ```bash
              node scripts/archie-service/build-source-index.mjs --write
              node scripts/archie-service/build-source-index.mjs --check
              ```
              
              ## Acceptance Falsifiers
              
              The V1 contract is not accepted if any of these observations occurs:
              
              - identical declared inputs produce different snapshot hashes;
              - reordering input records changes the snapshot hash;
              - a source or asset changes while its recorded hash still passes;
              - priority material enters the public set or gains primary authority;
              - a generated route lacks a published canonical parent but still builds;
              - an equation or figure is indexed without source evidence;
              - `--check` modifies any file;
              - schema validation or the focused negative suite fails.
              
              ## Remaining Boundary
              
              The local full-corpus snapshot now supplies [MCP Tool Contract V1](mcp-tool-contract-v1.md). Publication from accepted `main`, atomic remote artifact storage, rollback history, and deployment freshness remain outside this local contract.
              
            selectionSha256: 'c9145f55abe5226e374edae0ec9eac5ff8e3c2df953b8de7966dd0b79b4c8bf8'
          4:
            sourceId: 'source.scene-ontology'
            contentType: 'json'
            content: |-
              {
                "schemaVersion": "0.1",
                "scene": {
                  "id": "foundations__foundational_ontology",
                  "title": "Ontology",
                  "type": "Scene-Markdown-View",
                  "units": "relative",
                  "wrapLabels": true,
                  "layout": {
                    "type": "static"
                  },
                  "source": {
                    "type": "markdown",
                    "path": "content/markdown/aaa/foundations/ontology.md"
                  },
                  "view": {
                    "columns": 1,
                    "autoOpen": true
                  }
                },
                "objects": []
              }
              
            selectionSha256: '34a61a3cc2c43c1798726a3613d8e590edd32dcd5f7ca4572d45d18e88d36c5b'
          5:
            sourceId: 'source.system-card'
            contentType: 'markdown'
            content: |-
              ## Understanding the Evidence
              
              An explanation may use $\mathbb{A}\mathbb{A}\mathbb{A}$ as its working framework without implying that every recovery claim is established. Definitions, derivations, numerical results, and open hypotheses have different evidential roles. A visualization illustrates geometry or a declared calculation; it does not by itself demonstrate physical stability or agreement with experiment.
              
              The following references explain those distinctions:
              
              - [Closure Scorecard](../validation/closure-scorecard.md): the dated assessment of mathematical and geometrical development under a declared rubric.
              - [Failure Criteria](../validation/failure-criteria.md): observations or mathematical failures that would invalidate particular claims.
              - [Validation Protocols](../validation/validation-protocols.md): methods for checking derivations, simulations, and empirical comparisons.
              - [Known Tensions](../validation/known-tensions.md): unresolved questions that constrain interpretation.
              - [No-Go Theorems](../validation/no-go-theorems.md): mathematical exclusions and their assumptions.
              - [Parameter Ledger](../validation/parameter-ledger.md): the distinction between specified parameters, measured inputs, and quantities still requiring derivation.
              
            selectionSha256: 'f4a6053cea9882d193ffda624790555f850cfe7b9a081597b89cf2ae6c21e16b'
        sha256: '87f69fea572dbc676740004b2f80a54e305f61f3803a1b9f23901467e0dee982'
      search:
        schema: 'archie-source-search-view/v1'
        records:
          0:
            sourceId: 'source.app-guide'
            title: 'Open Architrino'
            route: 'content/markdown/aaa/archie/about-the-webapp.md#open-architrino'
            sectionAnchor: 'open-architrino'
            sourceClass: 'app_guide'
            authorityStatus: 'diagnostic'
            visibility: 'public'
            canonicalParent: ~
            claimLabelFloor: 'app diagnostic'
            aliases:
              0: 'webapp guide'
            keywords:
              0: 'application'
              1: 'navigation'
              2: 'webapp'
            sourceContentSha256: '794c711f2c200544ea2d70634fa49fd03d05fc771cab46be812f041b54dc21ec'
            selectionSha256: '8e21372bd10a216ed5ba3dc4a63ac253e795f0e9fd4d9304cdde8d4f70b5eaa1'
            searchText: 'Open Architrino webapp guide application navigation webapp Open Architrino Architrino logo and QR code for architrino.com Scan the QR code to open architrino.com.'
            publicEligible: true
          1:
            sourceId: 'source.generated-foundations-ontology'
            title: 'Generated Foundations Reading Copy: Ontology'
            route: 'document-sphere:content/markdown/aaa/foundations/ontology.md'
            sectionAnchor: 'ontology'
            sourceClass: 'generated_reading_copy'
            authorityStatus: 'routing_only'
            visibility: 'public'
            canonicalParent: 'source.ontology-purpose'
            claimLabelFloor: 'unsupported'
            aliases:
              0: 'foundations reading copy'
            keywords:
              0: 'generated'
              1: 'ontology'
              2: 'reading copy'
            sourceContentSha256: '07ed1dc63a1b9d71f96a64ac0029b57c5bd307391feff049d2ddc01867736496'
            selectionSha256: 'b470ef72cef4704bc2f591b73e698b7ad6ca5dd1ae9870a20251152307e1c370'
            searchText: 'Generated Foundations Reading Copy: Ontology foundations reading copy generated reading copy ontology Ontology Ontology is the study of what exists. Not what we can measure, not what our equations track, but what is actually there before anyone names it, observes it, or compresses it into a model. That distinction sounds abstract and is intensely practical. Physics routinely uses quantities that work beautifully without anyone claiming they are fundamental — temperature is real and useful, yet no single molecule has one. Confusing "this description works" with "this is what e'
            publicEligible: true
          2:
            sourceId: 'source.ontology-purpose'
            title: 'Ontology: Purpose and Scope'
            route: 'content/markdown/aaa/foundations/ontology.md#purpose-and-scope'
            sectionAnchor: 'purpose-and-scope'
            sourceClass: 'published_corpus'
            authorityStatus: 'primary'
            visibility: 'public'
            canonicalParent: ~
            claimLabelFloor: 'published corpus'
            aliases:
              0: 'foundation levels'
              1: 'ontological bedrock'
            keywords:
              0: 'absolute time'
              1: 'architrino'
              2: 'Euclidean void'
              3: 'Noether sea'
            sourceContentSha256: '48bf11bec4defceb1a317443928e43ecebfae28340aef02ac2f8c0754e47c43d'
            selectionSha256: '0a579ec686a8f7384f300af07c1b399f089a38002b4c22a9b162af18187736be'
            searchText: 'Ontology: Purpose and Scope ontological bedrock foundation levels absolute time architrino Euclidean void Noether sea Purpose and Scope This document establishes what fundamentally exists in $\\mathbb{A}\\mathbb{A}\\mathbb{A}$, what is emergent, and what observers reconstruct from inside the system. It defines six foundation routes: 1. The Substrate : absolute time, Euclidean void, and absolute timespace. 2. The Fundamental Entity : the architrino, a point entity that continuously emits an expanding record of its own motion and receives the causal-root contributions that reach it. 3. The Physic'
            publicEligible: true
          3:
            sourceId: 'source.priority-mcp-contract'
            title: 'Architrino MCP Source Index Snapshot V1'
            route: 'reference/priorities/dormant-deferred/archie/mcp/source-index-snapshot-v1.md'
            sectionAnchor: ~
            sourceClass: 'priority_material'
            authorityStatus: 'priority_only'
            visibility: 'development_status'
            canonicalParent: ~
            claimLabelFloor: 'priority-only'
            aliases:
              0: 'MCP snapshot contract'
            keywords:
              0: 'deterministic hash'
              1: 'MCP'
              2: 'provenance'
              3: 'source index'
            sourceContentSha256: 'c9145f55abe5226e374edae0ec9eac5ff8e3c2df953b8de7966dd0b79b4c8bf8'
            selectionSha256: 'c9145f55abe5226e374edae0ec9eac5ff8e3c2df953b8de7966dd0b79b4c8bf8'
            searchText: 'Architrino MCP Source Index Snapshot V1 MCP snapshot contract deterministic hash MCP provenance source index Source Index Snapshot V1 Status - Kind: priority-contract - Claim level: priority-only - Status: fixture-regression-and-local-full-corpus-passing - Parent tracker: Architrino MCP Purpose archie-source-index-snapshot/v1 is the executable contract for the immutable data bundle consumed by the local MCP adapters. The six-source fixture remains the small negative and regression surface. The mechanically enumerated local implementation is recorded in Full-Corpus Local MCP V1. Neit'
            publicEligible: false
          4:
            sourceId: 'source.scene-ontology'
            title: 'Ontology Scene Route'
            route: 'scene:foundations__foundational_ontology#section:purpose-and-scope'
            sectionAnchor: ~
            sourceClass: 'scene_route'
            authorityStatus: 'routing_only'
            visibility: 'public'
            canonicalParent: 'source.ontology-purpose'
            claimLabelFloor: 'unsupported'
            aliases:
              0: 'ontology sphere'
            keywords:
              0: 'route'
              1: 'scene'
              2: 'sphere'
            sourceContentSha256: '34a61a3cc2c43c1798726a3613d8e590edd32dcd5f7ca4572d45d18e88d36c5b'
            selectionSha256: '34a61a3cc2c43c1798726a3613d8e590edd32dcd5f7ca4572d45d18e88d36c5b'
            searchText: 'Ontology Scene Route ontology sphere scene sphere route { "schemaVersion": "0.1", "scene": { "id": "foundations foundational ontology", "title": "Ontology", "type": "Scene-Markdown-View", "units": "relative", "wrapLabels": true, "layout": { "type": "static" }, "source": { "type": "markdown", "path": "content/markdown/aaa/foundations/ontology.md" }, "view": { "columns": 1, "autoOpen": true } }, "objects": [] }'
            publicEligible: true
          5:
            sourceId: 'source.system-card'
            title: 'System Card: Understanding the Evidence'
            route: 'content/markdown/aaa/archie/system-card.md#understanding-the-evidence'
            sectionAnchor: 'understanding-the-evidence'
            sourceClass: 'archie_reference'
            authorityStatus: 'primary'
            visibility: 'public'
            canonicalParent: ~
            claimLabelFloor: 'AAA-native stance'
            aliases:
              0: 'evidence posture'
            keywords:
              0: 'claim status'
              1: 'source authority'
              2: 'System Card'
            sourceContentSha256: 'ce9b141d3bbd1f77cea4e468098a7855f52ecc261daaa0b52c2fbda31e006c82'
            selectionSha256: 'f4a6053cea9882d193ffda624790555f850cfe7b9a081597b89cf2ae6c21e16b'
            searchText: 'System Card: Understanding the Evidence evidence posture claim status source authority System Card Understanding the Evidence An explanation may use $\\mathbb{A}\\mathbb{A}\\mathbb{A}$ as its working framework without implying that every recovery claim is established. Definitions, derivations, numerical results, and open hypotheses have different evidential roles. A visualization illustrates geometry or a declared calculation; it does not by itself demonstrate physical stability or agreement with experiment. The following references explain those distinctions: - Closure Score'
            publicEligible: true
        sha256: '56dc56fa02feeafea7e8ab4802ba2a291077f6f974b6f0a4045dcbf53638cf37'
      graph:
        schema: 'archie-source-graph-view/v1'
        nodes:
          0:
            sourceId: 'source.app-guide'
            title: 'Open Architrino'
            route: 'content/markdown/aaa/archie/about-the-webapp.md#open-architrino'
            sourceClass: 'app_guide'
            authorityStatus: 'diagnostic'
            visibility: 'public'
            canonicalParent: ~
          1:
            sourceId: 'source.generated-foundations-ontology'
            title: 'Generated Foundations Reading Copy: Ontology'
            route: 'document-sphere:content/markdown/aaa/foundations/ontology.md'
            sourceClass: 'generated_reading_copy'
            authorityStatus: 'routing_only'
            visibility: 'public'
            canonicalParent: 'source.ontology-purpose'
          2:
            sourceId: 'source.ontology-purpose'
            title: 'Ontology: Purpose and Scope'
            route: 'content/markdown/aaa/foundations/ontology.md#purpose-and-scope'
            sourceClass: 'published_corpus'
            authorityStatus: 'primary'
            visibility: 'public'
            canonicalParent: ~
          3:
            sourceId: 'source.priority-mcp-contract'
            title: 'Architrino MCP Source Index Snapshot V1'
            route: 'reference/priorities/dormant-deferred/archie/mcp/source-index-snapshot-v1.md'
            sourceClass: 'priority_material'
            authorityStatus: 'priority_only'
            visibility: 'development_status'
            canonicalParent: ~
          4:
            sourceId: 'source.scene-ontology'
            title: 'Ontology Scene Route'
            route: 'scene:foundations__foundational_ontology#section:purpose-and-scope'
            sourceClass: 'scene_route'
            authorityStatus: 'routing_only'
            visibility: 'public'
            canonicalParent: 'source.ontology-purpose'
          5:
            sourceId: 'source.system-card'
            title: 'System Card: Understanding the Evidence'
            route: 'content/markdown/aaa/archie/system-card.md#understanding-the-evidence'
            sourceClass: 'archie_reference'
            authorityStatus: 'primary'
            visibility: 'public'
            canonicalParent: ~
        edges:
          0:
            edgeId: 'edge.generated-ontology-mirrors-source'
            from: 'source.generated-foundations-ontology'
            to: 'source.ontology-purpose'
            edgeType: 'mirrors'
            evidenceSourceId: 'source.generated-foundations-ontology'
          1:
            edgeId: 'edge.scene-ontology-routes-to-source'
            from: 'source.scene-ontology'
            to: 'source.ontology-purpose'
            edgeType: 'routes_to'
            evidenceSourceId: 'source.scene-ontology'
        sha256: '60e7a305bbd694c398bdea420806d48357b4b2b0b38f8604fd4fca7ad44d8320'
      metadata:
        schema: 'archie-source-metadata-view/v1'
        records:
          0:
            metadataId: 'metadata.ontology-level-tower'
            kind: 'equation'
            sourceId: 'source.ontology-purpose'
            route: 'content/markdown/aaa/foundations/ontology.md#purpose-and-scope'
            sourceSelectionSha256: '0a579ec686a8f7384f300af07c1b399f089a38002b4c22a9b162af18187736be'
            tex: |-
              $$
              S(T)
              \xrightarrow{\Pi_{\mathrm{assembly}}}
              \mathfrak B(T)
              \xrightarrow{\Pi_{\mathrm{eff}}}
              \big(A,B_{ij},g^{\mathrm{eff}},\Phi_{\mathrm{eff}}\big)
              \xrightarrow{\Pi_{\mathrm{record}}}
              \bar S(T).
              $$
            texSha256: 'd553f0799da68ae1dedc68524a1d1ea3d50190df6bce58d575bbc038009be23c'
          1:
            metadataId: 'metadata.webapp-logo'
            kind: 'figure'
            sourceId: 'source.app-guide'
            route: 'content/markdown/aaa/archie/about-the-webapp.md#open-architrino'
            sourceSelectionSha256: '8e21372bd10a216ed5ba3dc4a63ac253e795f0e9fd4d9304cdde8d4f70b5eaa1'
            assetPath: 'content/assets/images/brand/architrino-logo-qr-landscape.png'
            assetSha256: 'eabd1ef937fdf8a49295971e64eaddd320c5d0c250eb2822188459a6c134d6d7'
            altText: 'Architrino logo and QR code for architrino.com'
        sha256: '6ce866fec72d0914e6118a319140fa9b174a7aa9847b7611ceb3ed02a4fe7698'
    snapshotSha256: '656b83e14e5151d6a2a4573ac34109d325a655f94e88eed93e0b3ff31a11c56c'
  operator: 'deepStrictEqual'
  stack: |-
    TestContext.<anonymous> (file:///Users/markmorris/vibe/architrino/tests/archie-service-source-index-snapshot.test.js:25:10)
    Test.runInAsyncScope (node:async_hooks:226:14)
    Test.run (node:internal/test_runner/test:1382:25)
    Test.start (node:internal/test_runner/test:1242:17)
    startSubtestAfterBootstrap (node:internal/test_runner/harness:387:17)
  ...
# Subtest: source-index snapshot v1 rejects stale source hashes
not ok 12 - source-index snapshot v1 rejects stale source hashes
  ---
  duration_ms: 9.133792
  type: 'test'
  location: '/Users/markmorris/vibe/architrino/tests/archie-service-source-index-snapshot.test.js:35:1'
  failureType: 'testCodeFailure'
  error: |-
    The input did not match the regular expression /source input content hash mismatch/. Input:
    
    'Error: generated artifact digest mismatch for readingCopies'
    
  code: 'ERR_ASSERTION'
  name: 'AssertionError'
  expected:
  actual:
  error: 'generated artifact digest mismatch for readingCopies'
  stack: |-
    requireCondition (file:///Users/markmorris/vibe/architrino/src/archie-service/source-index/snapshot-v1.mjs:629:25)
    validateSourceIndexSnapshot (file:///Users/markmorris/vibe/architrino/src/archie-service/source-index/snapshot-v1.mjs:235:5)
    file:///Users/markmorris/vibe/architrino/tests/archie-service-source-index-snapshot.test.js:39:11
    getActual (node:assert:580:5)
    strict.throws (node:assert:728:24)
    TestContext.<anonymous> (file:///Users/markmorris/vibe/architrino/tests/archie-service-source-index-snapshot.test.js:38:10)
    Test.runInAsyncScope (node:async_hooks:226:14)
    Test.run (node:internal/test_runner/test:1382:25)
    Test.processPendingSubtests (node:internal/test_runner/test:960:18)
    Test.postRun (node:internal/test_runner/test:1522:19)
  operator: 'throws'
  stack: |-
    TestContext.<anonymous> (file:///Users/markmorris/vibe/architrino/tests/archie-service-source-index-snapshot.test.js:38:10)
    Test.runInAsyncScope (node:async_hooks:226:14)
    Test.run (node:internal/test_runner/test:1382:25)
    Test.processPendingSubtests (node:internal/test_runner/test:960:18)
    Test.postRun (node:internal/test_runner/test:1522:19)
    Test.run (node:internal/test_runner/test:1447:12)
    async startSubtestAfterBootstrap (node:internal/test_runner/harness:387:3)
  ...
# Subtest: source-index snapshot v1 rejects priority authority inflation
ok 13 - source-index snapshot v1 rejects priority authority inflation
  ---
  duration_ms: 0.942875
  type: 'test'
  ...
# Subtest: Borg path history is on and visible by default
ok 14 - Borg path history is on and visible by default
  ---
  duration_ms: 1.690459
  type: 'test'
  ...
# Subtest: all Borg trails use exact endpoint polarity colors
ok 15 - all Borg trails use exact endpoint polarity colors
  ---
  duration_ms: 0.129166
  type: 'test'
  ...
# Subtest: Borg timeline uses a fixed-width hours-minutes-seconds clock
ok 16 - Borg timeline uses a fixed-width hours-minutes-seconds clock
  ---
  duration_ms: 0.099875
  type: 'test'
  ...
# Subtest: Borg replay interpolation preserves source worldline identity
ok 17 - Borg replay interpolation preserves source worldline identity
  ---
  duration_ms: 0.145708
  type: 'test'
  ...
# Subtest: Borg selected certified budget atomically owns its step controller
ok 18 - Borg selected certified budget atomically owns its step controller
  ---
  duration_ms: 0.31275
  type: 'test'
  ...
# Subtest: Borg app manifest is design-owned policy and passes validation
ok 19 - Borg app manifest is design-owned policy and passes validation
  ---
  duration_ms: 0.399917
  type: 'test'
  ...
# Subtest: Borg uses the canonical unit field speed
ok 20 - Borg uses the canonical unit field speed
  ---
  duration_ms: 0.104917
  type: 'test'
  ...
# Subtest: Borg ships no stored trajectory data; runs are computed from seeded initial conditions
ok 21 - Borg ships no stored trajectory data; runs are computed from seeded initial conditions
  ---
  duration_ms: 0.262834
  type: 'test'
  ...
# Subtest: Borg record replay chunks carry recorded frames with record provenance
ok 22 - Borg record replay chunks carry recorded frames with record provenance
  ---
  duration_ms: 1.9085
  type: 'test'
  ...
# Subtest: Borg display-oversamples prescribed cubic records by four without changing the record
ok 23 - Borg display-oversamples prescribed cubic records by four without changing the record
  ---
  duration_ms: 7.080083
  type: 'test'
  ...
# Subtest: Borg record replay never upgrades authority from producer-asserted evidence status
ok 24 - Borg record replay never upgrades authority from producer-asserted evidence status
  ---
  duration_ms: 0.198625
  type: 'test'
  ...
# Subtest: Borg record replay never extends past recorded coverage
ok 25 - Borg record replay never extends past recorded coverage
  ---
  duration_ms: 0.158916
  type: 'test'
  ...
# Subtest: Borg record replay applies measured target and chunk limits within the window
ok 26 - Borg record replay applies measured target and chunk limits within the window
  ---
  duration_ms: 0.131709
  type: 'test'
  ...
# Subtest: Borg record replay does not advance on foreign or ungraded records
ok 27 - Borg record replay does not advance on foreign or ungraded records
  ---
  duration_ms: 0.099917
  type: 'test'
  ...
# Subtest: Borg orthographic camera fits the limiting viewport dimension without depth scaling
ok 28 - Borg orthographic camera fits the limiting viewport dimension without depth scaling
  ---
  duration_ms: 0.106709
  type: 'test'
  ...
# Subtest: Borg path-history renderer joins replay rows without visual smoothing curves
ok 29 - Borg path-history renderer joins replay rows without visual smoothing curves
  ---
  duration_ms: 11.829292
  type: 'test'
  ...
# Subtest: Borg surface keeps EOM-native policy requiring verification for advancement
ok 30 - Borg surface keeps EOM-native policy requiring verification for advancement
  ---
  duration_ms: 0.12825
  type: 'test'
  ...
# Subtest: Borg presents exact configuration identity without a family or alias surface
ok 31 - Borg presents exact configuration identity without a family or alias surface
  ---
  duration_ms: 0.538541
  type: 'test'
  ...
1..31
# tests 31
# suites 0
# pass 27
# fail 4
# cancelled 0
# skipped 0
# todo 0
# duration_ms 671.595625
