✔ literal positive: external closure is a distinct non-scientific result (5.85875ms)
✔ pending-only, bad exit, late completion, guard and lock gaps reject (1.55475ms)
✔ wrong invocation, incomplete stage and substituted sources/outputs reject (1.38375ms)
✔ escaped stage/observer processes and retained owned groups reject (1.267334ms)
✔ resource, host capacity, missing guard acknowledgement and log loss reject (0.50325ms)
✔ real same-descriptor capture rejects wrong bytes and identical replacement (1.761584ms)
✔ process snapshot parser requires complete unambiguous identity rows (0.374292ms)
✔ immutable exact resource limits and inert stage plan (4.465625ms)
✔ source union retains exact generations and unchanged physical limits (1.04475ms)
✔ source capture rejects source replacement and duplicate hardlinks (3.423458ms)
✔ first plan/self/helper captures remain original through later capture (1.375625ms)
✔ every physical output counted and only explicit publication alias accepted (3.563458ms)
✔ output count, byte, disappearance, directory and symlink controls (2.209042ms)
✔ empty stage logs hash successfully without becoming valid source bindings (0.742625ms)
✔ output directory identity and finite file census are retained (64.325625ms)
✔ registered descendants are distinguished from competing science (0.370292ms)
✔ prior stdout dataflow binds one predecessor and counts appended arguments (0.383292ms)
✔ write-once operation receipt retains foreign bytes and obeys deadline callback (8.600375ms)
✔ production entries reject absent or invented actual lifetime before any work (0.713917ms)
✔ direct CLI has exact flags, absolute plan and explicit hashes (0.167541ms)
✔ created receipt cannot be replaced with byte-identical foreign output (1.0615ms)
✔ one public file cannot satisfy both sides of a publication alias (1.370708ms)
✔ pure hook guards block ordinary and low-level process creation (0.504ms)
✔ renewed-clock cleanup interface has no unguarded fallback (0.069167ms)
✔ writer optional original identity is exact and default binding remains clean (18.640375ms)
✔ writer rejects every non-Boolean option before opening output (0.668834ms)
✔ initial output fstat exception closes original descriptor and retains path (1.368833ms)
✔ publication original token is inserted before first observation and cannot be replaced (1.929459ms)
✔ literal inherited clock cutoffs and conservative bridge use no real worker (0.959333ms)
✔ ready acknowledgment is exact and failure never turns back into work success (0.678084ms)
✔ full H worker promise remains pending through termination and rejected closure stays unresolved (1.79375ms)
✔ fixed control profile contracts every nested cutoff without altering science limits (0.403041ms)
✔ finite control CLI accepts no arbitrary duration or mixed-mode fallback (0.423292ms)
✔ actual unexpected guard-exit event marks local failure and only exits self (0.396625ms)
✔ scoped stderr charges outward copies and waits for actual callbacks (0.451833ms)
✔ verified empty output log has an identity without becoming a positive-byte source (0.530917ms)
✔ lost RSS gap remains failure while a bounded cleanup observation is scheduled (0.350125ms)
✔ publication and raw rejection log quotas reject before output creation (0.38675ms)
✔ v2 prior declaration is closed and may name its already captured plan (1.441834ms)
✔ prior context derives literal byte totals and rejects aliases and uncaptured identities (0.210667ms)
✔ prior files remain inputs across repeated census and exact generation checks (13.5345ms)
✔ literal combined limits include old bytes and current outward traffic without accumulation (3.036791ms)
✔ combined path reserve precedes initial logs, publication and registered logs (0.43875ms)
✔ fixed math census/limits and source pins remain unchanged (2.031042ms)
✔ closed JSON parser rejects duplicate keys/trailing syntax/unsafe integers (0.650708ms)
✔ data-only planmaker gives exact3/4/5 producer/comparison order and alias layout (0.692167ms)
✔ data-only parent plans preserve every original mathematical/ancestry token (0.795667ms)
✔ batch validates explicit order and rejects changed stages/aliases/roots (5.072791ms)
✔ registered args require original deadline, captured plan and immediate prior context (0.978292ms)
✔ duration transfer cannot reset original1800s or compare epochs (0.178291ms)
✔ hook leaves completion binding ownership to frozen coordinator (0.514458ms)
✔ exact historical tuples are separate logical/physical bindings (1.309541ms)
✔ eight publication paths count four inodes; replacement/third alias reject (7.773792ms)
✔ original metadata retains nonuniform exact endpoint tokens (2.5145ms)
✔ thin batch source contains no legacy supervisor or output deletion (0.230917ms)
✔ exact CLI flags and hashes; captured imports do not execute CLI (1.127458ms)
✔ pure plan preparation yields original3/4/5 tokens and40MiB commitment (55.768917ms)
✔ closed source/configuration/identity/schema/census mutations reject (55.671666ms)
✔ only actually consumed exact historical document routes admit (39.199042ms)
✔ expanded runtime cannot exceed downstream one-MiB plan consumer bound (97.4105ms)
✔ exclusive publication retains original descriptors until closure (8.172541ms)
✔ byte-identical replacement and final callback replacement reject and retain (13.868333ms)
✔ deadline/callback failures retain bytes and close all owned descriptors (5.432583ms)
✔ post-open fstat failure closes unregistered file and directory descriptors (0.845834ms)
✔ foreground compute records exact ownership and closes its process group (308.743292ms)
✔ an invalid command produces an immediate closed failure lease (240.623375ms)
✔ detached compute supports authenticated handoff and controlled stop (675.384667ms)
✔ a detached run cannot outlive its declared deadline (1104.009667ms)
✔ a lost supervisor leaves an exactly identifiable group that can be reconciled (356.660709ms)
✔ identity mismatch refuses a historical or reused PID (63.938167ms)
✖ prune applies only to old closed terminal records (107.714958ms)
✖ prune is a dry-run unless apply is explicit (106.564291ms)
✔ prune requires an explicit age threshold (58.614958ms)
✖ prune retains terminal records newer than the explicit age (106.754916ms)
✖ prune retains nonterminal records (105.66325ms)
✔ prune refuses a declared log path outside owned-compute state (105.44425ms)
✔ prune refuses a symlinked deletion target (106.797417ms)
✖ prune retains identity-uncertain compute without signaling it (108.821375ms)
ℹ tests 78
ℹ suites 0
ℹ pass 73
ℹ fail 5
ℹ cancelled 0
ℹ skipped 0
ℹ todo 0
ℹ duration_ms 3647.423958

✖ failing tests:

test at tests/owned-compute-supervisor.test.js:255:1
✖ prune applies only to old closed terminal records (107.714958ms)
  Error: command failed: Command failed: /opt/homebrew/Cellar/node/26.3.0/bin/node /Users/markmorris/vibe/architrino/scripts/dev/owned-compute-supervisor.mjs prune --older-than-seconds 10000000000 --apply
  
  {
    "schema": "architrino.owned-compute-prune-report.v1",
    "status": "refused",
    "mode": "apply",
    "olderThanSeconds": 10000000000,
    "cutoffAtUtc": "1709-10-18T13:18:16.483Z",
    "selected": [
      {
        "runId": "30d0a906-6949-4e35-9695-37f5365eb249",
        "status": "completed",
        "terminalAtUtc": "1600-01-01T00:00:00.000Z",
        "files": [
          "/Users/markmorris/vibe/architrino/.local-data/owned-compute/leases/30d0a906-6949-4e35-9695-37f5365eb249.json",
          "/Users/markmorris/vibe/architrino/.local-data/owned-compute/logs/30d0a906-6949-4e35-9695-37f5365eb249.stdout.log",
          "/Users/markmorris/vibe/architrino/.local-data/owned-compute/logs/30d0a906-6949-4e35-9695-37f5365eb249.stderr.log"
        ]
      }
    ],
    "retained": [
      {
        "runId": "00086baa-424f-4469-9dc2-ace7262f12c0",
        "status": "failed",
        "classification": "terminal",
        "reason": "too_recent",
        "terminalAtUtc": "2026-09-06T18:12:42.105Z"
      },
      {
        "runId": "01b90d52-a8d1-43d4-a865-60637100d222",
        "status": "launching",
        "classification": "stale_closed",
        "reason": "nonterminal"
      },
      {
        "runId": "022ceae4-b771-410c-8acc-09eeafdd9711",
        "status": "failed",
        "classification": "terminal",
        "reason": "too_recent",
        "terminalAtUtc": "2026-09-07T07:02:53.206Z"
      },
      {
        "runId": "023d9a99-e8aa-479b-9281-beb0754ebb76",
        "status": "failed",
        "classification": "terminal",
        "reason": "process_group_not_confirmed_closed"
      },
      {
        "runId": "0269a216-0fff-4286-ada3-cd14973e0793",
        "status": "completed",
        "classification": "terminal",
        "reason": "too_recent",
        "terminalAtUtc": "2026-09-07T01:00:53.001Z"
      },
      {
        "runId": "035b720f-e9ef-47ba-bc73-492807e6c602",
        "status": "completed",
        "classification": "terminal",
        "reason": "stdout_path_outside_state_root",
        "detail": "/sessions/gallant-sleepy-edison/mnt/architrino/.local-data/owned-compute-outside-ff13cd4f-6a42-43e4-959d-21eca7eb0cf8.log"
      },
      {
        "runId": "036024e4-87e7-47dd-a843-114c9cb9dee2",
        "status": "stopped",
        "classification": "terminal",
        "reason": "too_recent",
        "terminalAtUtc": "2026-09-06T18:12:31.801Z"
      },
      {
        "runId": "042028e0-af30-4841-a54d-193bb831a537",
        "status": "stopped",
        "classification": "terminal",
        "reason": "too_recent",
        "terminalAtUtc": "2026-09-05T06:42:00.005Z"
      },
      {
        "runId": "06751a1d-1b47-408a-b959-5be311db9eaf",
        "status": "completed",
        "classification": "terminal",
        "reason": "stdout_path_outside_state_root",
        "detail": "/sessions/gallant-sleepy-edison/mnt/architrino/.local-data/owned-compute/logs/06751a1d-1b47-408a-b959-5be311db9eaf.stdout.log"
      },
      {
        "runId": "06ebac47-e6b6-478b-aab8-415307b5a898",
        "status": "completed",
        "classification": "terminal",
        "reason": "stdout_path_outside_state_root",
        "detail": "/sessions/gallant-sleepy-edison/mnt/architrino/.local-data/owned-compute/logs/06ebac47-e6b6-478b-aab8-415307b5a898.stdout.log"
      },
      {
        "runId": "08a56410-3fab-4d99-ad94-124505297c32",
        "status": "completed",
        "classification": "terminal",
        "reason": "too_recent",
        "terminalAtUtc": "2026-09-06T23:33:02.084Z"
      },
      {
        "runId": "0a1dcfba-512c-40d8-83cd-dfca7713a58b",
        "status": "stopped",
        "classification": "terminal",
        "reason": "too_recent",
        "terminalAtUtc": "2026-09-03T05:21:29.059Z"
      },
      {
        "runId": "0add5c56-4a8f-48b7-90ad-f37629b433d0",
        "status": "completed",
        "classification": "terminal",
        "reason": "too_recent",
        "terminalAtUtc": "2026-09-06T17:55:11.435Z"
      },
      {
        "runId": "0b40dca0-b788-4fa4-837e-b7346ae124db",
        "status": "completed",
        "classification": "terminal",
        "reason": "stdout_path_outside_state_root",
        "detail": "/sessions/awesome-affectionate-heisenberg/mnt/vibe/architrino/.local-data/owned-compute/logs/0b40dca0-b788-4fa4-837e-b7346ae124db.stdout.log"
      },
      {
        "runId": "0b908452-e923-42dd-b13f-12f6c500850a",
        "status": "reconciled_stopped",
        "classification": "terminal",
        "reason": "too_recent",
        "terminalAtUtc": "2026-09-06T17:55:23.259Z"
      },
      {
        "runId": "0ec9755f-ddff-4c79-94fa-01386b59118b",
        "status": "completed",
        "classification": "terminal",
        "reason": "too_recent",
        "terminalAtUtc": "2026-09-06T18:10:05.373Z"
      },
      {
        "runId": "10807f97-a246-47ed-b5f4-1dbef42a075f",
        "status": "launching",
        "classification": "stale_closed",
        "reason": "nonterminal"
      },
      {
        "runId": "1147816a-cbd7-48a6-954c-6545a92534a5",
        "status": "stopped",
        "classification": "terminal",
        "reason": "too_recent",
        "terminalAtUtc": "2026-09-06T17:10:45.158Z"
      },
      {
        "runId": "11a3a378-8de2-41c6-928f-3f5986a8bb60",
        "status": "failed",
        "classification": "terminal",
        "reason": "process_group_not_confirmed_closed"
      },
      {
        "runId": "1291ddbe-350a-4688-84e3-80895b186caa",
        "status": "failed",
        "classification": "terminal",
        "reason": "process_group_not_confirmed_closed"
      },
      {
        "runId": "139abb88-f707-4b93-be88-282f98921492",
        "status": "completed",
        "classification": "terminal",
        "reason": "too_recent",
        "terminalAtUtc": "2026-09-03T01:05:19.357Z"
      },
      {
        "runId": "13d835b5-23ba-45bf-b93a-9e3836515c21",
        "status": "failed",
        "classification": "terminal",
        "reason": "too_recent",
        "terminalAtUtc": "2026-09-07T06:40:53.551Z"
      },
      {
        "runId": "141535be-a54c-457e-b7f8-727fc5622b39",
        "status": "stopped",
        "classification": "terminal",
        "reason": "too_recent",
        "terminalAtUtc": "2026-09-03T03:56:19.225Z"
      },
      {
        "runId": "15028d27-585a-403c-8fb7-d2883847dac9",
        "status": "stopped",
        "classification": "terminal",
        "reason": "too_recent",
        "terminalAtUtc": "2026-09-07T02:42:52.097Z"
      },
      {
        "runId": "15047afd-8e6d-4b50-a6eb-a871ccb64f7a",
        "status": "stopped",
        "classification": "terminal",
        "reason": "too_recent",
        "terminalAtUtc": "2026-09-03T01:55:47.198Z"
      },
      {
        "runId": "150abf31-89e4-4256-8946-c4d1cf94dcaf",
        "status": "stopped",
        "classification": "terminal",
        "reason": "too_recent",
        "terminalAtUtc": "2026-09-03T01:05:57.787Z"
      },
      {
        "runId": "1584d2b0-22b5-43db-a637-ab686be62020",
        "status": "reconciled_stopped",
        "classification": "terminal",
        "reason": "too_recent",
        "terminalAtUtc": "2026-09-03T01:05:22.694Z"
      },
      {
        "runId": "1680ae6c-4387-4436-a1f0-e7373f8cfee1",
        "status": "stopped",
        "classification": "terminal",
        "reason": "too_recent",
        "terminalAtUtc": "2026-09-05T05:14:54.092Z"
      },
      {
        "runId": "16930c68-3926-4db2-b25d-4343a737c2a0",
        "status": "completed",
        "classification": "terminal",
        "reason": "stdout_path_outside_state_root",
        "detail": "/sessions/gallant-sleepy-edison/mnt/architrino/.local-data/owned-compute/logs/16930c68-3926-4db2-b25d-4343a737c2a0.stdout.log"
      },
      {
        "runId": "1763de8c-c588-47cf-9513-1d9c33488905",
        "status": "completed",
        "classification": "terminal",
        "reason": "too_recent",
        "terminalAtUtc": "2026-09-06T22:00:58.470Z"
      },
      {
        "runId": "17b3c610-2a39-4c17-8b0c-0e1fec117284",
        "status": "failed",
        "classification": "terminal",
        "reason": "process_group_not_confirmed_closed"
      },
      {
        "runId": "17b693dc-d899-4f9f-b1ce-5e33cb0dcfa7",
        "status": "failed",
        "classification": "terminal",
        "reason": "process_group_not_confirmed_closed"
      },
      {
        "runId": "189f15d6-a65d-4431-ae10-e3f352d951d3",
        "status": "failed",
        "classification": "terminal",
        "reason": "process_group_not_confirmed_closed"
      },
      {
        "runId": "1a51e68f-a4e3-40e5-a09e-2e14d860aff9",
        "status": "timed_out",
        "classification": "terminal",
        "reason": "too_recent",
        "terminalAtUtc": "2026-09-06T17:55:22.985Z"
      },
      {
        "runId": "1be47577-e5ad-470e-aba8-e4594d2cdf7a",
        "status": "stopped",
        "classification": "terminal",
        "reason": "too_recent",
        "terminalAtUtc": "2026-09-03T12:19:03.933Z"
      },
      {
        "runId": "1c66f1d5-1dfe-4773-bb94-df26ea76d7a0",
        "status": "failed",
        "classification": "terminal",
        "reason": "process_group_not_confirmed_closed"
      },
      {
        "runId": "1c6cf48e-2f74-4ea7-b0d3-13ccae7957b2",
        "status": "launching",
        "classification": "stale_closed",
        "reason": "nonterminal"
      },
      {
        "runId": "1cdd1a2b-82ca-493d-b841-94c4ca1d4c18",
        "status": "failed",
        "classification": "terminal",
        "reason": "process_group_not_confirmed_closed"
      },
      {
        "runId": "1d5c8bd8-1f5a-4afb-970f-c8d468a57aa5",
        "status": "failed",
        "classification": "terminal",
        "reason": "process_group_not_confirmed_closed"
      },
      {
        "runId": "1db81571-7281-4900-a72d-c91b5803445e",
        "status": "failed",
        "classification": "terminal",
        "reason": "process_group_not_confirmed_closed"
      },
      {
        "runId": "1e699138-a4f7-4263-bed6-033099df8f2a",
        "status": "stopped",
        "classification": "terminal",
        "reason": "too_recent",
        "terminalAtUtc": "2026-09-05T03:45:47.046Z"
      },
      {
        "runId": "1f4233c1-00b1-435c-bb23-775a23d4b61e",
        "status": "stopped",
        "classification": "terminal",
        "reason": "too_recent",
        "terminalAtUtc": "2026-09-02T23:56:53.050Z"
      },
      {
        "runId": "1f4c248c-db85-4c3f-9c2b-926ca4c380fc",
        "status": "stopped",
        "classification": "terminal",
        "reason": "too_recent",
        "terminalAtUtc": "2026-09-03T01:05:19.611Z"
      },
      {
        "runId": "22352abc-806c-4851-b161-1690eb6bd4ee",
        "status": "failed",
        "classification": "terminal",
        "reason": "too_recent",
        "terminalAtUtc": "2026-09-07T06:43:19.740Z"
      },
      {
        "runId": "22742386-eefc-4ddd-9561-e5994ad2bf38",
        "status": "stopped",
        "classification": "terminal",
        "reason": "too_recent",
        "terminalAtUtc": "2026-09-05T06:42:53.783Z"
      },
      {
        "runId": "22cc554c-d5eb-48de-afd7-6d5b7705c782",
        "status": "failed",
        "classification": "terminal",
        "reason": "process_group_not_confirmed_closed"
      },
      {
        "runId": "23edc754-ac77-45ec-8cb2-07a76192cfc1",
        "status": "failed",
        "classification": "terminal",
        "reason": "process_group_not_confirmed_closed"
      },
      {
        "runId": "264cfc44-460c-487b-aac3-412c551a1025",
        "status": "timed_out",
        "classification": "terminal",
        "reason": "too_recent",
        "terminalAtUtc": "2026-09-03T01:03:10.770Z"
      },
      {
        "runId": "264d7a46-2f07-47e4-9ed7-4851563e2eb9",
        "status": "completed",
        "classification": "terminal",
        "reason": "stdout_path_outside_state_root",
        "detail": "/sessions/gallant-sleepy-edison/mnt/architrino/.local-data/owned-compute-outside-b709edda-670e-41ed-8a22-bd2f45a5cb33.log"
      },
      {
        "runId": "26cdff48-7fb0-4ba2-8aee-b35ed5ea8dcb",
        "status": "failed",
        "classification": "terminal",
        "reason": "process_group_not_confirmed_closed"
      },
      {
        "runId": "27074a62-2837-4a9b-ab3e-bbd635c89f8f",
        "status": "reconciled_stopped",
        "classification": "terminal",
        "reason": "too_recent",
        "terminalAtUtc": "2026-09-06T17:53:56.497Z"
      },
      {
        "runId": "287269bc-c848-424d-86ab-7223e58aee56",
        "status": "failed",
        "classification": "terminal",
        "reason": "process_group_not_confirmed_closed"
      },
      {
        "runId": "28757429-c361-4e88-b6d1-aee8abb91405",
        "status": "completed",
        "classification": "terminal",
        "reason": "stdout_path_outside_state_root",
        "detail": "/sessions/gallant-sleepy-edison/mnt/architrino/.local-data/owned-compute/logs/28757429-c361-4e88-b6d1-aee8abb91405.stdout.log"
      },
      {
        "runId": "28e72f6d-fa4c-46d6-95fb-59f236263a1a",
        "status": "stopped",
        "classification": "terminal",
        "reason": "too_recent",
        "terminalAtUtc": "2026-09-06T17:55:11.433Z"
      },
      {
        "runId": "28f3c89c-15d9-4511-b255-560f74e79787",
        "status": "launching",
        "classification": "stale_closed",
        "reason": "nonterminal"
      },
      {
        "runId": "2ab5bad2-7630-4506-b747-ac8ae9a627b3",
        "status": "reconciled_closed",
        "classification": "terminal",
        "reason": "too_recent",
        "terminalAtUtc": "2026-09-02T23:52:30.554Z"
      },
      {
        "runId": "2ac0e7a4-a714-43f5-a505-1d090485ccfd",
        "status": "completed",
        "classification": "terminal",
        "reason": "stdout_path_outside_state_root",
        "detail": "/sessions/awesome-affectionate-heisenberg/mnt/vibe/architrino/.local-data/owned-compute/logs/2ac0e7a4-a714-43f5-a505-1d090485ccfd.stdout.log"
      },
      {
        "runId": "2b584865-6b6d-49d6-98d1-a75124bde5f7",
        "status": "launching",
        "classification": "stale_closed",
        "reason": "nonterminal"
      },
      {
        "runId": "2bf248d6-8ff2-479f-8573-fb45b9aa4e1a",
        "status": "completed",
        "classification": "terminal",
        "reason": "too_recent",
        "terminalAtUtc": "2026-09-07T06:42:14.807Z"
      },
      {
        "runId": "2ca48134-602f-4d8b-b84e-76f0564bd71f",
        "status": "failed",
        "classification": "terminal",
        "reason": "process_group_not_confirmed_closed"
      },
      {
        "runId": "2dbf0298-9bee-4dfb-80b1-592c1859e15d",
        "status": "completed",
        "classification": "terminal",
        "reason": "too_recent",
        "terminalAtUtc": "2026-09-06T18:12:32.060Z"
      },
      {
        "runId": "2dd40cb6-c532-4a0a-8767-d473b87f4b6f",
        "status": "failed",
        "classification": "terminal",
        "reason": "process_group_not_confirmed_closed"
      },
      {
        "runId": "30e2695d-1e5f-4e15-b30b-f320d917705c",
        "status": "completed",
        "classification": "terminal",
        "reason": "stdout_path_outside_state_root",
        "detail": "/sessions/gallant-sleepy-edison/mnt/architrino/.local-data/owned-compute/logs/30e2695d-1e5f-4e15-b30b-f320d917705c.stdout.log"
      },
      {
        "runId": "31862b7b-fb40-4d0b-b824-e7769d10c01d",
        "status": "failed",
        "classification": "terminal",
        "reason": "process_group_not_confirmed_closed"
      },
      {
        "runId": "324c93b0-8b9d-4117-ba8b-8437850a1e59",
        "status": "completed",
        "classification": "terminal",
        "reason": "stdout_path_outside_state_root",
        "detail": "/sessions/gallant-sleepy-edison/mnt/architrino/.local-data/owned-compute/logs/324c93b0-8b9d-4117-ba8b-8437850a1e59.stdout.log"
      },
      {
        "runId": "329a7a70-f000-4656-a2ce-56d3b06d3726",
        "status": "stopped",
        "classification": "terminal",
        "reason": "too_recent",
        "terminalAtUtc": "2026-09-03T03:12:16.184Z"
      },
      {
        "runId": "3385d2c0-881c-4ce9-a74e-200c1bb45800",
        "status": "launching",
        "classification": "stale_closed",
        "reason": "nonterminal"
      },
      {
        "runId": "34d23ad1-f3e2-47b1-a5fc-1abef9cff9bb",
        "status": "stopped",
        "classification": "terminal",
        "reason": "too_recent",
        "terminalAtUtc": "2026-09-03T14:03:20.888Z"
      },
      {
        "runId": "360d0a27-f451-4f7c-91b4-390832590b9e",
        "status": "launching",
        "classification": "stale_closed",
        "reason": "nonterminal"
      },
      {
        "runId": "37685d78-263d-4dca-868b-0dd40fb4d3a4",
        "status": "completed",
        "classification": "terminal",
        "reason": "stdout_path_outside_state_root",
        "detail": "/sessions/gallant-sleepy-edison/mnt/architrino/.local-data/owned-compute/logs/37685d78-263d-4dca-868b-0dd40fb4d3a4.stdout.log"
      },
      {
        "runId": "37de0a47-dd03-4eae-bb0f-b39c12de7df6",
        "status": "failed",
        "classification": "terminal",
        "reason": "process_group_not_confirmed_closed"
      },
      {
        "runId": "398e22c5-8a51-4e14-b5c6-3cbfa418e259",
        "status": "completed",
        "classification": "terminal",
        "reason": "stdout_path_outside_state_root",
        "detail": "/sessions/gallant-sleepy-edison/mnt/architrino/.local-data/owned-compute/logs/398e22c5-8a51-4e14-b5c6-3cbfa418e259.stdout.log"
      },
      {
        "runId": "3c548e3e-91c3-42f4-853f-149114dab332",
        "status": "failed",
        "classification": "terminal",
        "reason": "process_group_not_confirmed_closed"
      },
      {
        "runId": "3c7e2b18-cce3-4037-a3fd-bc63118c8c04",
        "status": "failed",
        "classification": "terminal",
        "reason": "too_recent",
        "terminalAtUtc": "2026-09-07T04:47:47.789Z"
      },
      {
        "runId": "3d8028c5-d48e-4717-a513-9cf621974a76",
        "status": "failed",
        "classification": "terminal",
        "reason": "too_recent",
        "terminalAtUtc": "2026-09-07T06:41:29.663Z"
      },
      {
        "runId": "3dbfccc2-7ade-4311-a512-aeb70ca7a0a4",
        "status": "completed",
        "classification": "terminal",
        "reason": "too_recent",
        "terminalAtUtc": "2026-09-07T04:46:20.162Z"
      },
      {
        "runId": "3f9671af-47b0-4d27-87ac-8b38fcf4445e",
        "status": "stopped",
        "classification": "terminal",
        "reason": "too_recent",
        "terminalAtUtc": "2026-09-05T03:38:16.521Z"
      },
      {
        "runId": "4138e20f-2d9a-46e2-9e44-e4fb12017c68",
        "status": "failed",
        "classification": "terminal",
        "reason": "too_recent",
        "terminalAtUtc": "2026-09-07T05:20:52.894Z"
      },
      {
        "runId": "439e47e7-ecbf-445e-9442-9c20088357fe",
        "status": "failed",
        "classification": "terminal",
        "reason": "too_recent",
        "terminalAtUtc": "2026-09-02T23:54:22.655Z"
      },
      {
        "runId": "43a514c4-167a-4c73-82a4-45ff62c6175a",
        "status": "failed",
        "classification": "terminal",
        "reason": "process_group_not_confirmed_closed"
      },
      {
        "runId": "43b30c17-ed53-4c41-88cf-406197afc170",
        "status": "launching",
        "classification": "stale_closed",
        "reason": "nonterminal"
      },
      {
        "runId": "442e8427-36a3-4a79-ae0b-b8da5e079e59",
        "status": "failed",
        "classification": "terminal",
        "reason": "process_group_not_confirmed_closed"
      },
      {
        "runId": "444e1f28-966a-4695-ac53-2d1578714394",
        "status": "failed",
        "classification": "terminal",
        "reason": "too_recent",
        "terminalAtUtc": "2026-09-07T05:35:07.042Z"
      },
      {
        "runId": "44587b8e-4774-444e-a992-c625a19dbe95",
        "status": "completed",
        "classification": "terminal",
        "reason": "too_recent",
        "terminalAtUtc": "2026-09-03T01:03:08.637Z"
      },
      {
        "runId": "45fa4c31-7bad-42b8-8ec3-1c2d7b9d239a",
        "status": "failed",
        "classification": "terminal",
        "reason": "too_recent",
        "terminalAtUtc": "2026-09-07T04:50:37.111Z"
      },
      {
        "runId": "46035b6f-9db8-49e1-a399-2b6a1a6ed239",
        "status": "failed",
        "classification": "terminal",
        "reason": "too_recent",
        "terminalAtUtc": "2026-09-07T07:04:54.109Z"
      },
      {
        "runId": "471afb53-829e-488b-823e-cfa748cbaee1",
        "status": "launching",
        "classification": "stale_closed",
        "reason": "nonterminal"
      },
      {
        "runId": "49a5708c-19a7-4e03-9577-17b64d448ecb",
        "status": "completed",
        "classification": "terminal",
        "reason": "too_recent",
        "terminalAtUtc": "2026-09-07T07:04:53.882Z"
      },
      {
        "runId": "49f850c2-0643-471c-b580-00d878b8f5bc",
        "status": "failed",
        "classification": "terminal",
        "reason": "too_recent",
        "terminalAtUtc": "2026-09-07T04:53:05.928Z"
      },
      {
        "runId": "4a5ffa70-06df-4124-b152-ba1514f7bfb6",
        "status": "reconciled_closed",
        "classification": "terminal",
        "reason": "too_recent",
        "terminalAtUtc": "2026-09-02T23:52:30.556Z"
      },
      {
        "runId": "4ab7bd56-8799-4a6d-ba6a-5cc21365aa7b",
        "status": "stopped",
        "classification": "terminal",
        "reason": "too_recent",
        "terminalAtUtc": "2026-09-03T14:20:03.445Z"
      },
      {
        "runId": "4ad143ec-961f-4ab9-8391-e472f836eab3",
        "status": "failed",
        "classification": "terminal",
        "reason": "too_recent",
        "terminalAtUtc": "2026-09-07T02:43:49.668Z"
      },
      {
        "runId": "4d5d3487-deb5-4ac5-a05a-b1130893013c",
        "status": "stopped",
        "classification": "terminal",
        "reason": "too_recent",
        "terminalAtUtc": "2026-09-06T18:12:42.553Z"
      },
      {
        "runId": "4f1de4bc-27d7-4c81-bd80-cbdd93119915",
        "status": "failed",
        "classification": "terminal",
        "reason": "process_group_not_confirmed_closed"
      },
      {
        "runId": "4f35027a-2ad7-4a28-8b46-dcdbc6458ddd",
        "status": "failed",
        "classification": "terminal",
        "reason": "process_group_not_confirmed_closed"
      },
      {
        "runId": "51445628-2a11-476c-b093-f78d4609f6ae",
        "status": "stopped",
        "classification": "terminal",
        "reason": "too_recent",
        "terminalAtUtc": "2026-09-03T23:39:08.769Z"
      },
      {
        "runId": "5213afc4-ce44-4644-81ad-00919f9ce37c",
        "status": "failed",
        "classification": "terminal",
        "reason": "process_group_not_confirmed_closed"
      },
      {
        "runId": "546f3999-566e-476c-ab39-2f623a97e55e",
        "status": "stopped",
        "classification": "terminal",
        "reason": "too_recent",
        "terminalAtUtc": "2026-09-03T14:00:24.883Z"
      },
      {
        "runId": "55195726-c489-4f49-9ce3-8c9266f3566b",
        "status": "timed_out",
        "classification": "terminal",
        "reason": "too_recent",
        "terminalAtUtc": "2026-09-03T03:56:21.128Z"
      },
      {
        "runId": "56ec5f4b-2ddb-478d-9a10-f190d3afd148",
        "status": "launching",
        "classification": "stale_closed",
        "reason": "nonterminal"
      },
      {
        "runId": "56f5d051-ce31-4582-b865-3b4fb3ccc3aa",
        "status": "stopped",
        "classification": "terminal",
        "reason": "too_recent",
        "terminalAtUtc": "2026-09-03T05:24:52.914Z"
      },
      {
        "runId": "5703599a-e7ab-494b-a386-872c32d2ee6d",
        "status": "failed",
        "classification": "terminal",
        "reason": "process_group_not_confirmed_closed"
      },
      {
        "runId": "577d374b-e63a-4757-9798-0be1c930d047",
        "status": "failed",
        "classification": "terminal",
        "reason": "process_group_not_confirmed_closed"
      },
      {
        "runId": "59ec9f81-8c42-42c3-8a12-2a7fd86a4b9e",
        "status": "launching",
        "classification": "stale_closed",
        "reason": "nonterminal"
      },
      {
        "runId": "5a882969-9fec-4584-b773-80bc2498f179",
        "status": "completed",
        "classification": "terminal",
        "reason": "too_recent",
        "terminalAtUtc": "2026-09-07T04:35:56.708Z"
      },
      {
        "runId": "5bfb4b9e-7cfb-4ede-aa9e-56237c323203",
        "status": "stopped",
        "classification": "terminal",
        "reason": "too_recent",
        "terminalAtUtc": "2026-09-05T05:13:21.625Z"
      },
      {
        "runId": "5c309a28-f7df-463a-8875-d067238bbd51",
        "status": "reconciled_stopped",
        "classification": "terminal",
        "reason": "too_recent",
        "terminalAtUtc": "2026-09-07T01:00:55.522Z"
      },
      {
        "runId": "5c781b35-6320-4cdd-b19d-32840b9e50d1",
        "status": "stopped",
        "classification": "terminal",
        "reason": "too_recent",
        "terminalAtUtc": "2026-09-07T02:43:50.313Z"
      },
      {
        "runId": "5c7edca8-8fb0-4385-9518-4e58257ee018",
        "status": "failed",
        "classification": "terminal",
        "reason": "process_group_not_confirmed_closed"
      },
      {
        "runId": "608247eb-7481-4088-9f85-8448bf1e73f7",
        "status": "stopped",
        "classification": "terminal",
        "reason": "too_recent",
        "terminalAtUtc": "2026-09-06T17:53:55.076Z"
      },
      {
        "runId": "627015b8-9dd8-43e2-b778-407da6b55ab6",
        "status": "stopped",
        "classification": "terminal",
        "reason": "too_recent",
        "terminalAtUtc": "2026-09-03T14:19:20.578Z"
      },
      {
        "runId": "64e9cb1a-0a20-4f60-970e-8865a9e85367",
        "status": "launching",
        "classification": "stale_closed",
        "reason": "nonterminal"
      },
      {
        "runId": "65f5dd5e-44ce-4b7c-84d4-c938a03c07cb",
        "status": "reconciled_stopped",
        "classification": "terminal",
        "reason": "too_recent",
        "terminalAtUtc": "2026-09-07T02:43:51.928Z"
      },
      {
        "runId": "67ba24e3-b6d2-4a50-a471-6ee8a5f51b7b",
        "status": "reconciled_stopped",
        "classification": "terminal",
        "reason": "too_recent",
        "terminalAtUtc": "2026-09-02T23:56:54.653Z"
      },
      {
        "runId": "68042f83-4254-4251-a704-68aeed5c0ce1",
        "status": "completed",
        "classification": "terminal",
        "reason": "stdout_path_outside_state_root",
        "detail": "/sessions/gallant-sleepy-edison/mnt/architrino/.local-data/owned-compute/logs/68042f83-4254-4251-a704-68aeed5c0ce1.stdout.log"
      },
      {
        "runId": "693dd3ca-65fe-43c9-9a41-5bf006ea9a79",
        "status": "reconciled_closed",
        "classification": "terminal",
        "reason": "too_recent",
        "terminalAtUtc": "2026-09-02T23:52:30.556Z"
      },
      {
        "runId": "6b2984cc-c609-41ee-a56f-f8ca4b1d8929",
        "status": "launching",
        "classification": "stale_closed",
        "reason": "nonterminal"
      },
      {
        "runId": "6e489e3b-6773-4945-bc11-9b352a532dc6",
        "status": "completed",
        "classification": "terminal",
        "reason": "stdout_path_outside_state_root",
        "detail": "/sessions/gallant-sleepy-edison/mnt/architrino/.local-data/owned-compute/logs/6e489e3b-6773-4945-bc11-9b352a532dc6.stdout.log"
      },
      {
        "runId": "6e869a37-268a-482f-8e03-edbde141a154",
        "status": "timed_out",
        "classification": "terminal",
        "reason": "too_recent",
        "terminalAtUtc": "2026-09-07T01:00:55.189Z"
      },
      {
        "runId": "70734f7a-21cf-4e4d-a78e-8c0b410c9761",
        "status": "completed",
        "classification": "terminal",
        "reason": "too_recent",
        "terminalAtUtc": "2026-09-07T04:59:48.497Z"
      },
      {
        "runId": "7085c882-6873-44d7-8e8a-dcd445342a2f",
        "status": "stopped",
        "classification": "terminal",
        "reason": "too_recent",
        "terminalAtUtc": "2026-09-03T04:00:38.343Z"
      },
      {
        "runId": "70c17ea6-ba64-4558-a0fc-53d98d5ab72c",
        "status": "timed_out",
        "classification": "terminal",
        "reason": "too_recent",
        "terminalAtUtc": "2026-09-03T01:05:22.108Z"
      },
      {
        "runId": "711f4565-75b2-4372-aeee-b8086e55b415",
        "status": "failed",
        "classification": "terminal",
        "reason": "process_group_not_confirmed_closed"
      },
      {
        "runId": "7224209a-b7d1-4340-81c2-e40823e29331",
        "status": "failed",
        "classification": "terminal",
        "reason": "process_group_not_confirmed_closed"
      },
      {
        "runId": "741ba53f-9264-45e9-9eb3-f1167318e823",
        "status": "failed",
        "classification": "terminal",
        "reason": "too_recent",
        "terminalAtUtc": "2026-09-02T23:56:52.403Z"
      },
      {
        "runId": "782e1214-a5a6-4172-a90e-ef284cfd398d",
        "status": "failed",
        "classification": "terminal",
        "reason": "process_group_not_confirmed_closed"
      },
      {
        "runId": "784c3cd6-8c96-4bf4-9d91-8910525be10b",
        "status": "stopped",
        "classification": "terminal",
        "reason": "too_recent",
        "terminalAtUtc": "2026-09-03T12:18:17.909Z"
      },
      {
        "runId": "7a396d7f-5518-4d9a-bd97-3bc7bccbb1c6",
        "status": "failed",
        "classification": "terminal",
        "reason": "too_recent",
        "terminalAtUtc": "2026-09-07T05:25:20.888Z"
      },
      {
        "runId": "7d62915c-48fb-45b3-87f3-f88c685c4915",
        "status": "failed",
        "classification": "terminal",
        "reason": "process_group_not_confirmed_closed"
      },
      {
        "runId": "7dda127a-0fe2-4468-bfa0-52094e7d8e4f",
        "status": "stopped",
        "classification": "terminal",
        "reason": "too_recent",
        "terminalAtUtc": "2026-09-05T03:37:04.505Z"
      },
      {
        "runId": "7ef6f51b-c38a-4455-b94d-de2d695a463a",
        "status": "reconciled_closed",
        "classification": "terminal",
        "reason": "too_recent",
        "terminalAtUtc": "2026-09-02T23:52:30.556Z"
      },
      {
        "runId": "7fa53f7b-8e28-4931-9644-84083e611918",
        "status": "stopped",
        "classification": "terminal",
        "reason": "too_recent",
        "terminalAtUtc": "2026-09-03T01:04:19.104Z"
      },
      {
        "runId": "7fb66b50-e062-4346-ba4c-a63327343f3d",
        "status": "launching",
        "classification": "stale_closed",
        "reason": "nonterminal"
      },
      {
        "runId": "7fd2de7a-dde3-46cd-beec-96f0b8685d29",
        "status": "completed",
        "classification": "terminal",
        "reason": "stdout_path_outside_state_root",
        "detail": "/sessions/eloquent-busy-noether/mnt/vibe/architrino/.local-data/owned-compute/logs/7fd2de7a-dde3-46cd-beec-96f0b8685d29.stdout.log"
      },
      {
        "runId": "8136e67b-dfc7-4782-9506-3ef74acedf03",
        "status": "failed",
        "classification": "terminal",
        "reason": "process_group_not_confirmed_closed"
      },
      {
        "runId": "822eb1d6-a7ba-4580-a948-c890e3076383",
        "status": "completed",
        "classification": "terminal",
        "reason": "too_recent",
        "terminalAtUtc": "2026-09-07T07:02:53.251Z"
      },
      {
        "runId": "82e0f2bd-c212-4f40-a0db-36cce0062ed5",
        "status": "completed",
        "classification": "terminal",
        "reason": "too_recent",
        "terminalAtUtc": "2026-09-07T02:43:49.427Z"
      },
      {
        "runId": "83c2907f-9125-4c89-b86e-5724a1dd13f8",
        "status": "failed",
        "classification": "terminal",
        "reason": "process_group_not_confirmed_closed"
      },
      {
        "runId": "83cf8b95-a14f-4837-a3a9-d8d0b026f4c4",
        "status": "stopped",
        "classification": "terminal",
        "reason": "too_recent",
        "terminalAtUtc": "2026-09-03T02:39:41.613Z"
      },
      {
        "runId": "8466658c-249e-4690-9610-5754619da174",
        "status": "completed",
        "classification": "terminal",
        "reason": "stdout_path_outside_state_root",
        "detail": "/sessions/awesome-affectionate-heisenberg/mnt/vibe/architrino/.local-data/owned-compute/logs/8466658c-249e-4690-9610-5754619da174.stdout.log"
      },
      {
        "runId": "84de45c3-46d8-438c-8540-1584538f82e0",
        "status": "timed_out",
        "classification": "terminal",
        "reason": "too_recent",
        "terminalAtUtc": "2026-09-07T07:04:55.962Z"
      },
      {
        "runId": "856493e8-3e91-4e9e-9963-af2fce955adc",
        "status": "stopped",
        "classification": "terminal",
        "reason": "too_recent",
        "terminalAtUtc": "2026-09-06T17:53:44.336Z"
      },
      {
        "runId": "861ddc45-2605-4811-aac8-c1037fe36ef5",
        "status": "completed",
        "classification": "terminal",
        "reason": "too_recent",
        "terminalAtUtc": "2026-09-07T04:47:22.420Z"
      },
      {
        "runId": "867c336b-cc0d-40c1-96be-3d4dbf6fc518",
        "status": "completed",
        "classification": "terminal",
        "reason": "stdout_path_outside_state_root",
        "detail": "/sessions/gallant-sleepy-edison/mnt/architrino/.local-data/owned-compute/logs/867c336b-cc0d-40c1-96be-3d4dbf6fc518.stdout.log"
      },
      {
        "runId": "869d4e79-c2e1-484f-a063-6223f3f3deb1",
        "status": "completed",
        "classification": "terminal",
        "reason": "too_recent",
        "terminalAtUtc": "2026-09-07T04:34:03.659Z"
      },
      {
        "runId": "86dabab5-2d5b-4af8-a740-64b659f2afaa",
        "status": "completed",
        "classification": "terminal",
        "reason": "too_recent",
        "terminalAtUtc": "2026-09-07T04:57:10.371Z"
      },
      {
        "runId": "88110343-535f-49fe-8856-cf1021382913",
        "status": "failed",
        "classification": "terminal",
        "reason": "process_group_not_confirmed_closed"
      },
      {
        "runId": "886374dc-68c4-4932-ad0b-a1d6111bd2c6",
        "status": "stopped",
        "classification": "terminal",
        "reason": "too_recent",
        "terminalAtUtc": "2026-09-07T01:00:53.933Z"
      },
      {
        "runId": "891b1f39-e106-4cda-941b-9b0e540be4ce",
        "status": "launching",
        "classification": "launching",
        "reason": "nonterminal"
      },
      {
        "runId": "894bc1c9-f722-42e8-87fe-6fbbb14a8b14",
        "status": "failed",
        "classification": "terminal",
        "reason": "process_group_not_confirmed_closed"
      },
      {
        "runId": "8bc8e06a-9ffb-40f4-ab41-a59727db6c21",
        "status": "running",
        "classification": "authenticated_running",
        "reason": "nonterminal"
      },
      {
        "runId": "8c0ff58f-41f0-40c9-b7b7-c33b0eb2fff7",
        "status": "failed",
        "classification": "terminal",
        "reason": "process_group_not_confirmed_closed"
      },
      {
        "runId": "8c4833fa-595c-44f8-ad1c-2dafd54cbc35",
        "status": "completed",
        "classification": "terminal",
        "reason": "stdout_path_outside_state_root",
        "detail": "/sessions/gallant-sleepy-edison/mnt/architrino/.local-data/owned-compute/logs/8c4833fa-595c-44f8-ad1c-2dafd54cbc35.stdout.log"
      },
      {
        "runId": "8ce183aa-7bd7-4522-ae1d-2684720cfaf2",
        "status": "launching",
        "classification": "stale_closed",
        "reason": "nonterminal"
      },
      {
        "runId": "8e6c16a0-d791-4422-b13c-1b41cc43ed0b",
        "status": "completed",
        "classification": "terminal",
        "reason": "too_recent",
        "terminalAtUtc": "2026-09-07T04:35:02.709Z"
      },
      {
        "runId": "8f584e93-54d8-4c2d-af5a-857ac7feb913",
        "status": "failed",
        "classification": "terminal",
        "reason": "process_group_not_confirmed_closed"
      },
      {
        "runId": "91a02a40-bd32-49bd-9512-8e33e15aa40b",
        "status": "failed",
        "classification": "terminal",
        "reason": "process_group_not_confirmed_closed"
      },
      {
        "runId": "91d2b1e3-3c77-4856-a9df-f3f805e00167",
        "status": "failed",
        "classification": "terminal",
        "reason": "too_recent",
        "terminalAtUtc": "2026-09-03T01:05:19.681Z"
      },
      {
        "runId": "93b7b711-121d-4802-a605-62a0cdd6492d",
        "status": "reconciled_stopped",
        "classification": "terminal",
        "reason": "too_recent",
        "terminalAtUtc": "2026-09-02T23:54:24.864Z"
      },
      {
        "runId": "94bce299-7a34-42de-8fd2-60885d901fae",
        "status": "completed",
        "classification": "terminal",
        "reason": "too_recent",
        "terminalAtUtc": "2026-09-02T23:54:22.414Z"
      },
      {
        "runId": "953b66a0-03fd-40bf-ab82-c19eff25ebe5",
        "status": "stopped",
        "classification": "terminal",
        "reason": "too_recent",
        "terminalAtUtc": "2026-09-07T01:00:52.482Z"
      },
      {
        "runId": "95579f63-e56c-4ef9-a557-539d629deca1",
        "status": "completed",
        "classification": "terminal",
        "reason": "too_recent",
        "terminalAtUtc": "2026-09-07T07:02:52.471Z"
      },
      {
        "runId": "95696e00-4b3e-449f-988f-9e6626290a55",
        "status": "completed",
        "classification": "terminal",
        "reason": "stdout_path_outside_state_root",
        "detail": "/sessions/gallant-sleepy-edison/mnt/architrino/.local-data/owned-compute/logs/95696e00-4b3e-449f-988f-9e6626290a55.stdout.log"
      },
      {
        "runId": "95e1cb99-2cac-4f34-b481-e8a348e14ac7",
        "status": "failed",
        "classification": "terminal",
        "reason": "process_group_not_confirmed_closed"
      },
      {
        "runId": "961a2402-d15f-466c-82c4-de3207f44156",
        "status": "reconciled_stopped",
        "classification": "terminal",
        "reason": "too_recent",
        "terminalAtUtc": "2026-09-03T03:56:21.485Z"
      },
      {
        "runId": "96ee777b-0bad-4372-9def-f7a3ea3d5b98",
        "status": "stopped",
        "classification": "terminal",
        "reason": "too_recent",
        "terminalAtUtc": "2026-09-03T14:56:09.285Z"
      },
      {
        "runId": "98aa5a5b-8f6b-4d0b-9456-9c9f8c7f3f78",
        "status": "launching",
        "classification": "launching",
        "reason": "nonterminal"
      },
      {
        "runId": "994bb503-e49b-4761-85f6-f553eec4de0f",
        "status": "stopped",
        "classification": "terminal",
        "reason": "too_recent",
        "terminalAtUtc": "2026-09-03T15:09:24.588Z"
      },
      {
        "runId": "9a0d782b-7312-4771-8a14-f9118ce3d9e3",
        "status": "launching",
        "classification": "stale_closed",
        "reason": "nonterminal"
      },
      {
        "runId": "9c5b89bd-f0c0-4281-977f-9315af35f157",
        "status": "completed",
        "classification": "terminal",
        "reason": "stdout_path_outside_state_root",
        "detail": "/sessions/eloquent-busy-noether/mnt/vibe/architrino/.local-data/owned-compute/logs/9c5b89bd-f0c0-4281-977f-9315af35f157.stdout.log"
      },
      {
        "runId": "9d556a9c-0bac-41ee-a956-52cb2bb2e429",
        "status": "failed",
        "classification": "terminal",
        "reason": "process_group_not_confirmed_closed"
      },
      {
        "runId": "9e95192a-1cde-4be4-bc66-3e4877e06fee",
        "status": "completed",
        "classification": "terminal",
        "reason": "too_recent",
        "terminalAtUtc": "2026-09-06T17:53:44.616Z"
      },
      {
        "runId": "a0b0f4b8-14f5-4c43-b25f-4635eeef2ce2",
        "status": "stopped",
        "classification": "terminal",
        "reason": "too_recent",
        "terminalAtUtc": "2026-09-03T14:30:37.637Z"
      },
      {
        "runId": "a0bd8148-2e38-41f4-8750-865944e0c672",
        "status": "stopped",
        "classification": "terminal",
        "reason": "too_recent",
        "terminalAtUtc": "2026-09-03T01:57:59.734Z"
      },
      {
        "runId": "a1180874-99e0-46ad-8c7e-0640d14fe82a",
        "status": "failed",
        "classification": "terminal",
        "reason": "too_recent",
        "terminalAtUtc": "2026-09-07T06:38:30.891Z"
      },
      {
        "runId": "a1cd5d61-7af8-4baa-8e98-ff763b392254",
        "status": "failed",
        "classification": "terminal",
        "reason": "process_group_not_confirmed_closed"
      },
      {
        "runId": "a2c6992d-486a-4022-b086-7ef519d38196",
        "status": "failed",
        "classification": "terminal",
        "reason": "too_recent",
        "terminalAtUtc": "2026-09-07T07:00:35.759Z"
      },
      {
        "runId": "a3ad8bf8-2b4e-4d0e-ac9b-a9352268c1f0",
        "status": "launching",
        "classification": "stale_closed",
        "reason": "nonterminal"
      },
      {
        "runId": "a484c2ad-4774-4050-bdaa-ab9029fbcfc4",
        "status": "reconciled_stopped",
        "classification": "terminal",
        "reason": "too_recent",
        "terminalAtUtc": "2026-09-07T07:04:56.299Z"
      },
      {
        "runId": "a49c354a-ea86-43fc-9fab-0d2b35b3d4b5",
        "status": "launching",
        "classification": "stale_closed",
        "reason": "nonterminal"
      },
      {
        "runId": "a77eeddc-02be-431b-80a7-761ce3c3e20b",
        "status": "completed",
        "classification": "terminal",
        "reason": "too_recent",
        "terminalAtUtc": "2026-09-07T05:18:05.239Z"
      },
      {
        "runId": "a80a88e2-5558-4954-a279-5b537b4f9e93",
        "status": "stopped",
        "classification": "terminal",
        "reason": "too_recent",
        "terminalAtUtc": "2026-09-07T02:43:48.904Z"
      },
      {
        "runId": "a900e50a-0610-4e4e-abce-49d217df75d9",
        "status": "stopped",
        "classification": "terminal",
        "reason": "too_recent",
        "terminalAtUtc": "2026-09-07T00:59:58.157Z"
      },
      {
        "runId": "a92daec1-7966-4f94-9130-9a9e412c31bb",
        "status": "failed",
        "classification": "terminal",
        "reason": "process_group_not_confirmed_closed"
      },
      {
        "runId": "a95365fe-a4be-4a3e-896c-950ab54a8f49",
        "status": "launching",
        "classification": "stale_closed",
        "reason": "nonterminal"
      },
      {
        "runId": "aab9dcd1-a4e5-4712-9caf-03cda5baf029",
        "status": "launching",
        "classification": "stale_closed",
        "reason": "nonterminal"
      },
      {
        "runId": "ab19e4d1-12f4-4d36-9c88-76734aaec297",
        "status": "launching",
        "classification": "stale_closed",
        "reason": "nonterminal"
      },
      {
        "runId": "abaa28a5-692a-4fe8-99bb-c69a35fafad7",
        "status": "timed_out",
        "classification": "terminal",
        "reason": "too_recent",
        "terminalAtUtc": "2026-09-07T02:43:51.572Z"
      },
      {
        "runId": "abfaa1a5-299e-4812-aeb7-0297a4c9f59c",
        "status": "completed",
        "classification": "terminal",
        "reason": "stdout_path_outside_state_root",
        "detail": "/sessions/gallant-sleepy-edison/mnt/architrino/.local-data/owned-compute/logs/abfaa1a5-299e-4812-aeb7-0297a4c9f59c.stdout.log"
      },
      {
        "runId": "acaa92cf-a7dd-465f-9c56-7c8d82f9653f",
        "status": "reconciled_stopped",
        "classification": "terminal",
        "reason": "too_recent",
        "terminalAtUtc": "2026-09-06T18:12:43.996Z"
      },
      {
        "runId": "adad2f18-3560-4847-afb9-8206287dd25a",
        "status": "completed",
        "classification": "terminal",
        "reason": "stdout_path_outside_state_root",
        "detail": "/sessions/eloquent-busy-noether/mnt/vibe/architrino/.local-data/owned-compute-outside-49688517-cb60-4a36-8000-bc44ca53feec.log"
      },
      {
        "runId": "ae765641-9741-4e3d-bda5-1fc274784f53",
        "status": "failed",
        "classification": "terminal",
        "reason": "process_group_not_confirmed_closed"
      },
      {
        "runId": "aef40d5f-6d7b-4114-a088-043c729646a7",
        "status": "completed",
        "classification": "terminal",
        "reason": "stdout_path_outside_state_root",
        "detail": "/sessions/gallant-sleepy-edison/mnt/architrino/.local-data/owned-compute/logs/aef40d5f-6d7b-4114-a088-043c729646a7.stdout.log"
      },
      {
        "runId": "af2a4882-3519-4ee1-8847-4b5832733487",
        "status": "stopped",
        "classification": "terminal",
        "reason": "too_recent",
        "terminalAtUtc": "2026-09-07T07:04:54.718Z"
      },
      {
        "runId": "af77ba87-c5ce-49cf-b242-c76ea5ca31bb",
        "status": "stopped",
        "classification": "terminal",
        "reason": "too_recent",
        "terminalAtUtc": "2026-09-03T15:29:41.332Z"
      },
      {
        "runId": "af9c6071-d568-44d0-821d-cab8349e79af",
        "status": "stopped",
        "classification": "terminal",
        "reason": "too_recent",
        "terminalAtUtc": "2026-09-03T01:05:20.664Z"
      },
      {
        "runId": "b05b9314-7a92-47a1-8f38-0bc775dd0e7d",
        "status": "stopped",
        "classification": "terminal",
        "reason": "too_recent",
        "terminalAtUtc": "2026-09-03T14:57:37.377Z"
      },
      {
        "runId": "b26678f7-b22b-4cf4-8251-a33115d39979",
        "status": "timed_out",
        "classification": "terminal",
        "reason": "too_recent",
        "terminalAtUtc": "2026-09-02T23:56:54.305Z"
      },
      {
        "runId": "b3502c8c-9144-489c-97ed-ff5d211fccc1",
        "status": "launching",
        "classification": "stale_closed",
        "reason": "nonterminal"
      },
      {
        "runId": "b36c6def-b48e-4864-b1ef-647a08756abc",
        "status": "failed",
        "classification": "terminal",
        "reason": "process_group_not_confirmed_closed"
      },
      {
        "runId": "b386b5b1-a305-468e-b01e-b93d0005941e",
        "status": "failed",
        "classification": "terminal",
        "reason": "too_recent",
        "terminalAtUtc": "2026-09-07T07:00:35.780Z"
      },
      {
        "runId": "b4326b9e-fa8f-40a4-a266-d792892c9e55",
        "status": "launching",
        "classification": "stale_closed",
        "reason": "nonterminal"
      },
      {
        "runId": "b50e549c-73d7-4fac-b923-90724e5b242a",
        "status": "launching",
        "classification": "stale_closed",
        "reason": "nonterminal"
      },
      {
        "runId": "b53748f0-4828-46f6-8f1e-65e099d9b758",
        "status": "completed",
        "classification": "terminal",
        "reason": "too_recent",
        "terminalAtUtc": "2026-09-03T03:56:19.053Z"
      },
      {
        "runId": "b59a75e9-d387-4472-b91e-04c3157b6abf",
        "status": "stopped",
        "classification": "terminal",
        "reason": "too_recent",
        "terminalAtUtc": "2026-09-05T03:53:17.148Z"
      },
      {
        "runId": "b59c78a3-6f01-4fee-9a0a-078ce24d5e92",
        "status": "stopped",
        "classification": "terminal",
        "reason": "too_recent",
        "terminalAtUtc": "2026-09-05T05:12:23.965Z"
      },
      {
        "runId": "b5f12298-f537-41c7-a977-34d34aae4f72",
        "status": "failed",
        "classification": "terminal",
        "reason": "process_group_not_confirmed_closed"
      },
      {
        "runId": "b5fae141-c847-48e9-8383-222364939fba",
        "status": "timed_out",
        "classification": "terminal",
        "reason": "too_recent",
        "terminalAtUtc": "2026-09-07T05:22:45.464Z"
      },
      {
        "runId": "b724c158-b383-4c4e-8ba8-67076919d746",
        "status": "stopped",
        "classification": "terminal",
        "reason": "too_recent",
        "terminalAtUtc": "2026-09-03T03:03:46.226Z"
      },
      {
        "runId": "b89d8aa0-37ac-4810-ae68-6f765f1c81cf",
        "status": "launching",
        "classification": "stale_closed",
        "reason": "nonterminal"
      },
      {
        "runId": "b8ac1dd1-4fd7-4f9f-8081-212768b1c84b",
        "status": "completed",
        "classification": "terminal",
        "reason": "too_recent",
        "terminalAtUtc": "2026-09-07T04:33:47.558Z"
      },
      {
        "runId": "b8e2c178-a16a-45f0-aef6-11ef40fb05a2",
        "status": "stopped",
        "classification": "terminal",
        "reason": "too_recent",
        "terminalAtUtc": "2026-09-02T23:54:23.289Z"
      },
      {
        "runId": "b97dcaaf-fbb7-448e-bfe3-38f264d2166f",
        "status": "failed",
        "classification": "terminal",
        "reason": "too_recent",
        "terminalAtUtc": "2026-09-06T17:55:21.456Z"
      },
      {
        "runId": "b984ecde-70ff-4955-8dad-b776f794c7a2",
        "status": "failed",
        "classification": "terminal",
        "reason": "process_group_not_confirmed_closed"
      },
      {
        "runId": "ba113781-ab5d-48de-8b14-cb44d7f3a76c",
        "status": "completed",
        "classification": "terminal",
        "reason": "stdout_path_outside_state_root",
        "detail": "/sessions/gallant-sleepy-edison/mnt/architrino/.local-data/owned-compute/logs/ba113781-ab5d-48de-8b14-cb44d7f3a76c.stdout.log"
      },
      {
        "runId": "bbf49ecc-050f-45f3-b0f9-7ce384eea5c2",
        "status": "launching",
        "classification": "launching",
        "reason": "nonterminal"
      },
      {
        "runId": "bc97436e-077d-4fd0-909e-8b63c9898598",
        "status": "failed",
        "classification": "terminal",
        "reason": "process_group_not_confirmed_closed"
      },
      {
        "runId": "bdb81ecb-b6f5-4007-906d-823c3c4b9312",
        "status": "failed",
        "classification": "terminal",
        "reason": "process_group_not_confirmed_closed"
      },
      {
        "runId": "c08d28be-2dfa-4e09-9a00-bfb23e1d6044",
        "status": "failed",
        "classification": "terminal",
        "reason": "process_group_not_confirmed_closed"
      },
      {
        "runId": "c0921803-240a-4b85-b3fa-387a4af90757",
        "status": "completed",
        "classification": "terminal",
        "reason": "stdout_path_outside_state_root",
        "detail": "/sessions/gallant-sleepy-edison/mnt/architrino/.local-data/owned-compute/logs/c0921803-240a-4b85-b3fa-387a4af90757.stdout.log"
      },
      {
        "runId": "c1760e79-7564-49c5-975f-9ef6ccb8adbf",
        "status": "timed_out",
        "classification": "terminal",
        "reason": "too_recent",
        "terminalAtUtc": "2026-09-06T17:53:56.241Z"
      },
      {
        "runId": "c24983e3-f43c-43a2-8988-df1b76998dce",
        "status": "failed",
        "classification": "terminal",
        "reason": "too_recent",
        "terminalAtUtc": "2026-09-07T05:17:13.208Z"
      },
      {
        "runId": "c3307e61-b2d0-4cb2-85c1-31e38e63a4ce",
        "status": "stopped",
        "classification": "terminal",
        "reason": "too_recent",
        "terminalAtUtc": "2026-09-03T01:03:09.521Z"
      },
      {
        "runId": "c39a2f0b-45fa-42ee-a201-ac1b2b74365d",
        "status": "failed",
        "classification": "terminal",
        "reason": "process_group_not_confirmed_closed"
      },
      {
        "runId": "c7d9f198-1fcc-4eca-bb31-e62a771f62eb",
        "status": "completed",
        "classification": "terminal",
        "reason": "stdout_path_outside_state_root",
        "detail": "/sessions/gallant-sleepy-edison/mnt/architrino/.local-data/owned-compute/logs/c7d9f198-1fcc-4eca-bb31-e62a771f62eb.stdout.log"
      },
      {
        "runId": "c8c816f2-f06e-4c97-b5c3-2039a8a6b869",
        "status": "failed",
        "classification": "terminal",
        "reason": "process_group_not_confirmed_closed"
      },
      {
        "runId": "c999625a-5ae6-48b9-b56d-383e5d3eeb5d",
        "status": "failed",
        "classification": "terminal",
        "reason": "process_group_not_confirmed_closed"
      },
      {
        "runId": "caa42414-8c79-475e-a12c-fb889db79ae4",
        "status": "stopped",
        "classification": "terminal",
        "reason": "too_recent",
        "terminalAtUtc": "2026-09-03T15:45:20.091Z"
      },
      {
        "runId": "cb060f02-a20e-4381-aa8f-4ccb02db0b17",
        "status": "completed",
        "classification": "terminal",
        "reason": "too_recent",
        "terminalAtUtc": "2026-09-06T15:23:42.848Z"
      },
      {
        "runId": "cb4fd7c9-a8e6-4259-9ba7-21d68018cab5",
        "status": "failed",
        "classification": "terminal",
        "reason": "process_group_not_confirmed_closed"
      },
      {
        "runId": "cc53d0cc-acb3-47de-ba62-3cd2eda34cb4",
        "status": "completed",
        "classification": "terminal",
        "reason": "too_recent",
        "terminalAtUtc": "2026-09-06T15:21:17.597Z"
      },
      {
        "runId": "cc74cf70-6739-41a4-8b6c-fc6a3f80b169",
        "status": "completed",
        "classification": "terminal",
        "reason": "too_recent",
        "terminalAtUtc": "2026-09-07T04:54:33.885Z"
      },
      {
        "runId": "ce2d860e-56f6-4bca-a57e-b9911a5e0638",
        "status": "launching",
        "classification": "launching",
        "reason": "nonterminal"
      },
      {
        "runId": "d16e07a4-a15b-43eb-a021-2ca94ef4ef22",
        "status": "stopped",
        "classification": "terminal",
        "reason": "too_recent",
        "terminalAtUtc": "2026-09-03T01:03:08.809Z"
      },
      {
        "runId": "d1792147-e899-41d8-aa50-2217f5de8e14",
        "status": "stopped",
        "classification": "terminal",
        "reason": "too_recent",
        "terminalAtUtc": "2026-09-05T03:39:45.933Z"
      },
      {
        "runId": "d1a45a59-e522-4a1a-8526-51511dccc5dc",
        "status": "completed",
        "classification": "terminal",
        "reason": "too_recent",
        "terminalAtUtc": "2026-09-06T15:28:39.133Z"
      },
      {
        "runId": "d42c8e10-194d-42fb-8bc1-5716c4a7eaaf",
        "status": "failed",
        "classification": "terminal",
        "reason": "process_group_not_confirmed_closed"
      },
      {
        "runId": "d4e740b9-bb83-4bdb-af55-d649a329f8e4",
        "status": "failed",
        "classification": "terminal",
        "reason": "too_recent",
        "terminalAtUtc": "2026-09-06T17:53:54.696Z"
      },
      {
        "runId": "d62d3561-9ef0-40f8-b069-c6ad025496d4",
        "status": "completed",
        "classification": "terminal",
        "reason": "stdout_path_outside_state_root",
        "detail": "/sessions/gallant-sleepy-edison/mnt/architrino/.local-data/owned-compute/logs/d62d3561-9ef0-40f8-b069-c6ad025496d4.stdout.log"
      },
      {
        "runId": "d632a07b-0a71-418c-9d64-69e74ac2c5ea",
        "status": "stopped",
        "classification": "terminal",
        "reason": "too_recent",
        "terminalAtUtc": "2026-09-07T03:14:16.513Z"
      },
      {
        "runId": "d7485c00-8600-46b6-b91f-c9ed8ad54418",
        "status": "completed",
        "classification": "terminal",
        "reason": "stdout_path_outside_state_root",
        "detail": "/sessions/gallant-sleepy-edison/mnt/architrino/.local-data/owned-compute-outside-1d32e970-a9bf-4ca7-993f-364f0591d376.log"
      },
      {
        "runId": "d9385485-e2af-4541-8472-523f23751f5e",
        "status": "failed",
        "classification": "terminal",
        "reason": "process_group_not_confirmed_closed"
      },
      {
        "runId": "dc195b77-f748-49ce-b5f5-26b71fecc62f",
        "status": "completed",
        "classification": "terminal",
        "reason": "stdout_path_outside_state_root",
        "detail": "/sessions/awesome-affectionate-heisenberg/mnt/vibe/architrino/.local-data/owned-compute-outside-6ad0d5b1-fe7b-47a4-9581-d200532f5f18.log"
      },
      {
        "runId": "dd1b6832-0057-42d3-b53b-32c66e58caa4",
        "status": "stopped",
        "classification": "terminal",
        "reason": "too_recent",
        "terminalAtUtc": "2026-09-03T11:56:13.005Z"
      },
      {
        "runId": "dd3e8af1-7c58-40c6-b04c-c3dfdde23143",
        "status": "stopped",
        "classification": "terminal",
        "reason": "too_recent",
        "terminalAtUtc": "2026-09-03T03:56:19.888Z"
      },
      {
        "runId": "de4b5593-6a5d-4a5e-8077-c5dc4f43dab7",
        "status": "reconciled_stopped",
        "classification": "terminal",
        "reason": "too_recent",
        "terminalAtUtc": "2026-09-03T01:03:11.105Z"
      },
      {
        "runId": "dee24c9a-c731-4f42-8b8c-ee2e8711bdea",
        "status": "completed",
        "classification": "terminal",
        "reason": "stdout_path_outside_state_root",
        "detail": "/sessions/eloquent-busy-noether/mnt/vibe/architrino/.local-data/owned-compute/logs/dee24c9a-c731-4f42-8b8c-ee2e8711bdea.stdout.log"
      },
      {
        "runId": "e0da1389-0a63-4267-9fed-78ef977a3775",
        "status": "failed",
        "classification": "terminal",
        "reason": "too_recent",
        "terminalAtUtc": "2026-09-07T01:00:53.246Z"
      },
      {
        "runId": "e105b8b4-e811-4b21-9076-a951446f1a72",
        "status": "completed",
        "classification": "terminal",
        "reason": "stdout_path_outside_state_root",
        "detail": "/sessions/awesome-affectionate-heisenberg/mnt/vibe/architrino/.local-data/owned-compute/logs/e105b8b4-e811-4b21-9076-a951446f1a72.stdout.log"
      },
      {
        "runId": "e134df63-e99a-427a-979d-87e313992a23",
        "status": "launching",
        "classification": "stale_closed",
        "reason": "nonterminal"
      },
      {
        "runId": "e24c9dc4-7409-4387-9082-cac0a3894ef2",
        "status": "launching",
        "classification": "stale_closed",
        "reason": "nonterminal"
      },
      {
        "runId": "e29e9bb0-5c8d-4ce4-8d80-95c5971aec29",
        "status": "failed",
        "classification": "terminal",
        "reason": "process_group_not_confirmed_closed"
      },
      {
        "runId": "e4288e16-c6ce-4b25-8e22-966426755f66",
        "status": "failed",
        "classification": "terminal",
        "reason": "process_group_not_confirmed_closed"
      },
      {
        "runId": "e47ebc8b-cc27-4808-b889-c502a3aa0d04",
        "status": "timed_out",
        "classification": "terminal",
        "reason": "too_recent",
        "terminalAtUtc": "2026-09-06T18:12:43.723Z"
      },
      {
        "runId": "e5035618-7313-4299-ad87-a8b334790f6c",
        "status": "completed",
        "classification": "terminal",
        "reason": "too_recent",
        "terminalAtUtc": "2026-09-02T23:56:52.168Z"
      },
      {
        "runId": "e60ad7ed-31c0-4166-abb9-10392863a810",
        "status": "failed",
        "classification": "terminal",
        "reason": "process_group_not_confirmed_closed"
      },
      {
        "runId": "e70edb7a-8856-4114-983d-16b0a61ea274",
        "status": "failed",
        "classification": "terminal",
        "reason": "too_recent",
        "terminalAtUtc": "2026-09-03T03:56:19.294Z"
      },
      {
        "runId": "e74fa175-f503-4efb-8d83-06ce1ddac884",
        "status": "launching",
        "classification": "stale_closed",
        "reason": "nonterminal"
      },
      {
        "runId": "ea414e01-c74f-478a-a6fa-3f9d87436bcc",
        "status": "failed",
        "classification": "terminal",
        "reason": "too_recent",
        "terminalAtUtc": "2026-09-07T04:57:28.255Z"
      },
      {
        "runId": "ea64b7c1-20cd-4bb2-97eb-68ade24bd382",
        "status": "launching",
        "classification": "stale_closed",
        "reason": "nonterminal"
      },
      {
        "runId": "ea779246-fbb3-4ab3-a498-76787c6ae299",
        "status": "failed",
        "classification": "terminal",
        "reason": "process_group_not_confirmed_closed"
      },
      {
        "runId": "ebd6f208-c87f-43e1-8212-7889b121458a",
        "status": "completed",
        "classification": "terminal",
        "reason": "stdout_path_outside_state_root",
        "detail": "/sessions/gallant-sleepy-edison/mnt/architrino/.local-data/owned-compute/logs/ebd6f208-c87f-43e1-8212-7889b121458a.stdout.log"
      },
      {
        "runId": "ece8652f-7976-4d9f-b0e7-367bf48406ef",
        "status": "stopped",
        "classification": "terminal",
        "reason": "too_recent",
        "terminalAtUtc": "2026-09-03T03:57:20.497Z"
      },
      {
        "runId": "ed3c6ab9-3b06-421d-857f-79bca77b58b6",
        "status": "failed",
        "classification": "terminal",
        "reason": "process_group_not_confirmed_closed"
      },
      {
        "runId": "ed4f0043-70ea-4bb1-977a-75e1dcb63180",
        "status": "completed",
        "classification": "terminal",
        "reason": "stdout_path_outside_state_root",
        "detail": "/sessions/gallant-sleepy-edison/mnt/architrino/.local-data/owned-compute-outside-7aeac6e1-b3b7-47a9-aa54-f17dc74b11a7.log"
      },
      {
        "runId": "eebdf22b-2ca4-418e-b06f-b2d0a581da9c",
        "status": "launching",
        "classification": "stale_closed",
        "reason": "nonterminal"
      },
      {
        "runId": "eec4fd2e-6176-49a9-9541-83f791df709b",
        "status": "launching",
        "classification": "launching",
        "reason": "nonterminal"
      },
      {
        "runId": "ef4314d2-4212-4dd1-93a3-a61d64fd56d9",
        "status": "failed",
        "classification": "terminal",
        "reason": "process_group_not_confirmed_closed"
      },
      {
        "runId": "efd68aaf-6009-4771-aeca-57bede6c3fa8",
        "status": "launching",
        "classification": "launching",
        "reason": "nonterminal"
      },
      {
        "runId": "f06c934b-9383-47f3-87a3-beb06291bc27",
        "status": "failed",
        "classification": "terminal",
        "reason": "too_recent",
        "terminalAtUtc": "2026-09-03T01:03:08.876Z"
      },
      {
        "runId": "f2441208-e91c-4b7a-894d-52906f93ea38",
        "status": "failed",
        "classification": "terminal",
        "reason": "process_group_not_confirmed_closed"
      },
      {
        "runId": "f448328e-477f-43ab-856b-38b420c07a80",
        "status": "reconciled_closed",
        "classification": "terminal",
        "reason": "too_recent",
        "terminalAtUtc": "2026-09-02T23:52:30.556Z"
      },
      {
        "runId": "f7e6f6c5-6afc-4081-8eac-eafbdc1ac657",
        "status": "reconciled_closed",
        "classification": "terminal",
        "reason": "too_recent",
        "terminalAtUtc": "2026-09-03T01:57:39.000Z"
      },
      {
        "runId": "f7feb6f3-a0d9-477b-b8f6-856e83a4c684",
        "status": "launching",
        "classification": "stale_closed",
        "reason": "nonterminal"
      },
      {
        "runId": "f817a00a-42fd-47cb-b4ae-524d6cac7463",
        "status": "launching",
        "classification": "launching",
        "reason": "nonterminal"
      },
      {
        "runId": "f81eb76a-421c-4dd8-9ede-850f74ef6da6",
        "status": "failed",
        "classification": "terminal",
        "reason": "process_group_not_confirmed_closed"
      },
      {
        "runId": "f904b260-f4ee-48d5-83e4-524f093caeed",
        "status": "completed",
        "classification": "terminal",
        "reason": "too_recent",
        "terminalAtUtc": "2026-09-06T18:17:17.926Z"
      },
      {
        "runId": "f9b701fa-22fc-45cf-9e80-95e5afc39f4a",
        "status": "completed",
        "classification": "terminal",
        "reason": "stdout_path_outside_state_root",
        "detail": "/sessions/gallant-sleepy-edison/mnt/architrino/.local-data/owned-compute-outside-d8717e24-e2a5-4dec-a5d8-354759aeb818.log"
      },
      {
        "runId": "fd33d145-4c1c-4975-8cd3-f585959ae4f2",
        "status": "timed_out",
        "classification": "terminal",
        "reason": "too_recent",
        "terminalAtUtc": "2026-09-02T23:54:24.538Z"
      },
      {
        "runId": "fdcc0c32-a2f5-48e0-a55f-e75e7df90e85",
        "status": "failed",
        "classification": "terminal",
        "reason": "process_group_not_confirmed_closed"
      },
      {
        "runId": "fdede8ac-24ed-4887-af7f-6e7f9a622b93",
        "status": "completed",
        "classification": "terminal",
        "reason": "stdout_path_outside_state_root",
        "detail": "/sessions/eloquent-busy-noether/mnt/vibe/architrino/.local-data/owned-compute/logs/fdede8ac-24ed-4887-af7f-6e7f9a622b93.stdout.log"
      },
      {
        "runId": "fe1adb7c-9c22-4f35-9e43-cf81b80607e9",
        "status": "stopped",
        "classification": "terminal",
        "reason": "too_recent",
        "terminalAtUtc": "2026-09-06T17:55:21.825Z"
      }
    ],
    "deleted": []
  }
  
  
      at file:///Users/markmorris/vibe/architrino/tests/owned-compute-supervisor.test.js:22:16
      at ChildProcess.exithandler (node:child_process:424:5)
      at ChildProcess.emit (node:events:509:20)
      at maybeClose (node:internal/child_process:1108:16)
      at ChildProcess._handle.onexit (node:internal/child_process:305:5)

test at tests/owned-compute-supervisor.test.js:277:1
✖ prune is a dry-run unless apply is explicit (106.564291ms)
  Error: command failed: Command failed: /opt/homebrew/Cellar/node/26.3.0/bin/node /Users/markmorris/vibe/architrino/scripts/dev/owned-compute-supervisor.mjs prune --older-than-seconds 10000000000
  
  {
    "schema": "architrino.owned-compute-prune-report.v1",
    "status": "refused",
    "mode": "dry-run",
    "olderThanSeconds": 10000000000,
    "cutoffAtUtc": "1709-10-18T13:18:16.589Z",
    "selected": [
      {
        "runId": "1745f2ca-ae4f-4037-9364-7f93b24046a5",
        "status": "completed",
        "terminalAtUtc": "1600-01-01T00:00:00.000Z",
        "files": [
          "/Users/markmorris/vibe/architrino/.local-data/owned-compute/leases/1745f2ca-ae4f-4037-9364-7f93b24046a5.json",
          "/Users/markmorris/vibe/architrino/.local-data/owned-compute/logs/1745f2ca-ae4f-4037-9364-7f93b24046a5.stdout.log",
          "/Users/markmorris/vibe/architrino/.local-data/owned-compute/logs/1745f2ca-ae4f-4037-9364-7f93b24046a5.stderr.log"
        ]
      }
    ],
    "retained": [
      {
        "runId": "00086baa-424f-4469-9dc2-ace7262f12c0",
        "status": "failed",
        "classification": "terminal",
        "reason": "too_recent",
        "terminalAtUtc": "2026-09-06T18:12:42.105Z"
      },
      {
        "runId": "01b90d52-a8d1-43d4-a865-60637100d222",
        "status": "launching",
        "classification": "stale_closed",
        "reason": "nonterminal"
      },
      {
        "runId": "022ceae4-b771-410c-8acc-09eeafdd9711",
        "status": "failed",
        "classification": "terminal",
        "reason": "too_recent",
        "terminalAtUtc": "2026-09-07T07:02:53.206Z"
      },
      {
        "runId": "023d9a99-e8aa-479b-9281-beb0754ebb76",
        "status": "failed",
        "classification": "terminal",
        "reason": "process_group_not_confirmed_closed"
      },
      {
        "runId": "0269a216-0fff-4286-ada3-cd14973e0793",
        "status": "completed",
        "classification": "terminal",
        "reason": "too_recent",
        "terminalAtUtc": "2026-09-07T01:00:53.001Z"
      },
      {
        "runId": "035b720f-e9ef-47ba-bc73-492807e6c602",
        "status": "completed",
        "classification": "terminal",
        "reason": "stdout_path_outside_state_root",
        "detail": "/sessions/gallant-sleepy-edison/mnt/architrino/.local-data/owned-compute-outside-ff13cd4f-6a42-43e4-959d-21eca7eb0cf8.log"
      },
      {
        "runId": "036024e4-87e7-47dd-a843-114c9cb9dee2",
        "status": "stopped",
        "classification": "terminal",
        "reason": "too_recent",
        "terminalAtUtc": "2026-09-06T18:12:31.801Z"
      },
      {
        "runId": "042028e0-af30-4841-a54d-193bb831a537",
        "status": "stopped",
        "classification": "terminal",
        "reason": "too_recent",
        "terminalAtUtc": "2026-09-05T06:42:00.005Z"
      },
      {
        "runId": "06751a1d-1b47-408a-b959-5be311db9eaf",
        "status": "completed",
        "classification": "terminal",
        "reason": "stdout_path_outside_state_root",
        "detail": "/sessions/gallant-sleepy-edison/mnt/architrino/.local-data/owned-compute/logs/06751a1d-1b47-408a-b959-5be311db9eaf.stdout.log"
      },
      {
        "runId": "06ebac47-e6b6-478b-aab8-415307b5a898",
        "status": "completed",
        "classification": "terminal",
        "reason": "stdout_path_outside_state_root",
        "detail": "/sessions/gallant-sleepy-edison/mnt/architrino/.local-data/owned-compute/logs/06ebac47-e6b6-478b-aab8-415307b5a898.stdout.log"
      },
      {
        "runId": "08a56410-3fab-4d99-ad94-124505297c32",
        "status": "completed",
        "classification": "terminal",
        "reason": "too_recent",
        "terminalAtUtc": "2026-09-06T23:33:02.084Z"
      },
      {
        "runId": "0a1dcfba-512c-40d8-83cd-dfca7713a58b",
        "status": "stopped",
        "classification": "terminal",
        "reason": "too_recent",
        "terminalAtUtc": "2026-09-03T05:21:29.059Z"
      },
      {
        "runId": "0add5c56-4a8f-48b7-90ad-f37629b433d0",
        "status": "completed",
        "classification": "terminal",
        "reason": "too_recent",
        "terminalAtUtc": "2026-09-06T17:55:11.435Z"
      },
      {
        "runId": "0b40dca0-b788-4fa4-837e-b7346ae124db",
        "status": "completed",
        "classification": "terminal",
        "reason": "stdout_path_outside_state_root",
        "detail": "/sessions/awesome-affectionate-heisenberg/mnt/vibe/architrino/.local-data/owned-compute/logs/0b40dca0-b788-4fa4-837e-b7346ae124db.stdout.log"
      },
      {
        "runId": "0b908452-e923-42dd-b13f-12f6c500850a",
        "status": "reconciled_stopped",
        "classification": "terminal",
        "reason": "too_recent",
        "terminalAtUtc": "2026-09-06T17:55:23.259Z"
      },
      {
        "runId": "0ec9755f-ddff-4c79-94fa-01386b59118b",
        "status": "completed",
        "classification": "terminal",
        "reason": "too_recent",
        "terminalAtUtc": "2026-09-06T18:10:05.373Z"
      },
      {
        "runId": "10807f97-a246-47ed-b5f4-1dbef42a075f",
        "status": "launching",
        "classification": "stale_closed",
        "reason": "nonterminal"
      },
      {
        "runId": "1147816a-cbd7-48a6-954c-6545a92534a5",
        "status": "stopped",
        "classification": "terminal",
        "reason": "too_recent",
        "terminalAtUtc": "2026-09-06T17:10:45.158Z"
      },
      {
        "runId": "11a3a378-8de2-41c6-928f-3f5986a8bb60",
        "status": "failed",
        "classification": "terminal",
        "reason": "process_group_not_confirmed_closed"
      },
      {
        "runId": "1291ddbe-350a-4688-84e3-80895b186caa",
        "status": "failed",
        "classification": "terminal",
        "reason": "process_group_not_confirmed_closed"
      },
      {
        "runId": "139abb88-f707-4b93-be88-282f98921492",
        "status": "completed",
        "classification": "terminal",
        "reason": "too_recent",
        "terminalAtUtc": "2026-09-03T01:05:19.357Z"
      },
      {
        "runId": "13d835b5-23ba-45bf-b93a-9e3836515c21",
        "status": "failed",
        "classification": "terminal",
        "reason": "too_recent",
        "terminalAtUtc": "2026-09-07T06:40:53.551Z"
      },
      {
        "runId": "141535be-a54c-457e-b7f8-727fc5622b39",
        "status": "stopped",
        "classification": "terminal",
        "reason": "too_recent",
        "terminalAtUtc": "2026-09-03T03:56:19.225Z"
      },
      {
        "runId": "15028d27-585a-403c-8fb7-d2883847dac9",
        "status": "stopped",
        "classification": "terminal",
        "reason": "too_recent",
        "terminalAtUtc": "2026-09-07T02:42:52.097Z"
      },
      {
        "runId": "15047afd-8e6d-4b50-a6eb-a871ccb64f7a",
        "status": "stopped",
        "classification": "terminal",
        "reason": "too_recent",
        "terminalAtUtc": "2026-09-03T01:55:47.198Z"
      },
      {
        "runId": "150abf31-89e4-4256-8946-c4d1cf94dcaf",
        "status": "stopped",
        "classification": "terminal",
        "reason": "too_recent",
        "terminalAtUtc": "2026-09-03T01:05:57.787Z"
      },
      {
        "runId": "1584d2b0-22b5-43db-a637-ab686be62020",
        "status": "reconciled_stopped",
        "classification": "terminal",
        "reason": "too_recent",
        "terminalAtUtc": "2026-09-03T01:05:22.694Z"
      },
      {
        "runId": "1680ae6c-4387-4436-a1f0-e7373f8cfee1",
        "status": "stopped",
        "classification": "terminal",
        "reason": "too_recent",
        "terminalAtUtc": "2026-09-05T05:14:54.092Z"
      },
      {
        "runId": "16930c68-3926-4db2-b25d-4343a737c2a0",
        "status": "completed",
        "classification": "terminal",
        "reason": "stdout_path_outside_state_root",
        "detail": "/sessions/gallant-sleepy-edison/mnt/architrino/.local-data/owned-compute/logs/16930c68-3926-4db2-b25d-4343a737c2a0.stdout.log"
      },
      {
        "runId": "1763de8c-c588-47cf-9513-1d9c33488905",
        "status": "completed",
        "classification": "terminal",
        "reason": "too_recent",
        "terminalAtUtc": "2026-09-06T22:00:58.470Z"
      },
      {
        "runId": "17b3c610-2a39-4c17-8b0c-0e1fec117284",
        "status": "failed",
        "classification": "terminal",
        "reason": "process_group_not_confirmed_closed"
      },
      {
        "runId": "17b693dc-d899-4f9f-b1ce-5e33cb0dcfa7",
        "status": "failed",
        "classification": "terminal",
        "reason": "process_group_not_confirmed_closed"
      },
      {
        "runId": "189f15d6-a65d-4431-ae10-e3f352d951d3",
        "status": "failed",
        "classification": "terminal",
        "reason": "process_group_not_confirmed_closed"
      },
      {
        "runId": "1a51e68f-a4e3-40e5-a09e-2e14d860aff9",
        "status": "timed_out",
        "classification": "terminal",
        "reason": "too_recent",
        "terminalAtUtc": "2026-09-06T17:55:22.985Z"
      },
      {
        "runId": "1be47577-e5ad-470e-aba8-e4594d2cdf7a",
        "status": "stopped",
        "classification": "terminal",
        "reason": "too_recent",
        "terminalAtUtc": "2026-09-03T12:19:03.933Z"
      },
      {
        "runId": "1c66f1d5-1dfe-4773-bb94-df26ea76d7a0",
        "status": "failed",
        "classification": "terminal",
        "reason": "process_group_not_confirmed_closed"
      },
      {
        "runId": "1c6cf48e-2f74-4ea7-b0d3-13ccae7957b2",
        "status": "launching",
        "classification": "stale_closed",
        "reason": "nonterminal"
      },
      {
        "runId": "1cdd1a2b-82ca-493d-b841-94c4ca1d4c18",
        "status": "failed",
        "classification": "terminal",
        "reason": "process_group_not_confirmed_closed"
      },
      {
        "runId": "1d5c8bd8-1f5a-4afb-970f-c8d468a57aa5",
        "status": "failed",
        "classification": "terminal",
        "reason": "process_group_not_confirmed_closed"
      },
      {
        "runId": "1db81571-7281-4900-a72d-c91b5803445e",
        "status": "failed",
        "classification": "terminal",
        "reason": "process_group_not_confirmed_closed"
      },
      {
        "runId": "1e699138-a4f7-4263-bed6-033099df8f2a",
        "status": "stopped",
        "classification": "terminal",
        "reason": "too_recent",
        "terminalAtUtc": "2026-09-05T03:45:47.046Z"
      },
      {
        "runId": "1f4233c1-00b1-435c-bb23-775a23d4b61e",
        "status": "stopped",
        "classification": "terminal",
        "reason": "too_recent",
        "terminalAtUtc": "2026-09-02T23:56:53.050Z"
      },
      {
        "runId": "1f4c248c-db85-4c3f-9c2b-926ca4c380fc",
        "status": "stopped",
        "classification": "terminal",
        "reason": "too_recent",
        "terminalAtUtc": "2026-09-03T01:05:19.611Z"
      },
      {
        "runId": "22352abc-806c-4851-b161-1690eb6bd4ee",
        "status": "failed",
        "classification": "terminal",
        "reason": "too_recent",
        "terminalAtUtc": "2026-09-07T06:43:19.740Z"
      },
      {
        "runId": "22742386-eefc-4ddd-9561-e5994ad2bf38",
        "status": "stopped",
        "classification": "terminal",
        "reason": "too_recent",
        "terminalAtUtc": "2026-09-05T06:42:53.783Z"
      },
      {
        "runId": "22cc554c-d5eb-48de-afd7-6d5b7705c782",
        "status": "failed",
        "classification": "terminal",
        "reason": "process_group_not_confirmed_closed"
      },
      {
        "runId": "23edc754-ac77-45ec-8cb2-07a76192cfc1",
        "status": "failed",
        "classification": "terminal",
        "reason": "process_group_not_confirmed_closed"
      },
      {
        "runId": "264cfc44-460c-487b-aac3-412c551a1025",
        "status": "timed_out",
        "classification": "terminal",
        "reason": "too_recent",
        "terminalAtUtc": "2026-09-03T01:03:10.770Z"
      },
      {
        "runId": "264d7a46-2f07-47e4-9ed7-4851563e2eb9",
        "status": "completed",
        "classification": "terminal",
        "reason": "stdout_path_outside_state_root",
        "detail": "/sessions/gallant-sleepy-edison/mnt/architrino/.local-data/owned-compute-outside-b709edda-670e-41ed-8a22-bd2f45a5cb33.log"
      },
      {
        "runId": "26cdff48-7fb0-4ba2-8aee-b35ed5ea8dcb",
        "status": "failed",
        "classification": "terminal",
        "reason": "process_group_not_confirmed_closed"
      },
      {
        "runId": "27074a62-2837-4a9b-ab3e-bbd635c89f8f",
        "status": "reconciled_stopped",
        "classification": "terminal",
        "reason": "too_recent",
        "terminalAtUtc": "2026-09-06T17:53:56.497Z"
      },
      {
        "runId": "287269bc-c848-424d-86ab-7223e58aee56",
        "status": "failed",
        "classification": "terminal",
        "reason": "process_group_not_confirmed_closed"
      },
      {
        "runId": "28757429-c361-4e88-b6d1-aee8abb91405",
        "status": "completed",
        "classification": "terminal",
        "reason": "stdout_path_outside_state_root",
        "detail": "/sessions/gallant-sleepy-edison/mnt/architrino/.local-data/owned-compute/logs/28757429-c361-4e88-b6d1-aee8abb91405.stdout.log"
      },
      {
        "runId": "28e72f6d-fa4c-46d6-95fb-59f236263a1a",
        "status": "stopped",
        "classification": "terminal",
        "reason": "too_recent",
        "terminalAtUtc": "2026-09-06T17:55:11.433Z"
      },
      {
        "runId": "28f3c89c-15d9-4511-b255-560f74e79787",
        "status": "launching",
        "classification": "stale_closed",
        "reason": "nonterminal"
      },
      {
        "runId": "2ab5bad2-7630-4506-b747-ac8ae9a627b3",
        "status": "reconciled_closed",
        "classification": "terminal",
        "reason": "too_recent",
        "terminalAtUtc": "2026-09-02T23:52:30.554Z"
      },
      {
        "runId": "2ac0e7a4-a714-43f5-a505-1d090485ccfd",
        "status": "completed",
        "classification": "terminal",
        "reason": "stdout_path_outside_state_root",
        "detail": "/sessions/awesome-affectionate-heisenberg/mnt/vibe/architrino/.local-data/owned-compute/logs/2ac0e7a4-a714-43f5-a505-1d090485ccfd.stdout.log"
      },
      {
        "runId": "2b584865-6b6d-49d6-98d1-a75124bde5f7",
        "status": "launching",
        "classification": "stale_closed",
        "reason": "nonterminal"
      },
      {
        "runId": "2bf248d6-8ff2-479f-8573-fb45b9aa4e1a",
        "status": "completed",
        "classification": "terminal",
        "reason": "too_recent",
        "terminalAtUtc": "2026-09-07T06:42:14.807Z"
      },
      {
        "runId": "2ca48134-602f-4d8b-b84e-76f0564bd71f",
        "status": "failed",
        "classification": "terminal",
        "reason": "process_group_not_confirmed_closed"
      },
      {
        "runId": "2dbf0298-9bee-4dfb-80b1-592c1859e15d",
        "status": "completed",
        "classification": "terminal",
        "reason": "too_recent",
        "terminalAtUtc": "2026-09-06T18:12:32.060Z"
      },
      {
        "runId": "2dd40cb6-c532-4a0a-8767-d473b87f4b6f",
        "status": "failed",
        "classification": "terminal",
        "reason": "process_group_not_confirmed_closed"
      },
      {
        "runId": "30e2695d-1e5f-4e15-b30b-f320d917705c",
        "status": "completed",
        "classification": "terminal",
        "reason": "stdout_path_outside_state_root",
        "detail": "/sessions/gallant-sleepy-edison/mnt/architrino/.local-data/owned-compute/logs/30e2695d-1e5f-4e15-b30b-f320d917705c.stdout.log"
      },
      {
        "runId": "31862b7b-fb40-4d0b-b824-e7769d10c01d",
        "status": "failed",
        "classification": "terminal",
        "reason": "process_group_not_confirmed_closed"
      },
      {
        "runId": "324c93b0-8b9d-4117-ba8b-8437850a1e59",
        "status": "completed",
        "classification": "terminal",
        "reason": "stdout_path_outside_state_root",
        "detail": "/sessions/gallant-sleepy-edison/mnt/architrino/.local-data/owned-compute/logs/324c93b0-8b9d-4117-ba8b-8437850a1e59.stdout.log"
      },
      {
        "runId": "329a7a70-f000-4656-a2ce-56d3b06d3726",
        "status": "stopped",
        "classification": "terminal",
        "reason": "too_recent",
        "terminalAtUtc": "2026-09-03T03:12:16.184Z"
      },
      {
        "runId": "3385d2c0-881c-4ce9-a74e-200c1bb45800",
        "status": "launching",
        "classification": "stale_closed",
        "reason": "nonterminal"
      },
      {
        "runId": "34d23ad1-f3e2-47b1-a5fc-1abef9cff9bb",
        "status": "stopped",
        "classification": "terminal",
        "reason": "too_recent",
        "terminalAtUtc": "2026-09-03T14:03:20.888Z"
      },
      {
        "runId": "360d0a27-f451-4f7c-91b4-390832590b9e",
        "status": "launching",
        "classification": "stale_closed",
        "reason": "nonterminal"
      },
      {
        "runId": "37685d78-263d-4dca-868b-0dd40fb4d3a4",
        "status": "completed",
        "classification": "terminal",
        "reason": "stdout_path_outside_state_root",
        "detail": "/sessions/gallant-sleepy-edison/mnt/architrino/.local-data/owned-compute/logs/37685d78-263d-4dca-868b-0dd40fb4d3a4.stdout.log"
      },
      {
        "runId": "37de0a47-dd03-4eae-bb0f-b39c12de7df6",
        "status": "failed",
        "classification": "terminal",
        "reason": "process_group_not_confirmed_closed"
      },
      {
        "runId": "398e22c5-8a51-4e14-b5c6-3cbfa418e259",
        "status": "completed",
        "classification": "terminal",
        "reason": "stdout_path_outside_state_root",
        "detail": "/sessions/gallant-sleepy-edison/mnt/architrino/.local-data/owned-compute/logs/398e22c5-8a51-4e14-b5c6-3cbfa418e259.stdout.log"
      },
      {
        "runId": "3c548e3e-91c3-42f4-853f-149114dab332",
        "status": "failed",
        "classification": "terminal",
        "reason": "process_group_not_confirmed_closed"
      },
      {
        "runId": "3c7e2b18-cce3-4037-a3fd-bc63118c8c04",
        "status": "failed",
        "classification": "terminal",
        "reason": "too_recent",
        "terminalAtUtc": "2026-09-07T04:47:47.789Z"
      },
      {
        "runId": "3d8028c5-d48e-4717-a513-9cf621974a76",
        "status": "failed",
        "classification": "terminal",
        "reason": "too_recent",
        "terminalAtUtc": "2026-09-07T06:41:29.663Z"
      },
      {
        "runId": "3dbfccc2-7ade-4311-a512-aeb70ca7a0a4",
        "status": "completed",
        "classification": "terminal",
        "reason": "too_recent",
        "terminalAtUtc": "2026-09-07T04:46:20.162Z"
      },
      {
        "runId": "3f9671af-47b0-4d27-87ac-8b38fcf4445e",
        "status": "stopped",
        "classification": "terminal",
        "reason": "too_recent",
        "terminalAtUtc": "2026-09-05T03:38:16.521Z"
      },
      {
        "runId": "4138e20f-2d9a-46e2-9e44-e4fb12017c68",
        "status": "failed",
        "classification": "terminal",
        "reason": "too_recent",
        "terminalAtUtc": "2026-09-07T05:20:52.894Z"
      },
      {
        "runId": "439e47e7-ecbf-445e-9442-9c20088357fe",
        "status": "failed",
        "classification": "terminal",
        "reason": "too_recent",
        "terminalAtUtc": "2026-09-02T23:54:22.655Z"
      },
      {
        "runId": "43a514c4-167a-4c73-82a4-45ff62c6175a",
        "status": "failed",
        "classification": "terminal",
        "reason": "process_group_not_confirmed_closed"
      },
      {
        "runId": "43b30c17-ed53-4c41-88cf-406197afc170",
        "status": "launching",
        "classification": "stale_closed",
        "reason": "nonterminal"
      },
      {
        "runId": "442e8427-36a3-4a79-ae0b-b8da5e079e59",
        "status": "failed",
        "classification": "terminal",
        "reason": "process_group_not_confirmed_closed"
      },
      {
        "runId": "444e1f28-966a-4695-ac53-2d1578714394",
        "status": "failed",
        "classification": "terminal",
        "reason": "too_recent",
        "terminalAtUtc": "2026-09-07T05:35:07.042Z"
      },
      {
        "runId": "44587b8e-4774-444e-a992-c625a19dbe95",
        "status": "completed",
        "classification": "terminal",
        "reason": "too_recent",
        "terminalAtUtc": "2026-09-03T01:03:08.637Z"
      },
      {
        "runId": "45fa4c31-7bad-42b8-8ec3-1c2d7b9d239a",
        "status": "failed",
        "classification": "terminal",
        "reason": "too_recent",
        "terminalAtUtc": "2026-09-07T04:50:37.111Z"
      },
      {
        "runId": "46035b6f-9db8-49e1-a399-2b6a1a6ed239",
        "status": "failed",
        "classification": "terminal",
        "reason": "too_recent",
        "terminalAtUtc": "2026-09-07T07:04:54.109Z"
      },
      {
        "runId": "471afb53-829e-488b-823e-cfa748cbaee1",
        "status": "launching",
        "classification": "stale_closed",
        "reason": "nonterminal"
      },
      {
        "runId": "49a5708c-19a7-4e03-9577-17b64d448ecb",
        "status": "completed",
        "classification": "terminal",
        "reason": "too_recent",
        "terminalAtUtc": "2026-09-07T07:04:53.882Z"
      },
      {
        "runId": "49f850c2-0643-471c-b580-00d878b8f5bc",
        "status": "failed",
        "classification": "terminal",
        "reason": "too_recent",
        "terminalAtUtc": "2026-09-07T04:53:05.928Z"
      },
      {
        "runId": "4a5ffa70-06df-4124-b152-ba1514f7bfb6",
        "status": "reconciled_closed",
        "classification": "terminal",
        "reason": "too_recent",
        "terminalAtUtc": "2026-09-02T23:52:30.556Z"
      },
      {
        "runId": "4ab7bd56-8799-4a6d-ba6a-5cc21365aa7b",
        "status": "stopped",
        "classification": "terminal",
        "reason": "too_recent",
        "terminalAtUtc": "2026-09-03T14:20:03.445Z"
      },
      {
        "runId": "4ad143ec-961f-4ab9-8391-e472f836eab3",
        "status": "failed",
        "classification": "terminal",
        "reason": "too_recent",
        "terminalAtUtc": "2026-09-07T02:43:49.668Z"
      },
      {
        "runId": "4d5d3487-deb5-4ac5-a05a-b1130893013c",
        "status": "stopped",
        "classification": "terminal",
        "reason": "too_recent",
        "terminalAtUtc": "2026-09-06T18:12:42.553Z"
      },
      {
        "runId": "4f1de4bc-27d7-4c81-bd80-cbdd93119915",
        "status": "failed",
        "classification": "terminal",
        "reason": "process_group_not_confirmed_closed"
      },
      {
        "runId": "4f35027a-2ad7-4a28-8b46-dcdbc6458ddd",
        "status": "failed",
        "classification": "terminal",
        "reason": "process_group_not_confirmed_closed"
      },
      {
        "runId": "51445628-2a11-476c-b093-f78d4609f6ae",
        "status": "stopped",
        "classification": "terminal",
        "reason": "too_recent",
        "terminalAtUtc": "2026-09-03T23:39:08.769Z"
      },
      {
        "runId": "5213afc4-ce44-4644-81ad-00919f9ce37c",
        "status": "failed",
        "classification": "terminal",
        "reason": "process_group_not_confirmed_closed"
      },
      {
        "runId": "546f3999-566e-476c-ab39-2f623a97e55e",
        "status": "stopped",
        "classification": "terminal",
        "reason": "too_recent",
        "terminalAtUtc": "2026-09-03T14:00:24.883Z"
      },
      {
        "runId": "55195726-c489-4f49-9ce3-8c9266f3566b",
        "status": "timed_out",
        "classification": "terminal",
        "reason": "too_recent",
        "terminalAtUtc": "2026-09-03T03:56:21.128Z"
      },
      {
        "runId": "56ec5f4b-2ddb-478d-9a10-f190d3afd148",
        "status": "launching",
        "classification": "stale_closed",
        "reason": "nonterminal"
      },
      {
        "runId": "56f5d051-ce31-4582-b865-3b4fb3ccc3aa",
        "status": "stopped",
        "classification": "terminal",
        "reason": "too_recent",
        "terminalAtUtc": "2026-09-03T05:24:52.914Z"
      },
      {
        "runId": "5703599a-e7ab-494b-a386-872c32d2ee6d",
        "status": "failed",
        "classification": "terminal",
        "reason": "process_group_not_confirmed_closed"
      },
      {
        "runId": "577d374b-e63a-4757-9798-0be1c930d047",
        "status": "failed",
        "classification": "terminal",
        "reason": "process_group_not_confirmed_closed"
      },
      {
        "runId": "59ec9f81-8c42-42c3-8a12-2a7fd86a4b9e",
        "status": "launching",
        "classification": "stale_closed",
        "reason": "nonterminal"
      },
      {
        "runId": "5a882969-9fec-4584-b773-80bc2498f179",
        "status": "completed",
        "classification": "terminal",
        "reason": "too_recent",
        "terminalAtUtc": "2026-09-07T04:35:56.708Z"
      },
      {
        "runId": "5bfb4b9e-7cfb-4ede-aa9e-56237c323203",
        "status": "stopped",
        "classification": "terminal",
        "reason": "too_recent",
        "terminalAtUtc": "2026-09-05T05:13:21.625Z"
      },
      {
        "runId": "5c309a28-f7df-463a-8875-d067238bbd51",
        "status": "reconciled_stopped",
        "classification": "terminal",
        "reason": "too_recent",
        "terminalAtUtc": "2026-09-07T01:00:55.522Z"
      },
      {
        "runId": "5c781b35-6320-4cdd-b19d-32840b9e50d1",
        "status": "stopped",
        "classification": "terminal",
        "reason": "too_recent",
        "terminalAtUtc": "2026-09-07T02:43:50.313Z"
      },
      {
        "runId": "5c7edca8-8fb0-4385-9518-4e58257ee018",
        "status": "failed",
        "classification": "terminal",
        "reason": "process_group_not_confirmed_closed"
      },
      {
        "runId": "608247eb-7481-4088-9f85-8448bf1e73f7",
        "status": "stopped",
        "classification": "terminal",
        "reason": "too_recent",
        "terminalAtUtc": "2026-09-06T17:53:55.076Z"
      },
      {
        "runId": "627015b8-9dd8-43e2-b778-407da6b55ab6",
        "status": "stopped",
        "classification": "terminal",
        "reason": "too_recent",
        "terminalAtUtc": "2026-09-03T14:19:20.578Z"
      },
      {
        "runId": "64e9cb1a-0a20-4f60-970e-8865a9e85367",
        "status": "launching",
        "classification": "stale_closed",
        "reason": "nonterminal"
      },
      {
        "runId": "65f5dd5e-44ce-4b7c-84d4-c938a03c07cb",
        "status": "reconciled_stopped",
        "classification": "terminal",
        "reason": "too_recent",
        "terminalAtUtc": "2026-09-07T02:43:51.928Z"
      },
      {
        "runId": "67ba24e3-b6d2-4a50-a471-6ee8a5f51b7b",
        "status": "reconciled_stopped",
        "classification": "terminal",
        "reason": "too_recent",
        "terminalAtUtc": "2026-09-02T23:56:54.653Z"
      },
      {
        "runId": "68042f83-4254-4251-a704-68aeed5c0ce1",
        "status": "completed",
        "classification": "terminal",
        "reason": "stdout_path_outside_state_root",
        "detail": "/sessions/gallant-sleepy-edison/mnt/architrino/.local-data/owned-compute/logs/68042f83-4254-4251-a704-68aeed5c0ce1.stdout.log"
      },
      {
        "runId": "693dd3ca-65fe-43c9-9a41-5bf006ea9a79",
        "status": "reconciled_closed",
        "classification": "terminal",
        "reason": "too_recent",
        "terminalAtUtc": "2026-09-02T23:52:30.556Z"
      },
      {
        "runId": "6b2984cc-c609-41ee-a56f-f8ca4b1d8929",
        "status": "launching",
        "classification": "stale_closed",
        "reason": "nonterminal"
      },
      {
        "runId": "6e489e3b-6773-4945-bc11-9b352a532dc6",
        "status": "completed",
        "classification": "terminal",
        "reason": "stdout_path_outside_state_root",
        "detail": "/sessions/gallant-sleepy-edison/mnt/architrino/.local-data/owned-compute/logs/6e489e3b-6773-4945-bc11-9b352a532dc6.stdout.log"
      },
      {
        "runId": "6e869a37-268a-482f-8e03-edbde141a154",
        "status": "timed_out",
        "classification": "terminal",
        "reason": "too_recent",
        "terminalAtUtc": "2026-09-07T01:00:55.189Z"
      },
      {
        "runId": "70734f7a-21cf-4e4d-a78e-8c0b410c9761",
        "status": "completed",
        "classification": "terminal",
        "reason": "too_recent",
        "terminalAtUtc": "2026-09-07T04:59:48.497Z"
      },
      {
        "runId": "7085c882-6873-44d7-8e8a-dcd445342a2f",
        "status": "stopped",
        "classification": "terminal",
        "reason": "too_recent",
        "terminalAtUtc": "2026-09-03T04:00:38.343Z"
      },
      {
        "runId": "70c17ea6-ba64-4558-a0fc-53d98d5ab72c",
        "status": "timed_out",
        "classification": "terminal",
        "reason": "too_recent",
        "terminalAtUtc": "2026-09-03T01:05:22.108Z"
      },
      {
        "runId": "711f4565-75b2-4372-aeee-b8086e55b415",
        "status": "failed",
        "classification": "terminal",
        "reason": "process_group_not_confirmed_closed"
      },
      {
        "runId": "7224209a-b7d1-4340-81c2-e40823e29331",
        "status": "failed",
        "classification": "terminal",
        "reason": "process_group_not_confirmed_closed"
      },
      {
        "runId": "741ba53f-9264-45e9-9eb3-f1167318e823",
        "status": "failed",
        "classification": "terminal",
        "reason": "too_recent",
        "terminalAtUtc": "2026-09-02T23:56:52.403Z"
      },
      {
        "runId": "782e1214-a5a6-4172-a90e-ef284cfd398d",
        "status": "failed",
        "classification": "terminal",
        "reason": "process_group_not_confirmed_closed"
      },
      {
        "runId": "784c3cd6-8c96-4bf4-9d91-8910525be10b",
        "status": "stopped",
        "classification": "terminal",
        "reason": "too_recent",
        "terminalAtUtc": "2026-09-03T12:18:17.909Z"
      },
      {
        "runId": "7a396d7f-5518-4d9a-bd97-3bc7bccbb1c6",
        "status": "failed",
        "classification": "terminal",
        "reason": "too_recent",
        "terminalAtUtc": "2026-09-07T05:25:20.888Z"
      },
      {
        "runId": "7d62915c-48fb-45b3-87f3-f88c685c4915",
        "status": "failed",
        "classification": "terminal",
        "reason": "process_group_not_confirmed_closed"
      },
      {
        "runId": "7dda127a-0fe2-4468-bfa0-52094e7d8e4f",
        "status": "stopped",
        "classification": "terminal",
        "reason": "too_recent",
        "terminalAtUtc": "2026-09-05T03:37:04.505Z"
      },
      {
        "runId": "7ef6f51b-c38a-4455-b94d-de2d695a463a",
        "status": "reconciled_closed",
        "classification": "terminal",
        "reason": "too_recent",
        "terminalAtUtc": "2026-09-02T23:52:30.556Z"
      },
      {
        "runId": "7fa53f7b-8e28-4931-9644-84083e611918",
        "status": "stopped",
        "classification": "terminal",
        "reason": "too_recent",
        "terminalAtUtc": "2026-09-03T01:04:19.104Z"
      },
      {
        "runId": "7fb66b50-e062-4346-ba4c-a63327343f3d",
        "status": "launching",
        "classification": "stale_closed",
        "reason": "nonterminal"
      },
      {
        "runId": "7fd2de7a-dde3-46cd-beec-96f0b8685d29",
        "status": "completed",
        "classification": "terminal",
        "reason": "stdout_path_outside_state_root",
        "detail": "/sessions/eloquent-busy-noether/mnt/vibe/architrino/.local-data/owned-compute/logs/7fd2de7a-dde3-46cd-beec-96f0b8685d29.stdout.log"
      },
      {
        "runId": "8136e67b-dfc7-4782-9506-3ef74acedf03",
        "status": "failed",
        "classification": "terminal",
        "reason": "process_group_not_confirmed_closed"
      },
      {
        "runId": "822eb1d6-a7ba-4580-a948-c890e3076383",
        "status": "completed",
        "classification": "terminal",
        "reason": "too_recent",
        "terminalAtUtc": "2026-09-07T07:02:53.251Z"
      },
      {
        "runId": "82e0f2bd-c212-4f40-a0db-36cce0062ed5",
        "status": "completed",
        "classification": "terminal",
        "reason": "too_recent",
        "terminalAtUtc": "2026-09-07T02:43:49.427Z"
      },
      {
        "runId": "83c2907f-9125-4c89-b86e-5724a1dd13f8",
        "status": "failed",
        "classification": "terminal",
        "reason": "process_group_not_confirmed_closed"
      },
      {
        "runId": "83cf8b95-a14f-4837-a3a9-d8d0b026f4c4",
        "status": "stopped",
        "classification": "terminal",
        "reason": "too_recent",
        "terminalAtUtc": "2026-09-03T02:39:41.613Z"
      },
      {
        "runId": "8466658c-249e-4690-9610-5754619da174",
        "status": "completed",
        "classification": "terminal",
        "reason": "stdout_path_outside_state_root",
        "detail": "/sessions/awesome-affectionate-heisenberg/mnt/vibe/architrino/.local-data/owned-compute/logs/8466658c-249e-4690-9610-5754619da174.stdout.log"
      },
      {
        "runId": "84de45c3-46d8-438c-8540-1584538f82e0",
        "status": "timed_out",
        "classification": "terminal",
        "reason": "too_recent",
        "terminalAtUtc": "2026-09-07T07:04:55.962Z"
      },
      {
        "runId": "856493e8-3e91-4e9e-9963-af2fce955adc",
        "status": "stopped",
        "classification": "terminal",
        "reason": "too_recent",
        "terminalAtUtc": "2026-09-06T17:53:44.336Z"
      },
      {
        "runId": "861ddc45-2605-4811-aac8-c1037fe36ef5",
        "status": "completed",
        "classification": "terminal",
        "reason": "too_recent",
        "terminalAtUtc": "2026-09-07T04:47:22.420Z"
      },
      {
        "runId": "867c336b-cc0d-40c1-96be-3d4dbf6fc518",
        "status": "completed",
        "classification": "terminal",
        "reason": "stdout_path_outside_state_root",
        "detail": "/sessions/gallant-sleepy-edison/mnt/architrino/.local-data/owned-compute/logs/867c336b-cc0d-40c1-96be-3d4dbf6fc518.stdout.log"
      },
      {
        "runId": "869d4e79-c2e1-484f-a063-6223f3f3deb1",
        "status": "completed",
        "classification": "terminal",
        "reason": "too_recent",
        "terminalAtUtc": "2026-09-07T04:34:03.659Z"
      },
      {
        "runId": "86dabab5-2d5b-4af8-a740-64b659f2afaa",
        "status": "completed",
        "classification": "terminal",
        "reason": "too_recent",
        "terminalAtUtc": "2026-09-07T04:57:10.371Z"
      },
      {
        "runId": "88110343-535f-49fe-8856-cf1021382913",
        "status": "failed",
        "classification": "terminal",
        "reason": "process_group_not_confirmed_closed"
      },
      {
        "runId": "886374dc-68c4-4932-ad0b-a1d6111bd2c6",
        "status": "stopped",
        "classification": "terminal",
        "reason": "too_recent",
        "terminalAtUtc": "2026-09-07T01:00:53.933Z"
      },
      {
        "runId": "891b1f39-e106-4cda-941b-9b0e540be4ce",
        "status": "launching",
        "classification": "launching",
        "reason": "nonterminal"
      },
      {
        "runId": "894bc1c9-f722-42e8-87fe-6fbbb14a8b14",
        "status": "failed",
        "classification": "terminal",
        "reason": "process_group_not_confirmed_closed"
      },
      {
        "runId": "8bc8e06a-9ffb-40f4-ab41-a59727db6c21",
        "status": "running",
        "classification": "authenticated_running",
        "reason": "nonterminal"
      },
      {
        "runId": "8c0ff58f-41f0-40c9-b7b7-c33b0eb2fff7",
        "status": "failed",
        "classification": "terminal",
        "reason": "process_group_not_confirmed_closed"
      },
      {
        "runId": "8c4833fa-595c-44f8-ad1c-2dafd54cbc35",
        "status": "completed",
        "classification": "terminal",
        "reason": "stdout_path_outside_state_root",
        "detail": "/sessions/gallant-sleepy-edison/mnt/architrino/.local-data/owned-compute/logs/8c4833fa-595c-44f8-ad1c-2dafd54cbc35.stdout.log"
      },
      {
        "runId": "8ce183aa-7bd7-4522-ae1d-2684720cfaf2",
        "status": "launching",
        "classification": "stale_closed",
        "reason": "nonterminal"
      },
      {
        "runId": "8e6c16a0-d791-4422-b13c-1b41cc43ed0b",
        "status": "completed",
        "classification": "terminal",
        "reason": "too_recent",
        "terminalAtUtc": "2026-09-07T04:35:02.709Z"
      },
      {
        "runId": "8f584e93-54d8-4c2d-af5a-857ac7feb913",
        "status": "failed",
        "classification": "terminal",
        "reason": "process_group_not_confirmed_closed"
      },
      {
        "runId": "91a02a40-bd32-49bd-9512-8e33e15aa40b",
        "status": "failed",
        "classification": "terminal",
        "reason": "process_group_not_confirmed_closed"
      },
      {
        "runId": "91d2b1e3-3c77-4856-a9df-f3f805e00167",
        "status": "failed",
        "classification": "terminal",
        "reason": "too_recent",
        "terminalAtUtc": "2026-09-03T01:05:19.681Z"
      },
      {
        "runId": "93b7b711-121d-4802-a605-62a0cdd6492d",
        "status": "reconciled_stopped",
        "classification": "terminal",
        "reason": "too_recent",
        "terminalAtUtc": "2026-09-02T23:54:24.864Z"
      },
      {
        "runId": "94bce299-7a34-42de-8fd2-60885d901fae",
        "status": "completed",
        "classification": "terminal",
        "reason": "too_recent",
        "terminalAtUtc": "2026-09-02T23:54:22.414Z"
      },
      {
        "runId": "953b66a0-03fd-40bf-ab82-c19eff25ebe5",
        "status": "stopped",
        "classification": "terminal",
        "reason": "too_recent",
        "terminalAtUtc": "2026-09-07T01:00:52.482Z"
      },
      {
        "runId": "95579f63-e56c-4ef9-a557-539d629deca1",
        "status": "completed",
        "classification": "terminal",
        "reason": "too_recent",
        "terminalAtUtc": "2026-09-07T07:02:52.471Z"
      },
      {
        "runId": "95696e00-4b3e-449f-988f-9e6626290a55",
        "status": "completed",
        "classification": "terminal",
        "reason": "stdout_path_outside_state_root",
        "detail": "/sessions/gallant-sleepy-edison/mnt/architrino/.local-data/owned-compute/logs/95696e00-4b3e-449f-988f-9e6626290a55.stdout.log"
      },
      {
        "runId": "95e1cb99-2cac-4f34-b481-e8a348e14ac7",
        "status": "failed",
        "classification": "terminal",
        "reason": "process_group_not_confirmed_closed"
      },
      {
        "runId": "961a2402-d15f-466c-82c4-de3207f44156",
        "status": "reconciled_stopped",
        "classification": "terminal",
        "reason": "too_recent",
        "terminalAtUtc": "2026-09-03T03:56:21.485Z"
      },
      {
        "runId": "96ee777b-0bad-4372-9def-f7a3ea3d5b98",
        "status": "stopped",
        "classification": "terminal",
        "reason": "too_recent",
        "terminalAtUtc": "2026-09-03T14:56:09.285Z"
      },
      {
        "runId": "98aa5a5b-8f6b-4d0b-9456-9c9f8c7f3f78",
        "status": "launching",
        "classification": "launching",
        "reason": "nonterminal"
      },
      {
        "runId": "994bb503-e49b-4761-85f6-f553eec4de0f",
        "status": "stopped",
        "classification": "terminal",
        "reason": "too_recent",
        "terminalAtUtc": "2026-09-03T15:09:24.588Z"
      },
      {
        "runId": "9a0d782b-7312-4771-8a14-f9118ce3d9e3",
        "status": "launching",
        "classification": "stale_closed",
        "reason": "nonterminal"
      },
      {
        "runId": "9c5b89bd-f0c0-4281-977f-9315af35f157",
        "status": "completed",
        "classification": "terminal",
        "reason": "stdout_path_outside_state_root",
        "detail": "/sessions/eloquent-busy-noether/mnt/vibe/architrino/.local-data/owned-compute/logs/9c5b89bd-f0c0-4281-977f-9315af35f157.stdout.log"
      },
      {
        "runId": "9d556a9c-0bac-41ee-a956-52cb2bb2e429",
        "status": "failed",
        "classification": "terminal",
        "reason": "process_group_not_confirmed_closed"
      },
      {
        "runId": "9e95192a-1cde-4be4-bc66-3e4877e06fee",
        "status": "completed",
        "classification": "terminal",
        "reason": "too_recent",
        "terminalAtUtc": "2026-09-06T17:53:44.616Z"
      },
      {
        "runId": "a0b0f4b8-14f5-4c43-b25f-4635eeef2ce2",
        "status": "stopped",
        "classification": "terminal",
        "reason": "too_recent",
        "terminalAtUtc": "2026-09-03T14:30:37.637Z"
      },
      {
        "runId": "a0bd8148-2e38-41f4-8750-865944e0c672",
        "status": "stopped",
        "classification": "terminal",
        "reason": "too_recent",
        "terminalAtUtc": "2026-09-03T01:57:59.734Z"
      },
      {
        "runId": "a1180874-99e0-46ad-8c7e-0640d14fe82a",
        "status": "failed",
        "classification": "terminal",
        "reason": "too_recent",
        "terminalAtUtc": "2026-09-07T06:38:30.891Z"
      },
      {
        "runId": "a1cd5d61-7af8-4baa-8e98-ff763b392254",
        "status": "failed",
        "classification": "terminal",
        "reason": "process_group_not_confirmed_closed"
      },
      {
        "runId": "a2c6992d-486a-4022-b086-7ef519d38196",
        "status": "failed",
        "classification": "terminal",
        "reason": "too_recent",
        "terminalAtUtc": "2026-09-07T07:00:35.759Z"
      },
      {
        "runId": "a3ad8bf8-2b4e-4d0e-ac9b-a9352268c1f0",
        "status": "launching",
        "classification": "stale_closed",
        "reason": "nonterminal"
      },
      {
        "runId": "a484c2ad-4774-4050-bdaa-ab9029fbcfc4",
        "status": "reconciled_stopped",
        "classification": "terminal",
        "reason": "too_recent",
        "terminalAtUtc": "2026-09-07T07:04:56.299Z"
      },
      {
        "runId": "a49c354a-ea86-43fc-9fab-0d2b35b3d4b5",
        "status": "launching",
        "classification": "stale_closed",
        "reason": "nonterminal"
      },
      {
        "runId": "a77eeddc-02be-431b-80a7-761ce3c3e20b",
        "status": "completed",
        "classification": "terminal",
        "reason": "too_recent",
        "terminalAtUtc": "2026-09-07T05:18:05.239Z"
      },
      {
        "runId": "a80a88e2-5558-4954-a279-5b537b4f9e93",
        "status": "stopped",
        "classification": "terminal",
        "reason": "too_recent",
        "terminalAtUtc": "2026-09-07T02:43:48.904Z"
      },
      {
        "runId": "a900e50a-0610-4e4e-abce-49d217df75d9",
        "status": "stopped",
        "classification": "terminal",
        "reason": "too_recent",
        "terminalAtUtc": "2026-09-07T00:59:58.157Z"
      },
      {
        "runId": "a92daec1-7966-4f94-9130-9a9e412c31bb",
        "status": "failed",
        "classification": "terminal",
        "reason": "process_group_not_confirmed_closed"
      },
      {
        "runId": "a95365fe-a4be-4a3e-896c-950ab54a8f49",
        "status": "launching",
        "classification": "stale_closed",
        "reason": "nonterminal"
      },
      {
        "runId": "aab9dcd1-a4e5-4712-9caf-03cda5baf029",
        "status": "launching",
        "classification": "stale_closed",
        "reason": "nonterminal"
      },
      {
        "runId": "ab19e4d1-12f4-4d36-9c88-76734aaec297",
        "status": "launching",
        "classification": "stale_closed",
        "reason": "nonterminal"
      },
      {
        "runId": "abaa28a5-692a-4fe8-99bb-c69a35fafad7",
        "status": "timed_out",
        "classification": "terminal",
        "reason": "too_recent",
        "terminalAtUtc": "2026-09-07T02:43:51.572Z"
      },
      {
        "runId": "abfaa1a5-299e-4812-aeb7-0297a4c9f59c",
        "status": "completed",
        "classification": "terminal",
        "reason": "stdout_path_outside_state_root",
        "detail": "/sessions/gallant-sleepy-edison/mnt/architrino/.local-data/owned-compute/logs/abfaa1a5-299e-4812-aeb7-0297a4c9f59c.stdout.log"
      },
      {
        "runId": "acaa92cf-a7dd-465f-9c56-7c8d82f9653f",
        "status": "reconciled_stopped",
        "classification": "terminal",
        "reason": "too_recent",
        "terminalAtUtc": "2026-09-06T18:12:43.996Z"
      },
      {
        "runId": "adad2f18-3560-4847-afb9-8206287dd25a",
        "status": "completed",
        "classification": "terminal",
        "reason": "stdout_path_outside_state_root",
        "detail": "/sessions/eloquent-busy-noether/mnt/vibe/architrino/.local-data/owned-compute-outside-49688517-cb60-4a36-8000-bc44ca53feec.log"
      },
      {
        "runId": "ae765641-9741-4e3d-bda5-1fc274784f53",
        "status": "failed",
        "classification": "terminal",
        "reason": "process_group_not_confirmed_closed"
      },
      {
        "runId": "aef40d5f-6d7b-4114-a088-043c729646a7",
        "status": "completed",
        "classification": "terminal",
        "reason": "stdout_path_outside_state_root",
        "detail": "/sessions/gallant-sleepy-edison/mnt/architrino/.local-data/owned-compute/logs/aef40d5f-6d7b-4114-a088-043c729646a7.stdout.log"
      },
      {
        "runId": "af2a4882-3519-4ee1-8847-4b5832733487",
        "status": "stopped",
        "classification": "terminal",
        "reason": "too_recent",
        "terminalAtUtc": "2026-09-07T07:04:54.718Z"
      },
      {
        "runId": "af77ba87-c5ce-49cf-b242-c76ea5ca31bb",
        "status": "stopped",
        "classification": "terminal",
        "reason": "too_recent",
        "terminalAtUtc": "2026-09-03T15:29:41.332Z"
      },
      {
        "runId": "af9c6071-d568-44d0-821d-cab8349e79af",
        "status": "stopped",
        "classification": "terminal",
        "reason": "too_recent",
        "terminalAtUtc": "2026-09-03T01:05:20.664Z"
      },
      {
        "runId": "b05b9314-7a92-47a1-8f38-0bc775dd0e7d",
        "status": "stopped",
        "classification": "terminal",
        "reason": "too_recent",
        "terminalAtUtc": "2026-09-03T14:57:37.377Z"
      },
      {
        "runId": "b26678f7-b22b-4cf4-8251-a33115d39979",
        "status": "timed_out",
        "classification": "terminal",
        "reason": "too_recent",
        "terminalAtUtc": "2026-09-02T23:56:54.305Z"
      },
      {
        "runId": "b3502c8c-9144-489c-97ed-ff5d211fccc1",
        "status": "launching",
        "classification": "stale_closed",
        "reason": "nonterminal"
      },
      {
        "runId": "b36c6def-b48e-4864-b1ef-647a08756abc",
        "status": "failed",
        "classification": "terminal",
        "reason": "process_group_not_confirmed_closed"
      },
      {
        "runId": "b386b5b1-a305-468e-b01e-b93d0005941e",
        "status": "failed",
        "classification": "terminal",
        "reason": "too_recent",
        "terminalAtUtc": "2026-09-07T07:00:35.780Z"
      },
      {
        "runId": "b4326b9e-fa8f-40a4-a266-d792892c9e55",
        "status": "launching",
        "classification": "stale_closed",
        "reason": "nonterminal"
      },
      {
        "runId": "b50e549c-73d7-4fac-b923-90724e5b242a",
        "status": "launching",
        "classification": "stale_closed",
        "reason": "nonterminal"
      },
      {
        "runId": "b53748f0-4828-46f6-8f1e-65e099d9b758",
        "status": "completed",
        "classification": "terminal",
        "reason": "too_recent",
        "terminalAtUtc": "2026-09-03T03:56:19.053Z"
      },
      {
        "runId": "b59a75e9-d387-4472-b91e-04c3157b6abf",
        "status": "stopped",
        "classification": "terminal",
        "reason": "too_recent",
        "terminalAtUtc": "2026-09-05T03:53:17.148Z"
      },
      {
        "runId": "b59c78a3-6f01-4fee-9a0a-078ce24d5e92",
        "status": "stopped",
        "classification": "terminal",
        "reason": "too_recent",
        "terminalAtUtc": "2026-09-05T05:12:23.965Z"
      },
      {
        "runId": "b5f12298-f537-41c7-a977-34d34aae4f72",
        "status": "failed",
        "classification": "terminal",
        "reason": "process_group_not_confirmed_closed"
      },
      {
        "runId": "b5fae141-c847-48e9-8383-222364939fba",
        "status": "timed_out",
        "classification": "terminal",
        "reason": "too_recent",
        "terminalAtUtc": "2026-09-07T05:22:45.464Z"
      },
      {
        "runId": "b724c158-b383-4c4e-8ba8-67076919d746",
        "status": "stopped",
        "classification": "terminal",
        "reason": "too_recent",
        "terminalAtUtc": "2026-09-03T03:03:46.226Z"
      },
      {
        "runId": "b89d8aa0-37ac-4810-ae68-6f765f1c81cf",
        "status": "launching",
        "classification": "stale_closed",
        "reason": "nonterminal"
      },
      {
        "runId": "b8ac1dd1-4fd7-4f9f-8081-212768b1c84b",
        "status": "completed",
        "classification": "terminal",
        "reason": "too_recent",
        "terminalAtUtc": "2026-09-07T04:33:47.558Z"
      },
      {
        "runId": "b8e2c178-a16a-45f0-aef6-11ef40fb05a2",
        "status": "stopped",
        "classification": "terminal",
        "reason": "too_recent",
        "terminalAtUtc": "2026-09-02T23:54:23.289Z"
      },
      {
        "runId": "b97dcaaf-fbb7-448e-bfe3-38f264d2166f",
        "status": "failed",
        "classification": "terminal",
        "reason": "too_recent",
        "terminalAtUtc": "2026-09-06T17:55:21.456Z"
      },
      {
        "runId": "b984ecde-70ff-4955-8dad-b776f794c7a2",
        "status": "failed",
        "classification": "terminal",
        "reason": "process_group_not_confirmed_closed"
      },
      {
        "runId": "ba113781-ab5d-48de-8b14-cb44d7f3a76c",
        "status": "completed",
        "classification": "terminal",
        "reason": "stdout_path_outside_state_root",
        "detail": "/sessions/gallant-sleepy-edison/mnt/architrino/.local-data/owned-compute/logs/ba113781-ab5d-48de-8b14-cb44d7f3a76c.stdout.log"
      },
      {
        "runId": "bbf49ecc-050f-45f3-b0f9-7ce384eea5c2",
        "status": "launching",
        "classification": "launching",
        "reason": "nonterminal"
      },
      {
        "runId": "bc97436e-077d-4fd0-909e-8b63c9898598",
        "status": "failed",
        "classification": "terminal",
        "reason": "process_group_not_confirmed_closed"
      },
      {
        "runId": "bdb81ecb-b6f5-4007-906d-823c3c4b9312",
        "status": "failed",
        "classification": "terminal",
        "reason": "process_group_not_confirmed_closed"
      },
      {
        "runId": "c08d28be-2dfa-4e09-9a00-bfb23e1d6044",
        "status": "failed",
        "classification": "terminal",
        "reason": "process_group_not_confirmed_closed"
      },
      {
        "runId": "c0921803-240a-4b85-b3fa-387a4af90757",
        "status": "completed",
        "classification": "terminal",
        "reason": "stdout_path_outside_state_root",
        "detail": "/sessions/gallant-sleepy-edison/mnt/architrino/.local-data/owned-compute/logs/c0921803-240a-4b85-b3fa-387a4af90757.stdout.log"
      },
      {
        "runId": "c1760e79-7564-49c5-975f-9ef6ccb8adbf",
        "status": "timed_out",
        "classification": "terminal",
        "reason": "too_recent",
        "terminalAtUtc": "2026-09-06T17:53:56.241Z"
      },
      {
        "runId": "c24983e3-f43c-43a2-8988-df1b76998dce",
        "status": "failed",
        "classification": "terminal",
        "reason": "too_recent",
        "terminalAtUtc": "2026-09-07T05:17:13.208Z"
      },
      {
        "runId": "c3307e61-b2d0-4cb2-85c1-31e38e63a4ce",
        "status": "stopped",
        "classification": "terminal",
        "reason": "too_recent",
        "terminalAtUtc": "2026-09-03T01:03:09.521Z"
      },
      {
        "runId": "c39a2f0b-45fa-42ee-a201-ac1b2b74365d",
        "status": "failed",
        "classification": "terminal",
        "reason": "process_group_not_confirmed_closed"
      },
      {
        "runId": "c7d9f198-1fcc-4eca-bb31-e62a771f62eb",
        "status": "completed",
        "classification": "terminal",
        "reason": "stdout_path_outside_state_root",
        "detail": "/sessions/gallant-sleepy-edison/mnt/architrino/.local-data/owned-compute/logs/c7d9f198-1fcc-4eca-bb31-e62a771f62eb.stdout.log"
      },
      {
        "runId": "c8c816f2-f06e-4c97-b5c3-2039a8a6b869",
        "status": "failed",
        "classification": "terminal",
        "reason": "process_group_not_confirmed_closed"
      },
      {
        "runId": "c999625a-5ae6-48b9-b56d-383e5d3eeb5d",
        "status": "failed",
        "classification": "terminal",
        "reason": "process_group_not_confirmed_closed"
      },
      {
        "runId": "caa42414-8c79-475e-a12c-fb889db79ae4",
        "status": "stopped",
        "classification": "terminal",
        "reason": "too_recent",
        "terminalAtUtc": "2026-09-03T15:45:20.091Z"
      },
      {
        "runId": "cb060f02-a20e-4381-aa8f-4ccb02db0b17",
        "status": "completed",
        "classification": "terminal",
        "reason": "too_recent",
        "terminalAtUtc": "2026-09-06T15:23:42.848Z"
      },
      {
        "runId": "cb4fd7c9-a8e6-4259-9ba7-21d68018cab5",
        "status": "failed",
        "classification": "terminal",
        "reason": "process_group_not_confirmed_closed"
      },
      {
        "runId": "cc53d0cc-acb3-47de-ba62-3cd2eda34cb4",
        "status": "completed",
        "classification": "terminal",
        "reason": "too_recent",
        "terminalAtUtc": "2026-09-06T15:21:17.597Z"
      },
      {
        "runId": "cc74cf70-6739-41a4-8b6c-fc6a3f80b169",
        "status": "completed",
        "classification": "terminal",
        "reason": "too_recent",
        "terminalAtUtc": "2026-09-07T04:54:33.885Z"
      },
      {
        "runId": "ce2d860e-56f6-4bca-a57e-b9911a5e0638",
        "status": "launching",
        "classification": "launching",
        "reason": "nonterminal"
      },
      {
        "runId": "d16e07a4-a15b-43eb-a021-2ca94ef4ef22",
        "status": "stopped",
        "classification": "terminal",
        "reason": "too_recent",
        "terminalAtUtc": "2026-09-03T01:03:08.809Z"
      },
      {
        "runId": "d1792147-e899-41d8-aa50-2217f5de8e14",
        "status": "stopped",
        "classification": "terminal",
        "reason": "too_recent",
        "terminalAtUtc": "2026-09-05T03:39:45.933Z"
      },
      {
        "runId": "d1a45a59-e522-4a1a-8526-51511dccc5dc",
        "status": "completed",
        "classification": "terminal",
        "reason": "too_recent",
        "terminalAtUtc": "2026-09-06T15:28:39.133Z"
      },
      {
        "runId": "d42c8e10-194d-42fb-8bc1-5716c4a7eaaf",
        "status": "failed",
        "classification": "terminal",
        "reason": "process_group_not_confirmed_closed"
      },
      {
        "runId": "d4e740b9-bb83-4bdb-af55-d649a329f8e4",
        "status": "failed",
        "classification": "terminal",
        "reason": "too_recent",
        "terminalAtUtc": "2026-09-06T17:53:54.696Z"
      },
      {
        "runId": "d62d3561-9ef0-40f8-b069-c6ad025496d4",
        "status": "completed",
        "classification": "terminal",
        "reason": "stdout_path_outside_state_root",
        "detail": "/sessions/gallant-sleepy-edison/mnt/architrino/.local-data/owned-compute/logs/d62d3561-9ef0-40f8-b069-c6ad025496d4.stdout.log"
      },
      {
        "runId": "d632a07b-0a71-418c-9d64-69e74ac2c5ea",
        "status": "stopped",
        "classification": "terminal",
        "reason": "too_recent",
        "terminalAtUtc": "2026-09-07T03:14:16.513Z"
      },
      {
        "runId": "d7485c00-8600-46b6-b91f-c9ed8ad54418",
        "status": "completed",
        "classification": "terminal",
        "reason": "stdout_path_outside_state_root",
        "detail": "/sessions/gallant-sleepy-edison/mnt/architrino/.local-data/owned-compute-outside-1d32e970-a9bf-4ca7-993f-364f0591d376.log"
      },
      {
        "runId": "d9385485-e2af-4541-8472-523f23751f5e",
        "status": "failed",
        "classification": "terminal",
        "reason": "process_group_not_confirmed_closed"
      },
      {
        "runId": "dc195b77-f748-49ce-b5f5-26b71fecc62f",
        "status": "completed",
        "classification": "terminal",
        "reason": "stdout_path_outside_state_root",
        "detail": "/sessions/awesome-affectionate-heisenberg/mnt/vibe/architrino/.local-data/owned-compute-outside-6ad0d5b1-fe7b-47a4-9581-d200532f5f18.log"
      },
      {
        "runId": "dd1b6832-0057-42d3-b53b-32c66e58caa4",
        "status": "stopped",
        "classification": "terminal",
        "reason": "too_recent",
        "terminalAtUtc": "2026-09-03T11:56:13.005Z"
      },
      {
        "runId": "dd3e8af1-7c58-40c6-b04c-c3dfdde23143",
        "status": "stopped",
        "classification": "terminal",
        "reason": "too_recent",
        "terminalAtUtc": "2026-09-03T03:56:19.888Z"
      },
      {
        "runId": "de4b5593-6a5d-4a5e-8077-c5dc4f43dab7",
        "status": "reconciled_stopped",
        "classification": "terminal",
        "reason": "too_recent",
        "terminalAtUtc": "2026-09-03T01:03:11.105Z"
      },
      {
        "runId": "dee24c9a-c731-4f42-8b8c-ee2e8711bdea",
        "status": "completed",
        "classification": "terminal",
        "reason": "stdout_path_outside_state_root",
        "detail": "/sessions/eloquent-busy-noether/mnt/vibe/architrino/.local-data/owned-compute/logs/dee24c9a-c731-4f42-8b8c-ee2e8711bdea.stdout.log"
      },
      {
        "runId": "e0da1389-0a63-4267-9fed-78ef977a3775",
        "status": "failed",
        "classification": "terminal",
        "reason": "too_recent",
        "terminalAtUtc": "2026-09-07T01:00:53.246Z"
      },
      {
        "runId": "e105b8b4-e811-4b21-9076-a951446f1a72",
        "status": "completed",
        "classification": "terminal",
        "reason": "stdout_path_outside_state_root",
        "detail": "/sessions/awesome-affectionate-heisenberg/mnt/vibe/architrino/.local-data/owned-compute/logs/e105b8b4-e811-4b21-9076-a951446f1a72.stdout.log"
      },
      {
        "runId": "e134df63-e99a-427a-979d-87e313992a23",
        "status": "launching",
        "classification": "stale_closed",
        "reason": "nonterminal"
      },
      {
        "runId": "e24c9dc4-7409-4387-9082-cac0a3894ef2",
        "status": "launching",
        "classification": "stale_closed",
        "reason": "nonterminal"
      },
      {
        "runId": "e29e9bb0-5c8d-4ce4-8d80-95c5971aec29",
        "status": "failed",
        "classification": "terminal",
        "reason": "process_group_not_confirmed_closed"
      },
      {
        "runId": "e4288e16-c6ce-4b25-8e22-966426755f66",
        "status": "failed",
        "classification": "terminal",
        "reason": "process_group_not_confirmed_closed"
      },
      {
        "runId": "e47ebc8b-cc27-4808-b889-c502a3aa0d04",
        "status": "timed_out",
        "classification": "terminal",
        "reason": "too_recent",
        "terminalAtUtc": "2026-09-06T18:12:43.723Z"
      },
      {
        "runId": "e5035618-7313-4299-ad87-a8b334790f6c",
        "status": "completed",
        "classification": "terminal",
        "reason": "too_recent",
        "terminalAtUtc": "2026-09-02T23:56:52.168Z"
      },
      {
        "runId": "e60ad7ed-31c0-4166-abb9-10392863a810",
        "status": "failed",
        "classification": "terminal",
        "reason": "process_group_not_confirmed_closed"
      },
      {
        "runId": "e70edb7a-8856-4114-983d-16b0a61ea274",
        "status": "failed",
        "classification": "terminal",
        "reason": "too_recent",
        "terminalAtUtc": "2026-09-03T03:56:19.294Z"
      },
      {
        "runId": "e74fa175-f503-4efb-8d83-06ce1ddac884",
        "status": "launching",
        "classification": "stale_closed",
        "reason": "nonterminal"
      },
      {
        "runId": "ea414e01-c74f-478a-a6fa-3f9d87436bcc",
        "status": "failed",
        "classification": "terminal",
        "reason": "too_recent",
        "terminalAtUtc": "2026-09-07T04:57:28.255Z"
      },
      {
        "runId": "ea64b7c1-20cd-4bb2-97eb-68ade24bd382",
        "status": "launching",
        "classification": "stale_closed",
        "reason": "nonterminal"
      },
      {
        "runId": "ea779246-fbb3-4ab3-a498-76787c6ae299",
        "status": "failed",
        "classification": "terminal",
        "reason": "process_group_not_confirmed_closed"
      },
      {
        "runId": "ebd6f208-c87f-43e1-8212-7889b121458a",
        "status": "completed",
        "classification": "terminal",
        "reason": "stdout_path_outside_state_root",
        "detail": "/sessions/gallant-sleepy-edison/mnt/architrino/.local-data/owned-compute/logs/ebd6f208-c87f-43e1-8212-7889b121458a.stdout.log"
      },
      {
        "runId": "ece8652f-7976-4d9f-b0e7-367bf48406ef",
        "status": "stopped",
        "classification": "terminal",
        "reason": "too_recent",
        "terminalAtUtc": "2026-09-03T03:57:20.497Z"
      },
      {
        "runId": "ed3c6ab9-3b06-421d-857f-79bca77b58b6",
        "status": "failed",
        "classification": "terminal",
        "reason": "process_group_not_confirmed_closed"
      },
      {
        "runId": "ed4f0043-70ea-4bb1-977a-75e1dcb63180",
        "status": "completed",
        "classification": "terminal",
        "reason": "stdout_path_outside_state_root",
        "detail": "/sessions/gallant-sleepy-edison/mnt/architrino/.local-data/owned-compute-outside-7aeac6e1-b3b7-47a9-aa54-f17dc74b11a7.log"
      },
      {
        "runId": "eebdf22b-2ca4-418e-b06f-b2d0a581da9c",
        "status": "launching",
        "classification": "stale_closed",
        "reason": "nonterminal"
      },
      {
        "runId": "eec4fd2e-6176-49a9-9541-83f791df709b",
        "status": "launching",
        "classification": "launching",
        "reason": "nonterminal"
      },
      {
        "runId": "ef4314d2-4212-4dd1-93a3-a61d64fd56d9",
        "status": "failed",
        "classification": "terminal",
        "reason": "process_group_not_confirmed_closed"
      },
      {
        "runId": "efd68aaf-6009-4771-aeca-57bede6c3fa8",
        "status": "launching",
        "classification": "launching",
        "reason": "nonterminal"
      },
      {
        "runId": "f06c934b-9383-47f3-87a3-beb06291bc27",
        "status": "failed",
        "classification": "terminal",
        "reason": "too_recent",
        "terminalAtUtc": "2026-09-03T01:03:08.876Z"
      },
      {
        "runId": "f2441208-e91c-4b7a-894d-52906f93ea38",
        "status": "failed",
        "classification": "terminal",
        "reason": "process_group_not_confirmed_closed"
      },
      {
        "runId": "f448328e-477f-43ab-856b-38b420c07a80",
        "status": "reconciled_closed",
        "classification": "terminal",
        "reason": "too_recent",
        "terminalAtUtc": "2026-09-02T23:52:30.556Z"
      },
      {
        "runId": "f7e6f6c5-6afc-4081-8eac-eafbdc1ac657",
        "status": "reconciled_closed",
        "classification": "terminal",
        "reason": "too_recent",
        "terminalAtUtc": "2026-09-03T01:57:39.000Z"
      },
      {
        "runId": "f7feb6f3-a0d9-477b-b8f6-856e83a4c684",
        "status": "launching",
        "classification": "stale_closed",
        "reason": "nonterminal"
      },
      {
        "runId": "f817a00a-42fd-47cb-b4ae-524d6cac7463",
        "status": "launching",
        "classification": "launching",
        "reason": "nonterminal"
      },
      {
        "runId": "f81eb76a-421c-4dd8-9ede-850f74ef6da6",
        "status": "failed",
        "classification": "terminal",
        "reason": "process_group_not_confirmed_closed"
      },
      {
        "runId": "f904b260-f4ee-48d5-83e4-524f093caeed",
        "status": "completed",
        "classification": "terminal",
        "reason": "too_recent",
        "terminalAtUtc": "2026-09-06T18:17:17.926Z"
      },
      {
        "runId": "f9b701fa-22fc-45cf-9e80-95e5afc39f4a",
        "status": "completed",
        "classification": "terminal",
        "reason": "stdout_path_outside_state_root",
        "detail": "/sessions/gallant-sleepy-edison/mnt/architrino/.local-data/owned-compute-outside-d8717e24-e2a5-4dec-a5d8-354759aeb818.log"
      },
      {
        "runId": "fd33d145-4c1c-4975-8cd3-f585959ae4f2",
        "status": "timed_out",
        "classification": "terminal",
        "reason": "too_recent",
        "terminalAtUtc": "2026-09-02T23:54:24.538Z"
      },
      {
        "runId": "fdcc0c32-a2f5-48e0-a55f-e75e7df90e85",
        "status": "failed",
        "classification": "terminal",
        "reason": "process_group_not_confirmed_closed"
      },
      {
        "runId": "fdede8ac-24ed-4887-af7f-6e7f9a622b93",
        "status": "completed",
        "classification": "terminal",
        "reason": "stdout_path_outside_state_root",
        "detail": "/sessions/eloquent-busy-noether/mnt/vibe/architrino/.local-data/owned-compute/logs/fdede8ac-24ed-4887-af7f-6e7f9a622b93.stdout.log"
      },
      {
        "runId": "fe1adb7c-9c22-4f35-9e43-cf81b80607e9",
        "status": "stopped",
        "classification": "terminal",
        "reason": "too_recent",
        "terminalAtUtc": "2026-09-06T17:55:21.825Z"
      }
    ],
    "deleted": []
  }
  
  
      at file:///Users/markmorris/vibe/architrino/tests/owned-compute-supervisor.test.js:22:16
      at ChildProcess.exithandler (node:child_process:424:5)
      at ChildProcess.emit (node:events:509:20)
      at maybeClose (node:internal/child_process:1108:16)
      at ChildProcess._handle.onexit (node:internal/child_process:305:5)

test at tests/owned-compute-supervisor.test.js:299:1
✖ prune retains terminal records newer than the explicit age (106.754916ms)
  Error: command failed: Command failed: /opt/homebrew/Cellar/node/26.3.0/bin/node /Users/markmorris/vibe/architrino/scripts/dev/owned-compute-supervisor.mjs prune --older-than-seconds 10000000000 --apply
  
  {
    "schema": "architrino.owned-compute-prune-report.v1",
    "status": "refused",
    "mode": "apply",
    "olderThanSeconds": 10000000000,
    "cutoffAtUtc": "1709-10-18T13:18:16.755Z",
    "selected": [],
    "retained": [
      {
        "runId": "00086baa-424f-4469-9dc2-ace7262f12c0",
        "status": "failed",
        "classification": "terminal",
        "reason": "too_recent",
        "terminalAtUtc": "2026-09-06T18:12:42.105Z"
      },
      {
        "runId": "01b90d52-a8d1-43d4-a865-60637100d222",
        "status": "launching",
        "classification": "stale_closed",
        "reason": "nonterminal"
      },
      {
        "runId": "022ceae4-b771-410c-8acc-09eeafdd9711",
        "status": "failed",
        "classification": "terminal",
        "reason": "too_recent",
        "terminalAtUtc": "2026-09-07T07:02:53.206Z"
      },
      {
        "runId": "023d9a99-e8aa-479b-9281-beb0754ebb76",
        "status": "failed",
        "classification": "terminal",
        "reason": "process_group_not_confirmed_closed"
      },
      {
        "runId": "0269a216-0fff-4286-ada3-cd14973e0793",
        "status": "completed",
        "classification": "terminal",
        "reason": "too_recent",
        "terminalAtUtc": "2026-09-07T01:00:53.001Z"
      },
      {
        "runId": "035b720f-e9ef-47ba-bc73-492807e6c602",
        "status": "completed",
        "classification": "terminal",
        "reason": "stdout_path_outside_state_root",
        "detail": "/sessions/gallant-sleepy-edison/mnt/architrino/.local-data/owned-compute-outside-ff13cd4f-6a42-43e4-959d-21eca7eb0cf8.log"
      },
      {
        "runId": "036024e4-87e7-47dd-a843-114c9cb9dee2",
        "status": "stopped",
        "classification": "terminal",
        "reason": "too_recent",
        "terminalAtUtc": "2026-09-06T18:12:31.801Z"
      },
      {
        "runId": "042028e0-af30-4841-a54d-193bb831a537",
        "status": "stopped",
        "classification": "terminal",
        "reason": "too_recent",
        "terminalAtUtc": "2026-09-05T06:42:00.005Z"
      },
      {
        "runId": "06751a1d-1b47-408a-b959-5be311db9eaf",
        "status": "completed",
        "classification": "terminal",
        "reason": "stdout_path_outside_state_root",
        "detail": "/sessions/gallant-sleepy-edison/mnt/architrino/.local-data/owned-compute/logs/06751a1d-1b47-408a-b959-5be311db9eaf.stdout.log"
      },
      {
        "runId": "06ebac47-e6b6-478b-aab8-415307b5a898",
        "status": "completed",
        "classification": "terminal",
        "reason": "stdout_path_outside_state_root",
        "detail": "/sessions/gallant-sleepy-edison/mnt/architrino/.local-data/owned-compute/logs/06ebac47-e6b6-478b-aab8-415307b5a898.stdout.log"
      },
      {
        "runId": "08a56410-3fab-4d99-ad94-124505297c32",
        "status": "completed",
        "classification": "terminal",
        "reason": "too_recent",
        "terminalAtUtc": "2026-09-06T23:33:02.084Z"
      },
      {
        "runId": "0a1dcfba-512c-40d8-83cd-dfca7713a58b",
        "status": "stopped",
        "classification": "terminal",
        "reason": "too_recent",
        "terminalAtUtc": "2026-09-03T05:21:29.059Z"
      },
      {
        "runId": "0add5c56-4a8f-48b7-90ad-f37629b433d0",
        "status": "completed",
        "classification": "terminal",
        "reason": "too_recent",
        "terminalAtUtc": "2026-09-06T17:55:11.435Z"
      },
      {
        "runId": "0b40dca0-b788-4fa4-837e-b7346ae124db",
        "status": "completed",
        "classification": "terminal",
        "reason": "stdout_path_outside_state_root",
        "detail": "/sessions/awesome-affectionate-heisenberg/mnt/vibe/architrino/.local-data/owned-compute/logs/0b40dca0-b788-4fa4-837e-b7346ae124db.stdout.log"
      },
      {
        "runId": "0b908452-e923-42dd-b13f-12f6c500850a",
        "status": "reconciled_stopped",
        "classification": "terminal",
        "reason": "too_recent",
        "terminalAtUtc": "2026-09-06T17:55:23.259Z"
      },
      {
        "runId": "0ec9755f-ddff-4c79-94fa-01386b59118b",
        "status": "completed",
        "classification": "terminal",
        "reason": "too_recent",
        "terminalAtUtc": "2026-09-06T18:10:05.373Z"
      },
      {
        "runId": "10807f97-a246-47ed-b5f4-1dbef42a075f",
        "status": "launching",
        "classification": "stale_closed",
        "reason": "nonterminal"
      },
      {
        "runId": "1147816a-cbd7-48a6-954c-6545a92534a5",
        "status": "stopped",
        "classification": "terminal",
        "reason": "too_recent",
        "terminalAtUtc": "2026-09-06T17:10:45.158Z"
      },
      {
        "runId": "11a3a378-8de2-41c6-928f-3f5986a8bb60",
        "status": "failed",
        "classification": "terminal",
        "reason": "process_group_not_confirmed_closed"
      },
      {
        "runId": "1291ddbe-350a-4688-84e3-80895b186caa",
        "status": "failed",
        "classification": "terminal",
        "reason": "process_group_not_confirmed_closed"
      },
      {
        "runId": "139abb88-f707-4b93-be88-282f98921492",
        "status": "completed",
        "classification": "terminal",
        "reason": "too_recent",
        "terminalAtUtc": "2026-09-03T01:05:19.357Z"
      },
      {
        "runId": "13d835b5-23ba-45bf-b93a-9e3836515c21",
        "status": "failed",
        "classification": "terminal",
        "reason": "too_recent",
        "terminalAtUtc": "2026-09-07T06:40:53.551Z"
      },
      {
        "runId": "141535be-a54c-457e-b7f8-727fc5622b39",
        "status": "stopped",
        "classification": "terminal",
        "reason": "too_recent",
        "terminalAtUtc": "2026-09-03T03:56:19.225Z"
      },
      {
        "runId": "15028d27-585a-403c-8fb7-d2883847dac9",
        "status": "stopped",
        "classification": "terminal",
        "reason": "too_recent",
        "terminalAtUtc": "2026-09-07T02:42:52.097Z"
      },
      {
        "runId": "15047afd-8e6d-4b50-a6eb-a871ccb64f7a",
        "status": "stopped",
        "classification": "terminal",
        "reason": "too_recent",
        "terminalAtUtc": "2026-09-03T01:55:47.198Z"
      },
      {
        "runId": "150abf31-89e4-4256-8946-c4d1cf94dcaf",
        "status": "stopped",
        "classification": "terminal",
        "reason": "too_recent",
        "terminalAtUtc": "2026-09-03T01:05:57.787Z"
      },
      {
        "runId": "1584d2b0-22b5-43db-a637-ab686be62020",
        "status": "reconciled_stopped",
        "classification": "terminal",
        "reason": "too_recent",
        "terminalAtUtc": "2026-09-03T01:05:22.694Z"
      },
      {
        "runId": "1680ae6c-4387-4436-a1f0-e7373f8cfee1",
        "status": "stopped",
        "classification": "terminal",
        "reason": "too_recent",
        "terminalAtUtc": "2026-09-05T05:14:54.092Z"
      },
      {
        "runId": "16930c68-3926-4db2-b25d-4343a737c2a0",
        "status": "completed",
        "classification": "terminal",
        "reason": "stdout_path_outside_state_root",
        "detail": "/sessions/gallant-sleepy-edison/mnt/architrino/.local-data/owned-compute/logs/16930c68-3926-4db2-b25d-4343a737c2a0.stdout.log"
      },
      {
        "runId": "1763de8c-c588-47cf-9513-1d9c33488905",
        "status": "completed",
        "classification": "terminal",
        "reason": "too_recent",
        "terminalAtUtc": "2026-09-06T22:00:58.470Z"
      },
      {
        "runId": "17b3c610-2a39-4c17-8b0c-0e1fec117284",
        "status": "failed",
        "classification": "terminal",
        "reason": "process_group_not_confirmed_closed"
      },
      {
        "runId": "17b693dc-d899-4f9f-b1ce-5e33cb0dcfa7",
        "status": "failed",
        "classification": "terminal",
        "reason": "process_group_not_confirmed_closed"
      },
      {
        "runId": "1868b742-34ee-4342-9804-22bf020c799f",
        "status": "completed",
        "classification": "terminal",
        "reason": "too_recent",
        "terminalAtUtc": "2026-09-07T07:04:56.699Z"
      },
      {
        "runId": "189f15d6-a65d-4431-ae10-e3f352d951d3",
        "status": "failed",
        "classification": "terminal",
        "reason": "process_group_not_confirmed_closed"
      },
      {
        "runId": "1a51e68f-a4e3-40e5-a09e-2e14d860aff9",
        "status": "timed_out",
        "classification": "terminal",
        "reason": "too_recent",
        "terminalAtUtc": "2026-09-06T17:55:22.985Z"
      },
      {
        "runId": "1be47577-e5ad-470e-aba8-e4594d2cdf7a",
        "status": "stopped",
        "classification": "terminal",
        "reason": "too_recent",
        "terminalAtUtc": "2026-09-03T12:19:03.933Z"
      },
      {
        "runId": "1c66f1d5-1dfe-4773-bb94-df26ea76d7a0",
        "status": "failed",
        "classification": "terminal",
        "reason": "process_group_not_confirmed_closed"
      },
      {
        "runId": "1c6cf48e-2f74-4ea7-b0d3-13ccae7957b2",
        "status": "launching",
        "classification": "stale_closed",
        "reason": "nonterminal"
      },
      {
        "runId": "1cdd1a2b-82ca-493d-b841-94c4ca1d4c18",
        "status": "failed",
        "classification": "terminal",
        "reason": "process_group_not_confirmed_closed"
      },
      {
        "runId": "1d5c8bd8-1f5a-4afb-970f-c8d468a57aa5",
        "status": "failed",
        "classification": "terminal",
        "reason": "process_group_not_confirmed_closed"
      },
      {
        "runId": "1db81571-7281-4900-a72d-c91b5803445e",
        "status": "failed",
        "classification": "terminal",
        "reason": "process_group_not_confirmed_closed"
      },
      {
        "runId": "1e699138-a4f7-4263-bed6-033099df8f2a",
        "status": "stopped",
        "classification": "terminal",
        "reason": "too_recent",
        "terminalAtUtc": "2026-09-05T03:45:47.046Z"
      },
      {
        "runId": "1f4233c1-00b1-435c-bb23-775a23d4b61e",
        "status": "stopped",
        "classification": "terminal",
        "reason": "too_recent",
        "terminalAtUtc": "2026-09-02T23:56:53.050Z"
      },
      {
        "runId": "1f4c248c-db85-4c3f-9c2b-926ca4c380fc",
        "status": "stopped",
        "classification": "terminal",
        "reason": "too_recent",
        "terminalAtUtc": "2026-09-03T01:05:19.611Z"
      },
      {
        "runId": "22352abc-806c-4851-b161-1690eb6bd4ee",
        "status": "failed",
        "classification": "terminal",
        "reason": "too_recent",
        "terminalAtUtc": "2026-09-07T06:43:19.740Z"
      },
      {
        "runId": "22742386-eefc-4ddd-9561-e5994ad2bf38",
        "status": "stopped",
        "classification": "terminal",
        "reason": "too_recent",
        "terminalAtUtc": "2026-09-05T06:42:53.783Z"
      },
      {
        "runId": "22cc554c-d5eb-48de-afd7-6d5b7705c782",
        "status": "failed",
        "classification": "terminal",
        "reason": "process_group_not_confirmed_closed"
      },
      {
        "runId": "23edc754-ac77-45ec-8cb2-07a76192cfc1",
        "status": "failed",
        "classification": "terminal",
        "reason": "process_group_not_confirmed_closed"
      },
      {
        "runId": "264cfc44-460c-487b-aac3-412c551a1025",
        "status": "timed_out",
        "classification": "terminal",
        "reason": "too_recent",
        "terminalAtUtc": "2026-09-03T01:03:10.770Z"
      },
      {
        "runId": "264d7a46-2f07-47e4-9ed7-4851563e2eb9",
        "status": "completed",
        "classification": "terminal",
        "reason": "stdout_path_outside_state_root",
        "detail": "/sessions/gallant-sleepy-edison/mnt/architrino/.local-data/owned-compute-outside-b709edda-670e-41ed-8a22-bd2f45a5cb33.log"
      },
      {
        "runId": "26cdff48-7fb0-4ba2-8aee-b35ed5ea8dcb",
        "status": "failed",
        "classification": "terminal",
        "reason": "process_group_not_confirmed_closed"
      },
      {
        "runId": "27074a62-2837-4a9b-ab3e-bbd635c89f8f",
        "status": "reconciled_stopped",
        "classification": "terminal",
        "reason": "too_recent",
        "terminalAtUtc": "2026-09-06T17:53:56.497Z"
      },
      {
        "runId": "287269bc-c848-424d-86ab-7223e58aee56",
        "status": "failed",
        "classification": "terminal",
        "reason": "process_group_not_confirmed_closed"
      },
      {
        "runId": "28757429-c361-4e88-b6d1-aee8abb91405",
        "status": "completed",
        "classification": "terminal",
        "reason": "stdout_path_outside_state_root",
        "detail": "/sessions/gallant-sleepy-edison/mnt/architrino/.local-data/owned-compute/logs/28757429-c361-4e88-b6d1-aee8abb91405.stdout.log"
      },
      {
        "runId": "28e72f6d-fa4c-46d6-95fb-59f236263a1a",
        "status": "stopped",
        "classification": "terminal",
        "reason": "too_recent",
        "terminalAtUtc": "2026-09-06T17:55:11.433Z"
      },
      {
        "runId": "28f3c89c-15d9-4511-b255-560f74e79787",
        "status": "launching",
        "classification": "stale_closed",
        "reason": "nonterminal"
      },
      {
        "runId": "2ab5bad2-7630-4506-b747-ac8ae9a627b3",
        "status": "reconciled_closed",
        "classification": "terminal",
        "reason": "too_recent",
        "terminalAtUtc": "2026-09-02T23:52:30.554Z"
      },
      {
        "runId": "2ac0e7a4-a714-43f5-a505-1d090485ccfd",
        "status": "completed",
        "classification": "terminal",
        "reason": "stdout_path_outside_state_root",
        "detail": "/sessions/awesome-affectionate-heisenberg/mnt/vibe/architrino/.local-data/owned-compute/logs/2ac0e7a4-a714-43f5-a505-1d090485ccfd.stdout.log"
      },
      {
        "runId": "2b584865-6b6d-49d6-98d1-a75124bde5f7",
        "status": "launching",
        "classification": "stale_closed",
        "reason": "nonterminal"
      },
      {
        "runId": "2bf248d6-8ff2-479f-8573-fb45b9aa4e1a",
        "status": "completed",
        "classification": "terminal",
        "reason": "too_recent",
        "terminalAtUtc": "2026-09-07T06:42:14.807Z"
      },
      {
        "runId": "2ca48134-602f-4d8b-b84e-76f0564bd71f",
        "status": "failed",
        "classification": "terminal",
        "reason": "process_group_not_confirmed_closed"
      },
      {
        "runId": "2dbf0298-9bee-4dfb-80b1-592c1859e15d",
        "status": "completed",
        "classification": "terminal",
        "reason": "too_recent",
        "terminalAtUtc": "2026-09-06T18:12:32.060Z"
      },
      {
        "runId": "2dd40cb6-c532-4a0a-8767-d473b87f4b6f",
        "status": "failed",
        "classification": "terminal",
        "reason": "process_group_not_confirmed_closed"
      },
      {
        "runId": "30e2695d-1e5f-4e15-b30b-f320d917705c",
        "status": "completed",
        "classification": "terminal",
        "reason": "stdout_path_outside_state_root",
        "detail": "/sessions/gallant-sleepy-edison/mnt/architrino/.local-data/owned-compute/logs/30e2695d-1e5f-4e15-b30b-f320d917705c.stdout.log"
      },
      {
        "runId": "31862b7b-fb40-4d0b-b824-e7769d10c01d",
        "status": "failed",
        "classification": "terminal",
        "reason": "process_group_not_confirmed_closed"
      },
      {
        "runId": "324c93b0-8b9d-4117-ba8b-8437850a1e59",
        "status": "completed",
        "classification": "terminal",
        "reason": "stdout_path_outside_state_root",
        "detail": "/sessions/gallant-sleepy-edison/mnt/architrino/.local-data/owned-compute/logs/324c93b0-8b9d-4117-ba8b-8437850a1e59.stdout.log"
      },
      {
        "runId": "329a7a70-f000-4656-a2ce-56d3b06d3726",
        "status": "stopped",
        "classification": "terminal",
        "reason": "too_recent",
        "terminalAtUtc": "2026-09-03T03:12:16.184Z"
      },
      {
        "runId": "3385d2c0-881c-4ce9-a74e-200c1bb45800",
        "status": "launching",
        "classification": "stale_closed",
        "reason": "nonterminal"
      },
      {
        "runId": "34d23ad1-f3e2-47b1-a5fc-1abef9cff9bb",
        "status": "stopped",
        "classification": "terminal",
        "reason": "too_recent",
        "terminalAtUtc": "2026-09-03T14:03:20.888Z"
      },
      {
        "runId": "360d0a27-f451-4f7c-91b4-390832590b9e",
        "status": "launching",
        "classification": "stale_closed",
        "reason": "nonterminal"
      },
      {
        "runId": "37685d78-263d-4dca-868b-0dd40fb4d3a4",
        "status": "completed",
        "classification": "terminal",
        "reason": "stdout_path_outside_state_root",
        "detail": "/sessions/gallant-sleepy-edison/mnt/architrino/.local-data/owned-compute/logs/37685d78-263d-4dca-868b-0dd40fb4d3a4.stdout.log"
      },
      {
        "runId": "37de0a47-dd03-4eae-bb0f-b39c12de7df6",
        "status": "failed",
        "classification": "terminal",
        "reason": "process_group_not_confirmed_closed"
      },
      {
        "runId": "398e22c5-8a51-4e14-b5c6-3cbfa418e259",
        "status": "completed",
        "classification": "terminal",
        "reason": "stdout_path_outside_state_root",
        "detail": "/sessions/gallant-sleepy-edison/mnt/architrino/.local-data/owned-compute/logs/398e22c5-8a51-4e14-b5c6-3cbfa418e259.stdout.log"
      },
      {
        "runId": "3c548e3e-91c3-42f4-853f-149114dab332",
        "status": "failed",
        "classification": "terminal",
        "reason": "process_group_not_confirmed_closed"
      },
      {
        "runId": "3c7e2b18-cce3-4037-a3fd-bc63118c8c04",
        "status": "failed",
        "classification": "terminal",
        "reason": "too_recent",
        "terminalAtUtc": "2026-09-07T04:47:47.789Z"
      },
      {
        "runId": "3d8028c5-d48e-4717-a513-9cf621974a76",
        "status": "failed",
        "classification": "terminal",
        "reason": "too_recent",
        "terminalAtUtc": "2026-09-07T06:41:29.663Z"
      },
      {
        "runId": "3dbfccc2-7ade-4311-a512-aeb70ca7a0a4",
        "status": "completed",
        "classification": "terminal",
        "reason": "too_recent",
        "terminalAtUtc": "2026-09-07T04:46:20.162Z"
      },
      {
        "runId": "3f9671af-47b0-4d27-87ac-8b38fcf4445e",
        "status": "stopped",
        "classification": "terminal",
        "reason": "too_recent",
        "terminalAtUtc": "2026-09-05T03:38:16.521Z"
      },
      {
        "runId": "4138e20f-2d9a-46e2-9e44-e4fb12017c68",
        "status": "failed",
        "classification": "terminal",
        "reason": "too_recent",
        "terminalAtUtc": "2026-09-07T05:20:52.894Z"
      },
      {
        "runId": "439e47e7-ecbf-445e-9442-9c20088357fe",
        "status": "failed",
        "classification": "terminal",
        "reason": "too_recent",
        "terminalAtUtc": "2026-09-02T23:54:22.655Z"
      },
      {
        "runId": "43a514c4-167a-4c73-82a4-45ff62c6175a",
        "status": "failed",
        "classification": "terminal",
        "reason": "process_group_not_confirmed_closed"
      },
      {
        "runId": "43b30c17-ed53-4c41-88cf-406197afc170",
        "status": "launching",
        "classification": "stale_closed",
        "reason": "nonterminal"
      },
      {
        "runId": "442e8427-36a3-4a79-ae0b-b8da5e079e59",
        "status": "failed",
        "classification": "terminal",
        "reason": "process_group_not_confirmed_closed"
      },
      {
        "runId": "444e1f28-966a-4695-ac53-2d1578714394",
        "status": "failed",
        "classification": "terminal",
        "reason": "too_recent",
        "terminalAtUtc": "2026-09-07T05:35:07.042Z"
      },
      {
        "runId": "44587b8e-4774-444e-a992-c625a19dbe95",
        "status": "completed",
        "classification": "terminal",
        "reason": "too_recent",
        "terminalAtUtc": "2026-09-03T01:03:08.637Z"
      },
      {
        "runId": "45fa4c31-7bad-42b8-8ec3-1c2d7b9d239a",
        "status": "failed",
        "classification": "terminal",
        "reason": "too_recent",
        "terminalAtUtc": "2026-09-07T04:50:37.111Z"
      },
      {
        "runId": "46035b6f-9db8-49e1-a399-2b6a1a6ed239",
        "status": "failed",
        "classification": "terminal",
        "reason": "too_recent",
        "terminalAtUtc": "2026-09-07T07:04:54.109Z"
      },
      {
        "runId": "471afb53-829e-488b-823e-cfa748cbaee1",
        "status": "launching",
        "classification": "stale_closed",
        "reason": "nonterminal"
      },
      {
        "runId": "49a5708c-19a7-4e03-9577-17b64d448ecb",
        "status": "completed",
        "classification": "terminal",
        "reason": "too_recent",
        "terminalAtUtc": "2026-09-07T07:04:53.882Z"
      },
      {
        "runId": "49f850c2-0643-471c-b580-00d878b8f5bc",
        "status": "failed",
        "classification": "terminal",
        "reason": "too_recent",
        "terminalAtUtc": "2026-09-07T04:53:05.928Z"
      },
      {
        "runId": "4a5ffa70-06df-4124-b152-ba1514f7bfb6",
        "status": "reconciled_closed",
        "classification": "terminal",
        "reason": "too_recent",
        "terminalAtUtc": "2026-09-02T23:52:30.556Z"
      },
      {
        "runId": "4ab7bd56-8799-4a6d-ba6a-5cc21365aa7b",
        "status": "stopped",
        "classification": "terminal",
        "reason": "too_recent",
        "terminalAtUtc": "2026-09-03T14:20:03.445Z"
      },
      {
        "runId": "4ad143ec-961f-4ab9-8391-e472f836eab3",
        "status": "failed",
        "classification": "terminal",
        "reason": "too_recent",
        "terminalAtUtc": "2026-09-07T02:43:49.668Z"
      },
      {
        "runId": "4d5d3487-deb5-4ac5-a05a-b1130893013c",
        "status": "stopped",
        "classification": "terminal",
        "reason": "too_recent",
        "terminalAtUtc": "2026-09-06T18:12:42.553Z"
      },
      {
        "runId": "4f1de4bc-27d7-4c81-bd80-cbdd93119915",
        "status": "failed",
        "classification": "terminal",
        "reason": "process_group_not_confirmed_closed"
      },
      {
        "runId": "4f35027a-2ad7-4a28-8b46-dcdbc6458ddd",
        "status": "failed",
        "classification": "terminal",
        "reason": "process_group_not_confirmed_closed"
      },
      {
        "runId": "51445628-2a11-476c-b093-f78d4609f6ae",
        "status": "stopped",
        "classification": "terminal",
        "reason": "too_recent",
        "terminalAtUtc": "2026-09-03T23:39:08.769Z"
      },
      {
        "runId": "5213afc4-ce44-4644-81ad-00919f9ce37c",
        "status": "failed",
        "classification": "terminal",
        "reason": "process_group_not_confirmed_closed"
      },
      {
        "runId": "546f3999-566e-476c-ab39-2f623a97e55e",
        "status": "stopped",
        "classification": "terminal",
        "reason": "too_recent",
        "terminalAtUtc": "2026-09-03T14:00:24.883Z"
      },
      {
        "runId": "55195726-c489-4f49-9ce3-8c9266f3566b",
        "status": "timed_out",
        "classification": "terminal",
        "reason": "too_recent",
        "terminalAtUtc": "2026-09-03T03:56:21.128Z"
      },
      {
        "runId": "56ec5f4b-2ddb-478d-9a10-f190d3afd148",
        "status": "launching",
        "classification": "stale_closed",
        "reason": "nonterminal"
      },
      {
        "runId": "56f5d051-ce31-4582-b865-3b4fb3ccc3aa",
        "status": "stopped",
        "classification": "terminal",
        "reason": "too_recent",
        "terminalAtUtc": "2026-09-03T05:24:52.914Z"
      },
      {
        "runId": "5703599a-e7ab-494b-a386-872c32d2ee6d",
        "status": "failed",
        "classification": "terminal",
        "reason": "process_group_not_confirmed_closed"
      },
      {
        "runId": "577d374b-e63a-4757-9798-0be1c930d047",
        "status": "failed",
        "classification": "terminal",
        "reason": "process_group_not_confirmed_closed"
      },
      {
        "runId": "59ec9f81-8c42-42c3-8a12-2a7fd86a4b9e",
        "status": "launching",
        "classification": "stale_closed",
        "reason": "nonterminal"
      },
      {
        "runId": "5a882969-9fec-4584-b773-80bc2498f179",
        "status": "completed",
        "classification": "terminal",
        "reason": "too_recent",
        "terminalAtUtc": "2026-09-07T04:35:56.708Z"
      },
      {
        "runId": "5bfb4b9e-7cfb-4ede-aa9e-56237c323203",
        "status": "stopped",
        "classification": "terminal",
        "reason": "too_recent",
        "terminalAtUtc": "2026-09-05T05:13:21.625Z"
      },
      {
        "runId": "5c309a28-f7df-463a-8875-d067238bbd51",
        "status": "reconciled_stopped",
        "classification": "terminal",
        "reason": "too_recent",
        "terminalAtUtc": "2026-09-07T01:00:55.522Z"
      },
      {
        "runId": "5c781b35-6320-4cdd-b19d-32840b9e50d1",
        "status": "stopped",
        "classification": "terminal",
        "reason": "too_recent",
        "terminalAtUtc": "2026-09-07T02:43:50.313Z"
      },
      {
        "runId": "5c7edca8-8fb0-4385-9518-4e58257ee018",
        "status": "failed",
        "classification": "terminal",
        "reason": "process_group_not_confirmed_closed"
      },
      {
        "runId": "608247eb-7481-4088-9f85-8448bf1e73f7",
        "status": "stopped",
        "classification": "terminal",
        "reason": "too_recent",
        "terminalAtUtc": "2026-09-06T17:53:55.076Z"
      },
      {
        "runId": "627015b8-9dd8-43e2-b778-407da6b55ab6",
        "status": "stopped",
        "classification": "terminal",
        "reason": "too_recent",
        "terminalAtUtc": "2026-09-03T14:19:20.578Z"
      },
      {
        "runId": "64e9cb1a-0a20-4f60-970e-8865a9e85367",
        "status": "launching",
        "classification": "stale_closed",
        "reason": "nonterminal"
      },
      {
        "runId": "65f5dd5e-44ce-4b7c-84d4-c938a03c07cb",
        "status": "reconciled_stopped",
        "classification": "terminal",
        "reason": "too_recent",
        "terminalAtUtc": "2026-09-07T02:43:51.928Z"
      },
      {
        "runId": "67ba24e3-b6d2-4a50-a471-6ee8a5f51b7b",
        "status": "reconciled_stopped",
        "classification": "terminal",
        "reason": "too_recent",
        "terminalAtUtc": "2026-09-02T23:56:54.653Z"
      },
      {
        "runId": "68042f83-4254-4251-a704-68aeed5c0ce1",
        "status": "completed",
        "classification": "terminal",
        "reason": "stdout_path_outside_state_root",
        "detail": "/sessions/gallant-sleepy-edison/mnt/architrino/.local-data/owned-compute/logs/68042f83-4254-4251-a704-68aeed5c0ce1.stdout.log"
      },
      {
        "runId": "693dd3ca-65fe-43c9-9a41-5bf006ea9a79",
        "status": "reconciled_closed",
        "classification": "terminal",
        "reason": "too_recent",
        "terminalAtUtc": "2026-09-02T23:52:30.556Z"
      },
      {
        "runId": "6b2984cc-c609-41ee-a56f-f8ca4b1d8929",
        "status": "launching",
        "classification": "stale_closed",
        "reason": "nonterminal"
      },
      {
        "runId": "6e489e3b-6773-4945-bc11-9b352a532dc6",
        "status": "completed",
        "classification": "terminal",
        "reason": "stdout_path_outside_state_root",
        "detail": "/sessions/gallant-sleepy-edison/mnt/architrino/.local-data/owned-compute/logs/6e489e3b-6773-4945-bc11-9b352a532dc6.stdout.log"
      },
      {
        "runId": "6e869a37-268a-482f-8e03-edbde141a154",
        "status": "timed_out",
        "classification": "terminal",
        "reason": "too_recent",
        "terminalAtUtc": "2026-09-07T01:00:55.189Z"
      },
      {
        "runId": "70734f7a-21cf-4e4d-a78e-8c0b410c9761",
        "status": "completed",
        "classification": "terminal",
        "reason": "too_recent",
        "terminalAtUtc": "2026-09-07T04:59:48.497Z"
      },
      {
        "runId": "7085c882-6873-44d7-8e8a-dcd445342a2f",
        "status": "stopped",
        "classification": "terminal",
        "reason": "too_recent",
        "terminalAtUtc": "2026-09-03T04:00:38.343Z"
      },
      {
        "runId": "70c17ea6-ba64-4558-a0fc-53d98d5ab72c",
        "status": "timed_out",
        "classification": "terminal",
        "reason": "too_recent",
        "terminalAtUtc": "2026-09-03T01:05:22.108Z"
      },
      {
        "runId": "711f4565-75b2-4372-aeee-b8086e55b415",
        "status": "failed",
        "classification": "terminal",
        "reason": "process_group_not_confirmed_closed"
      },
      {
        "runId": "7224209a-b7d1-4340-81c2-e40823e29331",
        "status": "failed",
        "classification": "terminal",
        "reason": "process_group_not_confirmed_closed"
      },
      {
        "runId": "741ba53f-9264-45e9-9eb3-f1167318e823",
        "status": "failed",
        "classification": "terminal",
        "reason": "too_recent",
        "terminalAtUtc": "2026-09-02T23:56:52.403Z"
      },
      {
        "runId": "782e1214-a5a6-4172-a90e-ef284cfd398d",
        "status": "failed",
        "classification": "terminal",
        "reason": "process_group_not_confirmed_closed"
      },
      {
        "runId": "784c3cd6-8c96-4bf4-9d91-8910525be10b",
        "status": "stopped",
        "classification": "terminal",
        "reason": "too_recent",
        "terminalAtUtc": "2026-09-03T12:18:17.909Z"
      },
      {
        "runId": "7a396d7f-5518-4d9a-bd97-3bc7bccbb1c6",
        "status": "failed",
        "classification": "terminal",
        "reason": "too_recent",
        "terminalAtUtc": "2026-09-07T05:25:20.888Z"
      },
      {
        "runId": "7d62915c-48fb-45b3-87f3-f88c685c4915",
        "status": "failed",
        "classification": "terminal",
        "reason": "process_group_not_confirmed_closed"
      },
      {
        "runId": "7dda127a-0fe2-4468-bfa0-52094e7d8e4f",
        "status": "stopped",
        "classification": "terminal",
        "reason": "too_recent",
        "terminalAtUtc": "2026-09-05T03:37:04.505Z"
      },
      {
        "runId": "7ef6f51b-c38a-4455-b94d-de2d695a463a",
        "status": "reconciled_closed",
        "classification": "terminal",
        "reason": "too_recent",
        "terminalAtUtc": "2026-09-02T23:52:30.556Z"
      },
      {
        "runId": "7fa53f7b-8e28-4931-9644-84083e611918",
        "status": "stopped",
        "classification": "terminal",
        "reason": "too_recent",
        "terminalAtUtc": "2026-09-03T01:04:19.104Z"
      },
      {
        "runId": "7fb66b50-e062-4346-ba4c-a63327343f3d",
        "status": "launching",
        "classification": "stale_closed",
        "reason": "nonterminal"
      },
      {
        "runId": "7fd2de7a-dde3-46cd-beec-96f0b8685d29",
        "status": "completed",
        "classification": "terminal",
        "reason": "stdout_path_outside_state_root",
        "detail": "/sessions/eloquent-busy-noether/mnt/vibe/architrino/.local-data/owned-compute/logs/7fd2de7a-dde3-46cd-beec-96f0b8685d29.stdout.log"
      },
      {
        "runId": "8136e67b-dfc7-4782-9506-3ef74acedf03",
        "status": "failed",
        "classification": "terminal",
        "reason": "process_group_not_confirmed_closed"
      },
      {
        "runId": "822eb1d6-a7ba-4580-a948-c890e3076383",
        "status": "completed",
        "classification": "terminal",
        "reason": "too_recent",
        "terminalAtUtc": "2026-09-07T07:02:53.251Z"
      },
      {
        "runId": "82e0f2bd-c212-4f40-a0db-36cce0062ed5",
        "status": "completed",
        "classification": "terminal",
        "reason": "too_recent",
        "terminalAtUtc": "2026-09-07T02:43:49.427Z"
      },
      {
        "runId": "83c2907f-9125-4c89-b86e-5724a1dd13f8",
        "status": "failed",
        "classification": "terminal",
        "reason": "process_group_not_confirmed_closed"
      },
      {
        "runId": "83cf8b95-a14f-4837-a3a9-d8d0b026f4c4",
        "status": "stopped",
        "classification": "terminal",
        "reason": "too_recent",
        "terminalAtUtc": "2026-09-03T02:39:41.613Z"
      },
      {
        "runId": "8466658c-249e-4690-9610-5754619da174",
        "status": "completed",
        "classification": "terminal",
        "reason": "stdout_path_outside_state_root",
        "detail": "/sessions/awesome-affectionate-heisenberg/mnt/vibe/architrino/.local-data/owned-compute/logs/8466658c-249e-4690-9610-5754619da174.stdout.log"
      },
      {
        "runId": "84de45c3-46d8-438c-8540-1584538f82e0",
        "status": "timed_out",
        "classification": "terminal",
        "reason": "too_recent",
        "terminalAtUtc": "2026-09-07T07:04:55.962Z"
      },
      {
        "runId": "856493e8-3e91-4e9e-9963-af2fce955adc",
        "status": "stopped",
        "classification": "terminal",
        "reason": "too_recent",
        "terminalAtUtc": "2026-09-06T17:53:44.336Z"
      },
      {
        "runId": "861ddc45-2605-4811-aac8-c1037fe36ef5",
        "status": "completed",
        "classification": "terminal",
        "reason": "too_recent",
        "terminalAtUtc": "2026-09-07T04:47:22.420Z"
      },
      {
        "runId": "867c336b-cc0d-40c1-96be-3d4dbf6fc518",
        "status": "completed",
        "classification": "terminal",
        "reason": "stdout_path_outside_state_root",
        "detail": "/sessions/gallant-sleepy-edison/mnt/architrino/.local-data/owned-compute/logs/867c336b-cc0d-40c1-96be-3d4dbf6fc518.stdout.log"
      },
      {
        "runId": "869d4e79-c2e1-484f-a063-6223f3f3deb1",
        "status": "completed",
        "classification": "terminal",
        "reason": "too_recent",
        "terminalAtUtc": "2026-09-07T04:34:03.659Z"
      },
      {
        "runId": "86dabab5-2d5b-4af8-a740-64b659f2afaa",
        "status": "completed",
        "classification": "terminal",
        "reason": "too_recent",
        "terminalAtUtc": "2026-09-07T04:57:10.371Z"
      },
      {
        "runId": "88110343-535f-49fe-8856-cf1021382913",
        "status": "failed",
        "classification": "terminal",
        "reason": "process_group_not_confirmed_closed"
      },
      {
        "runId": "886374dc-68c4-4932-ad0b-a1d6111bd2c6",
        "status": "stopped",
        "classification": "terminal",
        "reason": "too_recent",
        "terminalAtUtc": "2026-09-07T01:00:53.933Z"
      },
      {
        "runId": "891b1f39-e106-4cda-941b-9b0e540be4ce",
        "status": "launching",
        "classification": "launching",
        "reason": "nonterminal"
      },
      {
        "runId": "894bc1c9-f722-42e8-87fe-6fbbb14a8b14",
        "status": "failed",
        "classification": "terminal",
        "reason": "process_group_not_confirmed_closed"
      },
      {
        "runId": "8bc8e06a-9ffb-40f4-ab41-a59727db6c21",
        "status": "running",
        "classification": "authenticated_running",
        "reason": "nonterminal"
      },
      {
        "runId": "8c0ff58f-41f0-40c9-b7b7-c33b0eb2fff7",
        "status": "failed",
        "classification": "terminal",
        "reason": "process_group_not_confirmed_closed"
      },
      {
        "runId": "8c4833fa-595c-44f8-ad1c-2dafd54cbc35",
        "status": "completed",
        "classification": "terminal",
        "reason": "stdout_path_outside_state_root",
        "detail": "/sessions/gallant-sleepy-edison/mnt/architrino/.local-data/owned-compute/logs/8c4833fa-595c-44f8-ad1c-2dafd54cbc35.stdout.log"
      },
      {
        "runId": "8ce183aa-7bd7-4522-ae1d-2684720cfaf2",
        "status": "launching",
        "classification": "stale_closed",
        "reason": "nonterminal"
      },
      {
        "runId": "8e6c16a0-d791-4422-b13c-1b41cc43ed0b",
        "status": "completed",
        "classification": "terminal",
        "reason": "too_recent",
        "terminalAtUtc": "2026-09-07T04:35:02.709Z"
      },
      {
        "runId": "8f584e93-54d8-4c2d-af5a-857ac7feb913",
        "status": "failed",
        "classification": "terminal",
        "reason": "process_group_not_confirmed_closed"
      },
      {
        "runId": "91a02a40-bd32-49bd-9512-8e33e15aa40b",
        "status": "failed",
        "classification": "terminal",
        "reason": "process_group_not_confirmed_closed"
      },
      {
        "runId": "91d2b1e3-3c77-4856-a9df-f3f805e00167",
        "status": "failed",
        "classification": "terminal",
        "reason": "too_recent",
        "terminalAtUtc": "2026-09-03T01:05:19.681Z"
      },
      {
        "runId": "93b7b711-121d-4802-a605-62a0cdd6492d",
        "status": "reconciled_stopped",
        "classification": "terminal",
        "reason": "too_recent",
        "terminalAtUtc": "2026-09-02T23:54:24.864Z"
      },
      {
        "runId": "94bce299-7a34-42de-8fd2-60885d901fae",
        "status": "completed",
        "classification": "terminal",
        "reason": "too_recent",
        "terminalAtUtc": "2026-09-02T23:54:22.414Z"
      },
      {
        "runId": "953b66a0-03fd-40bf-ab82-c19eff25ebe5",
        "status": "stopped",
        "classification": "terminal",
        "reason": "too_recent",
        "terminalAtUtc": "2026-09-07T01:00:52.482Z"
      },
      {
        "runId": "95579f63-e56c-4ef9-a557-539d629deca1",
        "status": "completed",
        "classification": "terminal",
        "reason": "too_recent",
        "terminalAtUtc": "2026-09-07T07:02:52.471Z"
      },
      {
        "runId": "95696e00-4b3e-449f-988f-9e6626290a55",
        "status": "completed",
        "classification": "terminal",
        "reason": "stdout_path_outside_state_root",
        "detail": "/sessions/gallant-sleepy-edison/mnt/architrino/.local-data/owned-compute/logs/95696e00-4b3e-449f-988f-9e6626290a55.stdout.log"
      },
      {
        "runId": "95e1cb99-2cac-4f34-b481-e8a348e14ac7",
        "status": "failed",
        "classification": "terminal",
        "reason": "process_group_not_confirmed_closed"
      },
      {
        "runId": "961a2402-d15f-466c-82c4-de3207f44156",
        "status": "reconciled_stopped",
        "classification": "terminal",
        "reason": "too_recent",
        "terminalAtUtc": "2026-09-03T03:56:21.485Z"
      },
      {
        "runId": "96ee777b-0bad-4372-9def-f7a3ea3d5b98",
        "status": "stopped",
        "classification": "terminal",
        "reason": "too_recent",
        "terminalAtUtc": "2026-09-03T14:56:09.285Z"
      },
      {
        "runId": "98aa5a5b-8f6b-4d0b-9456-9c9f8c7f3f78",
        "status": "launching",
        "classification": "launching",
        "reason": "nonterminal"
      },
      {
        "runId": "994bb503-e49b-4761-85f6-f553eec4de0f",
        "status": "stopped",
        "classification": "terminal",
        "reason": "too_recent",
        "terminalAtUtc": "2026-09-03T15:09:24.588Z"
      },
      {
        "runId": "9a0d782b-7312-4771-8a14-f9118ce3d9e3",
        "status": "launching",
        "classification": "stale_closed",
        "reason": "nonterminal"
      },
      {
        "runId": "9c5b89bd-f0c0-4281-977f-9315af35f157",
        "status": "completed",
        "classification": "terminal",
        "reason": "stdout_path_outside_state_root",
        "detail": "/sessions/eloquent-busy-noether/mnt/vibe/architrino/.local-data/owned-compute/logs/9c5b89bd-f0c0-4281-977f-9315af35f157.stdout.log"
      },
      {
        "runId": "9d556a9c-0bac-41ee-a956-52cb2bb2e429",
        "status": "failed",
        "classification": "terminal",
        "reason": "process_group_not_confirmed_closed"
      },
      {
        "runId": "9e95192a-1cde-4be4-bc66-3e4877e06fee",
        "status": "completed",
        "classification": "terminal",
        "reason": "too_recent",
        "terminalAtUtc": "2026-09-06T17:53:44.616Z"
      },
      {
        "runId": "a0b0f4b8-14f5-4c43-b25f-4635eeef2ce2",
        "status": "stopped",
        "classification": "terminal",
        "reason": "too_recent",
        "terminalAtUtc": "2026-09-03T14:30:37.637Z"
      },
      {
        "runId": "a0bd8148-2e38-41f4-8750-865944e0c672",
        "status": "stopped",
        "classification": "terminal",
        "reason": "too_recent",
        "terminalAtUtc": "2026-09-03T01:57:59.734Z"
      },
      {
        "runId": "a1180874-99e0-46ad-8c7e-0640d14fe82a",
        "status": "failed",
        "classification": "terminal",
        "reason": "too_recent",
        "terminalAtUtc": "2026-09-07T06:38:30.891Z"
      },
      {
        "runId": "a1cd5d61-7af8-4baa-8e98-ff763b392254",
        "status": "failed",
        "classification": "terminal",
        "reason": "process_group_not_confirmed_closed"
      },
      {
        "runId": "a2c6992d-486a-4022-b086-7ef519d38196",
        "status": "failed",
        "classification": "terminal",
        "reason": "too_recent",
        "terminalAtUtc": "2026-09-07T07:00:35.759Z"
      },
      {
        "runId": "a3ad8bf8-2b4e-4d0e-ac9b-a9352268c1f0",
        "status": "launching",
        "classification": "stale_closed",
        "reason": "nonterminal"
      },
      {
        "runId": "a484c2ad-4774-4050-bdaa-ab9029fbcfc4",
        "status": "reconciled_stopped",
        "classification": "terminal",
        "reason": "too_recent",
        "terminalAtUtc": "2026-09-07T07:04:56.299Z"
      },
      {
        "runId": "a49c354a-ea86-43fc-9fab-0d2b35b3d4b5",
        "status": "launching",
        "classification": "stale_closed",
        "reason": "nonterminal"
      },
      {
        "runId": "a77eeddc-02be-431b-80a7-761ce3c3e20b",
        "status": "completed",
        "classification": "terminal",
        "reason": "too_recent",
        "terminalAtUtc": "2026-09-07T05:18:05.239Z"
      },
      {
        "runId": "a80a88e2-5558-4954-a279-5b537b4f9e93",
        "status": "stopped",
        "classification": "terminal",
        "reason": "too_recent",
        "terminalAtUtc": "2026-09-07T02:43:48.904Z"
      },
      {
        "runId": "a900e50a-0610-4e4e-abce-49d217df75d9",
        "status": "stopped",
        "classification": "terminal",
        "reason": "too_recent",
        "terminalAtUtc": "2026-09-07T00:59:58.157Z"
      },
      {
        "runId": "a92daec1-7966-4f94-9130-9a9e412c31bb",
        "status": "failed",
        "classification": "terminal",
        "reason": "process_group_not_confirmed_closed"
      },
      {
        "runId": "a95365fe-a4be-4a3e-896c-950ab54a8f49",
        "status": "launching",
        "classification": "stale_closed",
        "reason": "nonterminal"
      },
      {
        "runId": "aab9dcd1-a4e5-4712-9caf-03cda5baf029",
        "status": "launching",
        "classification": "stale_closed",
        "reason": "nonterminal"
      },
      {
        "runId": "ab19e4d1-12f4-4d36-9c88-76734aaec297",
        "status": "launching",
        "classification": "stale_closed",
        "reason": "nonterminal"
      },
      {
        "runId": "abaa28a5-692a-4fe8-99bb-c69a35fafad7",
        "status": "timed_out",
        "classification": "terminal",
        "reason": "too_recent",
        "terminalAtUtc": "2026-09-07T02:43:51.572Z"
      },
      {
        "runId": "abfaa1a5-299e-4812-aeb7-0297a4c9f59c",
        "status": "completed",
        "classification": "terminal",
        "reason": "stdout_path_outside_state_root",
        "detail": "/sessions/gallant-sleepy-edison/mnt/architrino/.local-data/owned-compute/logs/abfaa1a5-299e-4812-aeb7-0297a4c9f59c.stdout.log"
      },
      {
        "runId": "acaa92cf-a7dd-465f-9c56-7c8d82f9653f",
        "status": "reconciled_stopped",
        "classification": "terminal",
        "reason": "too_recent",
        "terminalAtUtc": "2026-09-06T18:12:43.996Z"
      },
      {
        "runId": "adad2f18-3560-4847-afb9-8206287dd25a",
        "status": "completed",
        "classification": "terminal",
        "reason": "stdout_path_outside_state_root",
        "detail": "/sessions/eloquent-busy-noether/mnt/vibe/architrino/.local-data/owned-compute-outside-49688517-cb60-4a36-8000-bc44ca53feec.log"
      },
      {
        "runId": "ae765641-9741-4e3d-bda5-1fc274784f53",
        "status": "failed",
        "classification": "terminal",
        "reason": "process_group_not_confirmed_closed"
      },
      {
        "runId": "aef40d5f-6d7b-4114-a088-043c729646a7",
        "status": "completed",
        "classification": "terminal",
        "reason": "stdout_path_outside_state_root",
        "detail": "/sessions/gallant-sleepy-edison/mnt/architrino/.local-data/owned-compute/logs/aef40d5f-6d7b-4114-a088-043c729646a7.stdout.log"
      },
      {
        "runId": "af2a4882-3519-4ee1-8847-4b5832733487",
        "status": "stopped",
        "classification": "terminal",
        "reason": "too_recent",
        "terminalAtUtc": "2026-09-07T07:04:54.718Z"
      },
      {
        "runId": "af77ba87-c5ce-49cf-b242-c76ea5ca31bb",
        "status": "stopped",
        "classification": "terminal",
        "reason": "too_recent",
        "terminalAtUtc": "2026-09-03T15:29:41.332Z"
      },
      {
        "runId": "af9c6071-d568-44d0-821d-cab8349e79af",
        "status": "stopped",
        "classification": "terminal",
        "reason": "too_recent",
        "terminalAtUtc": "2026-09-03T01:05:20.664Z"
      },
      {
        "runId": "b05b9314-7a92-47a1-8f38-0bc775dd0e7d",
        "status": "stopped",
        "classification": "terminal",
        "reason": "too_recent",
        "terminalAtUtc": "2026-09-03T14:57:37.377Z"
      },
      {
        "runId": "b26678f7-b22b-4cf4-8251-a33115d39979",
        "status": "timed_out",
        "classification": "terminal",
        "reason": "too_recent",
        "terminalAtUtc": "2026-09-02T23:56:54.305Z"
      },
      {
        "runId": "b3502c8c-9144-489c-97ed-ff5d211fccc1",
        "status": "launching",
        "classification": "stale_closed",
        "reason": "nonterminal"
      },
      {
        "runId": "b36c6def-b48e-4864-b1ef-647a08756abc",
        "status": "failed",
        "classification": "terminal",
        "reason": "process_group_not_confirmed_closed"
      },
      {
        "runId": "b386b5b1-a305-468e-b01e-b93d0005941e",
        "status": "failed",
        "classification": "terminal",
        "reason": "too_recent",
        "terminalAtUtc": "2026-09-07T07:00:35.780Z"
      },
      {
        "runId": "b4326b9e-fa8f-40a4-a266-d792892c9e55",
        "status": "launching",
        "classification": "stale_closed",
        "reason": "nonterminal"
      },
      {
        "runId": "b50e549c-73d7-4fac-b923-90724e5b242a",
        "status": "launching",
        "classification": "stale_closed",
        "reason": "nonterminal"
      },
      {
        "runId": "b53748f0-4828-46f6-8f1e-65e099d9b758",
        "status": "completed",
        "classification": "terminal",
        "reason": "too_recent",
        "terminalAtUtc": "2026-09-03T03:56:19.053Z"
      },
      {
        "runId": "b59a75e9-d387-4472-b91e-04c3157b6abf",
        "status": "stopped",
        "classification": "terminal",
        "reason": "too_recent",
        "terminalAtUtc": "2026-09-05T03:53:17.148Z"
      },
      {
        "runId": "b59c78a3-6f01-4fee-9a0a-078ce24d5e92",
        "status": "stopped",
        "classification": "terminal",
        "reason": "too_recent",
        "terminalAtUtc": "2026-09-05T05:12:23.965Z"
      },
      {
        "runId": "b5f12298-f537-41c7-a977-34d34aae4f72",
        "status": "failed",
        "classification": "terminal",
        "reason": "process_group_not_confirmed_closed"
      },
      {
        "runId": "b5fae141-c847-48e9-8383-222364939fba",
        "status": "timed_out",
        "classification": "terminal",
        "reason": "too_recent",
        "terminalAtUtc": "2026-09-07T05:22:45.464Z"
      },
      {
        "runId": "b724c158-b383-4c4e-8ba8-67076919d746",
        "status": "stopped",
        "classification": "terminal",
        "reason": "too_recent",
        "terminalAtUtc": "2026-09-03T03:03:46.226Z"
      },
      {
        "runId": "b89d8aa0-37ac-4810-ae68-6f765f1c81cf",
        "status": "launching",
        "classification": "stale_closed",
        "reason": "nonterminal"
      },
      {
        "runId": "b8ac1dd1-4fd7-4f9f-8081-212768b1c84b",
        "status": "completed",
        "classification": "terminal",
        "reason": "too_recent",
        "terminalAtUtc": "2026-09-07T04:33:47.558Z"
      },
      {
        "runId": "b8e2c178-a16a-45f0-aef6-11ef40fb05a2",
        "status": "stopped",
        "classification": "terminal",
        "reason": "too_recent",
        "terminalAtUtc": "2026-09-02T23:54:23.289Z"
      },
      {
        "runId": "b97dcaaf-fbb7-448e-bfe3-38f264d2166f",
        "status": "failed",
        "classification": "terminal",
        "reason": "too_recent",
        "terminalAtUtc": "2026-09-06T17:55:21.456Z"
      },
      {
        "runId": "b984ecde-70ff-4955-8dad-b776f794c7a2",
        "status": "failed",
        "classification": "terminal",
        "reason": "process_group_not_confirmed_closed"
      },
      {
        "runId": "ba113781-ab5d-48de-8b14-cb44d7f3a76c",
        "status": "completed",
        "classification": "terminal",
        "reason": "stdout_path_outside_state_root",
        "detail": "/sessions/gallant-sleepy-edison/mnt/architrino/.local-data/owned-compute/logs/ba113781-ab5d-48de-8b14-cb44d7f3a76c.stdout.log"
      },
      {
        "runId": "bbf49ecc-050f-45f3-b0f9-7ce384eea5c2",
        "status": "launching",
        "classification": "launching",
        "reason": "nonterminal"
      },
      {
        "runId": "bc97436e-077d-4fd0-909e-8b63c9898598",
        "status": "failed",
        "classification": "terminal",
        "reason": "process_group_not_confirmed_closed"
      },
      {
        "runId": "bdb81ecb-b6f5-4007-906d-823c3c4b9312",
        "status": "failed",
        "classification": "terminal",
        "reason": "process_group_not_confirmed_closed"
      },
      {
        "runId": "c08d28be-2dfa-4e09-9a00-bfb23e1d6044",
        "status": "failed",
        "classification": "terminal",
        "reason": "process_group_not_confirmed_closed"
      },
      {
        "runId": "c0921803-240a-4b85-b3fa-387a4af90757",
        "status": "completed",
        "classification": "terminal",
        "reason": "stdout_path_outside_state_root",
        "detail": "/sessions/gallant-sleepy-edison/mnt/architrino/.local-data/owned-compute/logs/c0921803-240a-4b85-b3fa-387a4af90757.stdout.log"
      },
      {
        "runId": "c1760e79-7564-49c5-975f-9ef6ccb8adbf",
        "status": "timed_out",
        "classification": "terminal",
        "reason": "too_recent",
        "terminalAtUtc": "2026-09-06T17:53:56.241Z"
      },
      {
        "runId": "c24983e3-f43c-43a2-8988-df1b76998dce",
        "status": "failed",
        "classification": "terminal",
        "reason": "too_recent",
        "terminalAtUtc": "2026-09-07T05:17:13.208Z"
      },
      {
        "runId": "c3307e61-b2d0-4cb2-85c1-31e38e63a4ce",
        "status": "stopped",
        "classification": "terminal",
        "reason": "too_recent",
        "terminalAtUtc": "2026-09-03T01:03:09.521Z"
      },
      {
        "runId": "c39a2f0b-45fa-42ee-a201-ac1b2b74365d",
        "status": "failed",
        "classification": "terminal",
        "reason": "process_group_not_confirmed_closed"
      },
      {
        "runId": "c7d9f198-1fcc-4eca-bb31-e62a771f62eb",
        "status": "completed",
        "classification": "terminal",
        "reason": "stdout_path_outside_state_root",
        "detail": "/sessions/gallant-sleepy-edison/mnt/architrino/.local-data/owned-compute/logs/c7d9f198-1fcc-4eca-bb31-e62a771f62eb.stdout.log"
      },
      {
        "runId": "c8c816f2-f06e-4c97-b5c3-2039a8a6b869",
        "status": "failed",
        "classification": "terminal",
        "reason": "process_group_not_confirmed_closed"
      },
      {
        "runId": "c999625a-5ae6-48b9-b56d-383e5d3eeb5d",
        "status": "failed",
        "classification": "terminal",
        "reason": "process_group_not_confirmed_closed"
      },
      {
        "runId": "caa42414-8c79-475e-a12c-fb889db79ae4",
        "status": "stopped",
        "classification": "terminal",
        "reason": "too_recent",
        "terminalAtUtc": "2026-09-03T15:45:20.091Z"
      },
      {
        "runId": "cb060f02-a20e-4381-aa8f-4ccb02db0b17",
        "status": "completed",
        "classification": "terminal",
        "reason": "too_recent",
        "terminalAtUtc": "2026-09-06T15:23:42.848Z"
      },
      {
        "runId": "cb4fd7c9-a8e6-4259-9ba7-21d68018cab5",
        "status": "failed",
        "classification": "terminal",
        "reason": "process_group_not_confirmed_closed"
      },
      {
        "runId": "cc53d0cc-acb3-47de-ba62-3cd2eda34cb4",
        "status": "completed",
        "classification": "terminal",
        "reason": "too_recent",
        "terminalAtUtc": "2026-09-06T15:21:17.597Z"
      },
      {
        "runId": "cc74cf70-6739-41a4-8b6c-fc6a3f80b169",
        "status": "completed",
        "classification": "terminal",
        "reason": "too_recent",
        "terminalAtUtc": "2026-09-07T04:54:33.885Z"
      },
      {
        "runId": "ce2d860e-56f6-4bca-a57e-b9911a5e0638",
        "status": "launching",
        "classification": "launching",
        "reason": "nonterminal"
      },
      {
        "runId": "d16e07a4-a15b-43eb-a021-2ca94ef4ef22",
        "status": "stopped",
        "classification": "terminal",
        "reason": "too_recent",
        "terminalAtUtc": "2026-09-03T01:03:08.809Z"
      },
      {
        "runId": "d1792147-e899-41d8-aa50-2217f5de8e14",
        "status": "stopped",
        "classification": "terminal",
        "reason": "too_recent",
        "terminalAtUtc": "2026-09-05T03:39:45.933Z"
      },
      {
        "runId": "d1a45a59-e522-4a1a-8526-51511dccc5dc",
        "status": "completed",
        "classification": "terminal",
        "reason": "too_recent",
        "terminalAtUtc": "2026-09-06T15:28:39.133Z"
      },
      {
        "runId": "d42c8e10-194d-42fb-8bc1-5716c4a7eaaf",
        "status": "failed",
        "classification": "terminal",
        "reason": "process_group_not_confirmed_closed"
      },
      {
        "runId": "d4e740b9-bb83-4bdb-af55-d649a329f8e4",
        "status": "failed",
        "classification": "terminal",
        "reason": "too_recent",
        "terminalAtUtc": "2026-09-06T17:53:54.696Z"
      },
      {
        "runId": "d62d3561-9ef0-40f8-b069-c6ad025496d4",
        "status": "completed",
        "classification": "terminal",
        "reason": "stdout_path_outside_state_root",
        "detail": "/sessions/gallant-sleepy-edison/mnt/architrino/.local-data/owned-compute/logs/d62d3561-9ef0-40f8-b069-c6ad025496d4.stdout.log"
      },
      {
        "runId": "d632a07b-0a71-418c-9d64-69e74ac2c5ea",
        "status": "stopped",
        "classification": "terminal",
        "reason": "too_recent",
        "terminalAtUtc": "2026-09-07T03:14:16.513Z"
      },
      {
        "runId": "d7485c00-8600-46b6-b91f-c9ed8ad54418",
        "status": "completed",
        "classification": "terminal",
        "reason": "stdout_path_outside_state_root",
        "detail": "/sessions/gallant-sleepy-edison/mnt/architrino/.local-data/owned-compute-outside-1d32e970-a9bf-4ca7-993f-364f0591d376.log"
      },
      {
        "runId": "d9385485-e2af-4541-8472-523f23751f5e",
        "status": "failed",
        "classification": "terminal",
        "reason": "process_group_not_confirmed_closed"
      },
      {
        "runId": "dc195b77-f748-49ce-b5f5-26b71fecc62f",
        "status": "completed",
        "classification": "terminal",
        "reason": "stdout_path_outside_state_root",
        "detail": "/sessions/awesome-affectionate-heisenberg/mnt/vibe/architrino/.local-data/owned-compute-outside-6ad0d5b1-fe7b-47a4-9581-d200532f5f18.log"
      },
      {
        "runId": "dd1b6832-0057-42d3-b53b-32c66e58caa4",
        "status": "stopped",
        "classification": "terminal",
        "reason": "too_recent",
        "terminalAtUtc": "2026-09-03T11:56:13.005Z"
      },
      {
        "runId": "dd3e8af1-7c58-40c6-b04c-c3dfdde23143",
        "status": "stopped",
        "classification": "terminal",
        "reason": "too_recent",
        "terminalAtUtc": "2026-09-03T03:56:19.888Z"
      },
      {
        "runId": "de4b5593-6a5d-4a5e-8077-c5dc4f43dab7",
        "status": "reconciled_stopped",
        "classification": "terminal",
        "reason": "too_recent",
        "terminalAtUtc": "2026-09-03T01:03:11.105Z"
      },
      {
        "runId": "dee24c9a-c731-4f42-8b8c-ee2e8711bdea",
        "status": "completed",
        "classification": "terminal",
        "reason": "stdout_path_outside_state_root",
        "detail": "/sessions/eloquent-busy-noether/mnt/vibe/architrino/.local-data/owned-compute/logs/dee24c9a-c731-4f42-8b8c-ee2e8711bdea.stdout.log"
      },
      {
        "runId": "e0da1389-0a63-4267-9fed-78ef977a3775",
        "status": "failed",
        "classification": "terminal",
        "reason": "too_recent",
        "terminalAtUtc": "2026-09-07T01:00:53.246Z"
      },
      {
        "runId": "e105b8b4-e811-4b21-9076-a951446f1a72",
        "status": "completed",
        "classification": "terminal",
        "reason": "stdout_path_outside_state_root",
        "detail": "/sessions/awesome-affectionate-heisenberg/mnt/vibe/architrino/.local-data/owned-compute/logs/e105b8b4-e811-4b21-9076-a951446f1a72.stdout.log"
      },
      {
        "runId": "e134df63-e99a-427a-979d-87e313992a23",
        "status": "launching",
        "classification": "stale_closed",
        "reason": "nonterminal"
      },
      {
        "runId": "e24c9dc4-7409-4387-9082-cac0a3894ef2",
        "status": "launching",
        "classification": "stale_closed",
        "reason": "nonterminal"
      },
      {
        "runId": "e29e9bb0-5c8d-4ce4-8d80-95c5971aec29",
        "status": "failed",
        "classification": "terminal",
        "reason": "process_group_not_confirmed_closed"
      },
      {
        "runId": "e4288e16-c6ce-4b25-8e22-966426755f66",
        "status": "failed",
        "classification": "terminal",
        "reason": "process_group_not_confirmed_closed"
      },
      {
        "runId": "e47ebc8b-cc27-4808-b889-c502a3aa0d04",
        "status": "timed_out",
        "classification": "terminal",
        "reason": "too_recent",
        "terminalAtUtc": "2026-09-06T18:12:43.723Z"
      },
      {
        "runId": "e5035618-7313-4299-ad87-a8b334790f6c",
        "status": "completed",
        "classification": "terminal",
        "reason": "too_recent",
        "terminalAtUtc": "2026-09-02T23:56:52.168Z"
      },
      {
        "runId": "e60ad7ed-31c0-4166-abb9-10392863a810",
        "status": "failed",
        "classification": "terminal",
        "reason": "process_group_not_confirmed_closed"
      },
      {
        "runId": "e70edb7a-8856-4114-983d-16b0a61ea274",
        "status": "failed",
        "classification": "terminal",
        "reason": "too_recent",
        "terminalAtUtc": "2026-09-03T03:56:19.294Z"
      },
      {
        "runId": "e74fa175-f503-4efb-8d83-06ce1ddac884",
        "status": "launching",
        "classification": "stale_closed",
        "reason": "nonterminal"
      },
      {
        "runId": "ea414e01-c74f-478a-a6fa-3f9d87436bcc",
        "status": "failed",
        "classification": "terminal",
        "reason": "too_recent",
        "terminalAtUtc": "2026-09-07T04:57:28.255Z"
      },
      {
        "runId": "ea64b7c1-20cd-4bb2-97eb-68ade24bd382",
        "status": "launching",
        "classification": "stale_closed",
        "reason": "nonterminal"
      },
      {
        "runId": "ea779246-fbb3-4ab3-a498-76787c6ae299",
        "status": "failed",
        "classification": "terminal",
        "reason": "process_group_not_confirmed_closed"
      },
      {
        "runId": "ebd6f208-c87f-43e1-8212-7889b121458a",
        "status": "completed",
        "classification": "terminal",
        "reason": "stdout_path_outside_state_root",
        "detail": "/sessions/gallant-sleepy-edison/mnt/architrino/.local-data/owned-compute/logs/ebd6f208-c87f-43e1-8212-7889b121458a.stdout.log"
      },
      {
        "runId": "ece8652f-7976-4d9f-b0e7-367bf48406ef",
        "status": "stopped",
        "classification": "terminal",
        "reason": "too_recent",
        "terminalAtUtc": "2026-09-03T03:57:20.497Z"
      },
      {
        "runId": "ed3c6ab9-3b06-421d-857f-79bca77b58b6",
        "status": "failed",
        "classification": "terminal",
        "reason": "process_group_not_confirmed_closed"
      },
      {
        "runId": "ed4f0043-70ea-4bb1-977a-75e1dcb63180",
        "status": "completed",
        "classification": "terminal",
        "reason": "stdout_path_outside_state_root",
        "detail": "/sessions/gallant-sleepy-edison/mnt/architrino/.local-data/owned-compute-outside-7aeac6e1-b3b7-47a9-aa54-f17dc74b11a7.log"
      },
      {
        "runId": "eebdf22b-2ca4-418e-b06f-b2d0a581da9c",
        "status": "launching",
        "classification": "stale_closed",
        "reason": "nonterminal"
      },
      {
        "runId": "eec4fd2e-6176-49a9-9541-83f791df709b",
        "status": "launching",
        "classification": "launching",
        "reason": "nonterminal"
      },
      {
        "runId": "ef4314d2-4212-4dd1-93a3-a61d64fd56d9",
        "status": "failed",
        "classification": "terminal",
        "reason": "process_group_not_confirmed_closed"
      },
      {
        "runId": "efd68aaf-6009-4771-aeca-57bede6c3fa8",
        "status": "launching",
        "classification": "launching",
        "reason": "nonterminal"
      },
      {
        "runId": "f06c934b-9383-47f3-87a3-beb06291bc27",
        "status": "failed",
        "classification": "terminal",
        "reason": "too_recent",
        "terminalAtUtc": "2026-09-03T01:03:08.876Z"
      },
      {
        "runId": "f2441208-e91c-4b7a-894d-52906f93ea38",
        "status": "failed",
        "classification": "terminal",
        "reason": "process_group_not_confirmed_closed"
      },
      {
        "runId": "f448328e-477f-43ab-856b-38b420c07a80",
        "status": "reconciled_closed",
        "classification": "terminal",
        "reason": "too_recent",
        "terminalAtUtc": "2026-09-02T23:52:30.556Z"
      },
      {
        "runId": "f7e6f6c5-6afc-4081-8eac-eafbdc1ac657",
        "status": "reconciled_closed",
        "classification": "terminal",
        "reason": "too_recent",
        "terminalAtUtc": "2026-09-03T01:57:39.000Z"
      },
      {
        "runId": "f7feb6f3-a0d9-477b-b8f6-856e83a4c684",
        "status": "launching",
        "classification": "stale_closed",
        "reason": "nonterminal"
      },
      {
        "runId": "f817a00a-42fd-47cb-b4ae-524d6cac7463",
        "status": "launching",
        "classification": "launching",
        "reason": "nonterminal"
      },
      {
        "runId": "f81eb76a-421c-4dd8-9ede-850f74ef6da6",
        "status": "failed",
        "classification": "terminal",
        "reason": "process_group_not_confirmed_closed"
      },
      {
        "runId": "f904b260-f4ee-48d5-83e4-524f093caeed",
        "status": "completed",
        "classification": "terminal",
        "reason": "too_recent",
        "terminalAtUtc": "2026-09-06T18:17:17.926Z"
      },
      {
        "runId": "f9b701fa-22fc-45cf-9e80-95e5afc39f4a",
        "status": "completed",
        "classification": "terminal",
        "reason": "stdout_path_outside_state_root",
        "detail": "/sessions/gallant-sleepy-edison/mnt/architrino/.local-data/owned-compute-outside-d8717e24-e2a5-4dec-a5d8-354759aeb818.log"
      },
      {
        "runId": "fd33d145-4c1c-4975-8cd3-f585959ae4f2",
        "status": "timed_out",
        "classification": "terminal",
        "reason": "too_recent",
        "terminalAtUtc": "2026-09-02T23:54:24.538Z"
      },
      {
        "runId": "fdcc0c32-a2f5-48e0-a55f-e75e7df90e85",
        "status": "failed",
        "classification": "terminal",
        "reason": "process_group_not_confirmed_closed"
      },
      {
        "runId": "fdede8ac-24ed-4887-af7f-6e7f9a622b93",
        "status": "completed",
        "classification": "terminal",
        "reason": "stdout_path_outside_state_root",
        "detail": "/sessions/eloquent-busy-noether/mnt/vibe/architrino/.local-data/owned-compute/logs/fdede8ac-24ed-4887-af7f-6e7f9a622b93.stdout.log"
      },
      {
        "runId": "fe1adb7c-9c22-4f35-9e43-cf81b80607e9",
        "status": "stopped",
        "classification": "terminal",
        "reason": "too_recent",
        "terminalAtUtc": "2026-09-06T17:55:21.825Z"
      }
    ],
    "deleted": []
  }
  
  
      at file:///Users/markmorris/vibe/architrino/tests/owned-compute-supervisor.test.js:22:16
      at ChildProcess.exithandler (node:child_process:424:5)
      at ChildProcess.emit (node:events:509:20)
      at maybeClose (node:internal/child_process:1108:16)
      at ChildProcess._handle.onexit (node:internal/child_process:305:5)

test at tests/owned-compute-supervisor.test.js:313:1
✖ prune retains nonterminal records (105.66325ms)
  Error: command failed: Command failed: /opt/homebrew/Cellar/node/26.3.0/bin/node /Users/markmorris/vibe/architrino/scripts/dev/owned-compute-supervisor.mjs prune --older-than-seconds 10000000000 --apply
  
  {
    "schema": "architrino.owned-compute-prune-report.v1",
    "status": "refused",
    "mode": "apply",
    "olderThanSeconds": 10000000000,
    "cutoffAtUtc": "1709-10-18T13:18:16.862Z",
    "selected": [],
    "retained": [
      {
        "runId": "00086baa-424f-4469-9dc2-ace7262f12c0",
        "status": "failed",
        "classification": "terminal",
        "reason": "too_recent",
        "terminalAtUtc": "2026-09-06T18:12:42.105Z"
      },
      {
        "runId": "01b90d52-a8d1-43d4-a865-60637100d222",
        "status": "launching",
        "classification": "stale_closed",
        "reason": "nonterminal"
      },
      {
        "runId": "022ceae4-b771-410c-8acc-09eeafdd9711",
        "status": "failed",
        "classification": "terminal",
        "reason": "too_recent",
        "terminalAtUtc": "2026-09-07T07:02:53.206Z"
      },
      {
        "runId": "023d9a99-e8aa-479b-9281-beb0754ebb76",
        "status": "failed",
        "classification": "terminal",
        "reason": "process_group_not_confirmed_closed"
      },
      {
        "runId": "0269a216-0fff-4286-ada3-cd14973e0793",
        "status": "completed",
        "classification": "terminal",
        "reason": "too_recent",
        "terminalAtUtc": "2026-09-07T01:00:53.001Z"
      },
      {
        "runId": "035b720f-e9ef-47ba-bc73-492807e6c602",
        "status": "completed",
        "classification": "terminal",
        "reason": "stdout_path_outside_state_root",
        "detail": "/sessions/gallant-sleepy-edison/mnt/architrino/.local-data/owned-compute-outside-ff13cd4f-6a42-43e4-959d-21eca7eb0cf8.log"
      },
      {
        "runId": "036024e4-87e7-47dd-a843-114c9cb9dee2",
        "status": "stopped",
        "classification": "terminal",
        "reason": "too_recent",
        "terminalAtUtc": "2026-09-06T18:12:31.801Z"
      },
      {
        "runId": "042028e0-af30-4841-a54d-193bb831a537",
        "status": "stopped",
        "classification": "terminal",
        "reason": "too_recent",
        "terminalAtUtc": "2026-09-05T06:42:00.005Z"
      },
      {
        "runId": "06751a1d-1b47-408a-b959-5be311db9eaf",
        "status": "completed",
        "classification": "terminal",
        "reason": "stdout_path_outside_state_root",
        "detail": "/sessions/gallant-sleepy-edison/mnt/architrino/.local-data/owned-compute/logs/06751a1d-1b47-408a-b959-5be311db9eaf.stdout.log"
      },
      {
        "runId": "06ebac47-e6b6-478b-aab8-415307b5a898",
        "status": "completed",
        "classification": "terminal",
        "reason": "stdout_path_outside_state_root",
        "detail": "/sessions/gallant-sleepy-edison/mnt/architrino/.local-data/owned-compute/logs/06ebac47-e6b6-478b-aab8-415307b5a898.stdout.log"
      },
      {
        "runId": "08a56410-3fab-4d99-ad94-124505297c32",
        "status": "completed",
        "classification": "terminal",
        "reason": "too_recent",
        "terminalAtUtc": "2026-09-06T23:33:02.084Z"
      },
      {
        "runId": "0a1dcfba-512c-40d8-83cd-dfca7713a58b",
        "status": "stopped",
        "classification": "terminal",
        "reason": "too_recent",
        "terminalAtUtc": "2026-09-03T05:21:29.059Z"
      },
      {
        "runId": "0add5c56-4a8f-48b7-90ad-f37629b433d0",
        "status": "completed",
        "classification": "terminal",
        "reason": "too_recent",
        "terminalAtUtc": "2026-09-06T17:55:11.435Z"
      },
      {
        "runId": "0b40dca0-b788-4fa4-837e-b7346ae124db",
        "status": "completed",
        "classification": "terminal",
        "reason": "stdout_path_outside_state_root",
        "detail": "/sessions/awesome-affectionate-heisenberg/mnt/vibe/architrino/.local-data/owned-compute/logs/0b40dca0-b788-4fa4-837e-b7346ae124db.stdout.log"
      },
      {
        "runId": "0b908452-e923-42dd-b13f-12f6c500850a",
        "status": "reconciled_stopped",
        "classification": "terminal",
        "reason": "too_recent",
        "terminalAtUtc": "2026-09-06T17:55:23.259Z"
      },
      {
        "runId": "0ec9755f-ddff-4c79-94fa-01386b59118b",
        "status": "completed",
        "classification": "terminal",
        "reason": "too_recent",
        "terminalAtUtc": "2026-09-06T18:10:05.373Z"
      },
      {
        "runId": "10807f97-a246-47ed-b5f4-1dbef42a075f",
        "status": "launching",
        "classification": "stale_closed",
        "reason": "nonterminal"
      },
      {
        "runId": "1147816a-cbd7-48a6-954c-6545a92534a5",
        "status": "stopped",
        "classification": "terminal",
        "reason": "too_recent",
        "terminalAtUtc": "2026-09-06T17:10:45.158Z"
      },
      {
        "runId": "11a3a378-8de2-41c6-928f-3f5986a8bb60",
        "status": "failed",
        "classification": "terminal",
        "reason": "process_group_not_confirmed_closed"
      },
      {
        "runId": "1291ddbe-350a-4688-84e3-80895b186caa",
        "status": "failed",
        "classification": "terminal",
        "reason": "process_group_not_confirmed_closed"
      },
      {
        "runId": "139abb88-f707-4b93-be88-282f98921492",
        "status": "completed",
        "classification": "terminal",
        "reason": "too_recent",
        "terminalAtUtc": "2026-09-03T01:05:19.357Z"
      },
      {
        "runId": "13d835b5-23ba-45bf-b93a-9e3836515c21",
        "status": "failed",
        "classification": "terminal",
        "reason": "too_recent",
        "terminalAtUtc": "2026-09-07T06:40:53.551Z"
      },
      {
        "runId": "141535be-a54c-457e-b7f8-727fc5622b39",
        "status": "stopped",
        "classification": "terminal",
        "reason": "too_recent",
        "terminalAtUtc": "2026-09-03T03:56:19.225Z"
      },
      {
        "runId": "15028d27-585a-403c-8fb7-d2883847dac9",
        "status": "stopped",
        "classification": "terminal",
        "reason": "too_recent",
        "terminalAtUtc": "2026-09-07T02:42:52.097Z"
      },
      {
        "runId": "15047afd-8e6d-4b50-a6eb-a871ccb64f7a",
        "status": "stopped",
        "classification": "terminal",
        "reason": "too_recent",
        "terminalAtUtc": "2026-09-03T01:55:47.198Z"
      },
      {
        "runId": "150abf31-89e4-4256-8946-c4d1cf94dcaf",
        "status": "stopped",
        "classification": "terminal",
        "reason": "too_recent",
        "terminalAtUtc": "2026-09-03T01:05:57.787Z"
      },
      {
        "runId": "1584d2b0-22b5-43db-a637-ab686be62020",
        "status": "reconciled_stopped",
        "classification": "terminal",
        "reason": "too_recent",
        "terminalAtUtc": "2026-09-03T01:05:22.694Z"
      },
      {
        "runId": "1680ae6c-4387-4436-a1f0-e7373f8cfee1",
        "status": "stopped",
        "classification": "terminal",
        "reason": "too_recent",
        "terminalAtUtc": "2026-09-05T05:14:54.092Z"
      },
      {
        "runId": "16930c68-3926-4db2-b25d-4343a737c2a0",
        "status": "completed",
        "classification": "terminal",
        "reason": "stdout_path_outside_state_root",
        "detail": "/sessions/gallant-sleepy-edison/mnt/architrino/.local-data/owned-compute/logs/16930c68-3926-4db2-b25d-4343a737c2a0.stdout.log"
      },
      {
        "runId": "1763de8c-c588-47cf-9513-1d9c33488905",
        "status": "completed",
        "classification": "terminal",
        "reason": "too_recent",
        "terminalAtUtc": "2026-09-06T22:00:58.470Z"
      },
      {
        "runId": "17b3c610-2a39-4c17-8b0c-0e1fec117284",
        "status": "failed",
        "classification": "terminal",
        "reason": "process_group_not_confirmed_closed"
      },
      {
        "runId": "17b693dc-d899-4f9f-b1ce-5e33cb0dcfa7",
        "status": "failed",
        "classification": "terminal",
        "reason": "process_group_not_confirmed_closed"
      },
      {
        "runId": "189f15d6-a65d-4431-ae10-e3f352d951d3",
        "status": "failed",
        "classification": "terminal",
        "reason": "process_group_not_confirmed_closed"
      },
      {
        "runId": "1a51e68f-a4e3-40e5-a09e-2e14d860aff9",
        "status": "timed_out",
        "classification": "terminal",
        "reason": "too_recent",
        "terminalAtUtc": "2026-09-06T17:55:22.985Z"
      },
      {
        "runId": "1be47577-e5ad-470e-aba8-e4594d2cdf7a",
        "status": "stopped",
        "classification": "terminal",
        "reason": "too_recent",
        "terminalAtUtc": "2026-09-03T12:19:03.933Z"
      },
      {
        "runId": "1c66f1d5-1dfe-4773-bb94-df26ea76d7a0",
        "status": "failed",
        "classification": "terminal",
        "reason": "process_group_not_confirmed_closed"
      },
      {
        "runId": "1c6cf48e-2f74-4ea7-b0d3-13ccae7957b2",
        "status": "launching",
        "classification": "stale_closed",
        "reason": "nonterminal"
      },
      {
        "runId": "1cdd1a2b-82ca-493d-b841-94c4ca1d4c18",
        "status": "failed",
        "classification": "terminal",
        "reason": "process_group_not_confirmed_closed"
      },
      {
        "runId": "1d5c8bd8-1f5a-4afb-970f-c8d468a57aa5",
        "status": "failed",
        "classification": "terminal",
        "reason": "process_group_not_confirmed_closed"
      },
      {
        "runId": "1db81571-7281-4900-a72d-c91b5803445e",
        "status": "failed",
        "classification": "terminal",
        "reason": "process_group_not_confirmed_closed"
      },
      {
        "runId": "1e699138-a4f7-4263-bed6-033099df8f2a",
        "status": "stopped",
        "classification": "terminal",
        "reason": "too_recent",
        "terminalAtUtc": "2026-09-05T03:45:47.046Z"
      },
      {
        "runId": "1f4233c1-00b1-435c-bb23-775a23d4b61e",
        "status": "stopped",
        "classification": "terminal",
        "reason": "too_recent",
        "terminalAtUtc": "2026-09-02T23:56:53.050Z"
      },
      {
        "runId": "1f4c248c-db85-4c3f-9c2b-926ca4c380fc",
        "status": "stopped",
        "classification": "terminal",
        "reason": "too_recent",
        "terminalAtUtc": "2026-09-03T01:05:19.611Z"
      },
      {
        "runId": "22352abc-806c-4851-b161-1690eb6bd4ee",
        "status": "failed",
        "classification": "terminal",
        "reason": "too_recent",
        "terminalAtUtc": "2026-09-07T06:43:19.740Z"
      },
      {
        "runId": "22742386-eefc-4ddd-9561-e5994ad2bf38",
        "status": "stopped",
        "classification": "terminal",
        "reason": "too_recent",
        "terminalAtUtc": "2026-09-05T06:42:53.783Z"
      },
      {
        "runId": "22cc554c-d5eb-48de-afd7-6d5b7705c782",
        "status": "failed",
        "classification": "terminal",
        "reason": "process_group_not_confirmed_closed"
      },
      {
        "runId": "23edc754-ac77-45ec-8cb2-07a76192cfc1",
        "status": "failed",
        "classification": "terminal",
        "reason": "process_group_not_confirmed_closed"
      },
      {
        "runId": "264cfc44-460c-487b-aac3-412c551a1025",
        "status": "timed_out",
        "classification": "terminal",
        "reason": "too_recent",
        "terminalAtUtc": "2026-09-03T01:03:10.770Z"
      },
      {
        "runId": "264d7a46-2f07-47e4-9ed7-4851563e2eb9",
        "status": "completed",
        "classification": "terminal",
        "reason": "stdout_path_outside_state_root",
        "detail": "/sessions/gallant-sleepy-edison/mnt/architrino/.local-data/owned-compute-outside-b709edda-670e-41ed-8a22-bd2f45a5cb33.log"
      },
      {
        "runId": "26cdff48-7fb0-4ba2-8aee-b35ed5ea8dcb",
        "status": "failed",
        "classification": "terminal",
        "reason": "process_group_not_confirmed_closed"
      },
      {
        "runId": "27074a62-2837-4a9b-ab3e-bbd635c89f8f",
        "status": "reconciled_stopped",
        "classification": "terminal",
        "reason": "too_recent",
        "terminalAtUtc": "2026-09-06T17:53:56.497Z"
      },
      {
        "runId": "287269bc-c848-424d-86ab-7223e58aee56",
        "status": "failed",
        "classification": "terminal",
        "reason": "process_group_not_confirmed_closed"
      },
      {
        "runId": "28757429-c361-4e88-b6d1-aee8abb91405",
        "status": "completed",
        "classification": "terminal",
        "reason": "stdout_path_outside_state_root",
        "detail": "/sessions/gallant-sleepy-edison/mnt/architrino/.local-data/owned-compute/logs/28757429-c361-4e88-b6d1-aee8abb91405.stdout.log"
      },
      {
        "runId": "28e72f6d-fa4c-46d6-95fb-59f236263a1a",
        "status": "stopped",
        "classification": "terminal",
        "reason": "too_recent",
        "terminalAtUtc": "2026-09-06T17:55:11.433Z"
      },
      {
        "runId": "28f3c89c-15d9-4511-b255-560f74e79787",
        "status": "launching",
        "classification": "stale_closed",
        "reason": "nonterminal"
      },
      {
        "runId": "2ab5bad2-7630-4506-b747-ac8ae9a627b3",
        "status": "reconciled_closed",
        "classification": "terminal",
        "reason": "too_recent",
        "terminalAtUtc": "2026-09-02T23:52:30.554Z"
      },
      {
        "runId": "2ac0e7a4-a714-43f5-a505-1d090485ccfd",
        "status": "completed",
        "classification": "terminal",
        "reason": "stdout_path_outside_state_root",
        "detail": "/sessions/awesome-affectionate-heisenberg/mnt/vibe/architrino/.local-data/owned-compute/logs/2ac0e7a4-a714-43f5-a505-1d090485ccfd.stdout.log"
      },
      {
        "runId": "2b584865-6b6d-49d6-98d1-a75124bde5f7",
        "status": "launching",
        "classification": "stale_closed",
        "reason": "nonterminal"
      },
      {
        "runId": "2bf248d6-8ff2-479f-8573-fb45b9aa4e1a",
        "status": "completed",
        "classification": "terminal",
        "reason": "too_recent",
        "terminalAtUtc": "2026-09-07T06:42:14.807Z"
      },
      {
        "runId": "2ca48134-602f-4d8b-b84e-76f0564bd71f",
        "status": "failed",
        "classification": "terminal",
        "reason": "process_group_not_confirmed_closed"
      },
      {
        "runId": "2dbf0298-9bee-4dfb-80b1-592c1859e15d",
        "status": "completed",
        "classification": "terminal",
        "reason": "too_recent",
        "terminalAtUtc": "2026-09-06T18:12:32.060Z"
      },
      {
        "runId": "2dd40cb6-c532-4a0a-8767-d473b87f4b6f",
        "status": "failed",
        "classification": "terminal",
        "reason": "process_group_not_confirmed_closed"
      },
      {
        "runId": "30e2695d-1e5f-4e15-b30b-f320d917705c",
        "status": "completed",
        "classification": "terminal",
        "reason": "stdout_path_outside_state_root",
        "detail": "/sessions/gallant-sleepy-edison/mnt/architrino/.local-data/owned-compute/logs/30e2695d-1e5f-4e15-b30b-f320d917705c.stdout.log"
      },
      {
        "runId": "31862b7b-fb40-4d0b-b824-e7769d10c01d",
        "status": "failed",
        "classification": "terminal",
        "reason": "process_group_not_confirmed_closed"
      },
      {
        "runId": "324c93b0-8b9d-4117-ba8b-8437850a1e59",
        "status": "completed",
        "classification": "terminal",
        "reason": "stdout_path_outside_state_root",
        "detail": "/sessions/gallant-sleepy-edison/mnt/architrino/.local-data/owned-compute/logs/324c93b0-8b9d-4117-ba8b-8437850a1e59.stdout.log"
      },
      {
        "runId": "329a7a70-f000-4656-a2ce-56d3b06d3726",
        "status": "stopped",
        "classification": "terminal",
        "reason": "too_recent",
        "terminalAtUtc": "2026-09-03T03:12:16.184Z"
      },
      {
        "runId": "3385d2c0-881c-4ce9-a74e-200c1bb45800",
        "status": "launching",
        "classification": "stale_closed",
        "reason": "nonterminal"
      },
      {
        "runId": "34d23ad1-f3e2-47b1-a5fc-1abef9cff9bb",
        "status": "stopped",
        "classification": "terminal",
        "reason": "too_recent",
        "terminalAtUtc": "2026-09-03T14:03:20.888Z"
      },
      {
        "runId": "360d0a27-f451-4f7c-91b4-390832590b9e",
        "status": "launching",
        "classification": "stale_closed",
        "reason": "nonterminal"
      },
      {
        "runId": "37685d78-263d-4dca-868b-0dd40fb4d3a4",
        "status": "completed",
        "classification": "terminal",
        "reason": "stdout_path_outside_state_root",
        "detail": "/sessions/gallant-sleepy-edison/mnt/architrino/.local-data/owned-compute/logs/37685d78-263d-4dca-868b-0dd40fb4d3a4.stdout.log"
      },
      {
        "runId": "37de0a47-dd03-4eae-bb0f-b39c12de7df6",
        "status": "failed",
        "classification": "terminal",
        "reason": "process_group_not_confirmed_closed"
      },
      {
        "runId": "398e22c5-8a51-4e14-b5c6-3cbfa418e259",
        "status": "completed",
        "classification": "terminal",
        "reason": "stdout_path_outside_state_root",
        "detail": "/sessions/gallant-sleepy-edison/mnt/architrino/.local-data/owned-compute/logs/398e22c5-8a51-4e14-b5c6-3cbfa418e259.stdout.log"
      },
      {
        "runId": "3c548e3e-91c3-42f4-853f-149114dab332",
        "status": "failed",
        "classification": "terminal",
        "reason": "process_group_not_confirmed_closed"
      },
      {
        "runId": "3c7e2b18-cce3-4037-a3fd-bc63118c8c04",
        "status": "failed",
        "classification": "terminal",
        "reason": "too_recent",
        "terminalAtUtc": "2026-09-07T04:47:47.789Z"
      },
      {
        "runId": "3cd84d3e-e61d-4e08-b16f-28694d50ed4a",
        "status": "launching",
        "classification": "launching",
        "reason": "nonterminal"
      },
      {
        "runId": "3d8028c5-d48e-4717-a513-9cf621974a76",
        "status": "failed",
        "classification": "terminal",
        "reason": "too_recent",
        "terminalAtUtc": "2026-09-07T06:41:29.663Z"
      },
      {
        "runId": "3dbfccc2-7ade-4311-a512-aeb70ca7a0a4",
        "status": "completed",
        "classification": "terminal",
        "reason": "too_recent",
        "terminalAtUtc": "2026-09-07T04:46:20.162Z"
      },
      {
        "runId": "3f9671af-47b0-4d27-87ac-8b38fcf4445e",
        "status": "stopped",
        "classification": "terminal",
        "reason": "too_recent",
        "terminalAtUtc": "2026-09-05T03:38:16.521Z"
      },
      {
        "runId": "4138e20f-2d9a-46e2-9e44-e4fb12017c68",
        "status": "failed",
        "classification": "terminal",
        "reason": "too_recent",
        "terminalAtUtc": "2026-09-07T05:20:52.894Z"
      },
      {
        "runId": "439e47e7-ecbf-445e-9442-9c20088357fe",
        "status": "failed",
        "classification": "terminal",
        "reason": "too_recent",
        "terminalAtUtc": "2026-09-02T23:54:22.655Z"
      },
      {
        "runId": "43a514c4-167a-4c73-82a4-45ff62c6175a",
        "status": "failed",
        "classification": "terminal",
        "reason": "process_group_not_confirmed_closed"
      },
      {
        "runId": "43b30c17-ed53-4c41-88cf-406197afc170",
        "status": "launching",
        "classification": "stale_closed",
        "reason": "nonterminal"
      },
      {
        "runId": "442e8427-36a3-4a79-ae0b-b8da5e079e59",
        "status": "failed",
        "classification": "terminal",
        "reason": "process_group_not_confirmed_closed"
      },
      {
        "runId": "444e1f28-966a-4695-ac53-2d1578714394",
        "status": "failed",
        "classification": "terminal",
        "reason": "too_recent",
        "terminalAtUtc": "2026-09-07T05:35:07.042Z"
      },
      {
        "runId": "44587b8e-4774-444e-a992-c625a19dbe95",
        "status": "completed",
        "classification": "terminal",
        "reason": "too_recent",
        "terminalAtUtc": "2026-09-03T01:03:08.637Z"
      },
      {
        "runId": "45fa4c31-7bad-42b8-8ec3-1c2d7b9d239a",
        "status": "failed",
        "classification": "terminal",
        "reason": "too_recent",
        "terminalAtUtc": "2026-09-07T04:50:37.111Z"
      },
      {
        "runId": "46035b6f-9db8-49e1-a399-2b6a1a6ed239",
        "status": "failed",
        "classification": "terminal",
        "reason": "too_recent",
        "terminalAtUtc": "2026-09-07T07:04:54.109Z"
      },
      {
        "runId": "471afb53-829e-488b-823e-cfa748cbaee1",
        "status": "launching",
        "classification": "stale_closed",
        "reason": "nonterminal"
      },
      {
        "runId": "49a5708c-19a7-4e03-9577-17b64d448ecb",
        "status": "completed",
        "classification": "terminal",
        "reason": "too_recent",
        "terminalAtUtc": "2026-09-07T07:04:53.882Z"
      },
      {
        "runId": "49f850c2-0643-471c-b580-00d878b8f5bc",
        "status": "failed",
        "classification": "terminal",
        "reason": "too_recent",
        "terminalAtUtc": "2026-09-07T04:53:05.928Z"
      },
      {
        "runId": "4a5ffa70-06df-4124-b152-ba1514f7bfb6",
        "status": "reconciled_closed",
        "classification": "terminal",
        "reason": "too_recent",
        "terminalAtUtc": "2026-09-02T23:52:30.556Z"
      },
      {
        "runId": "4ab7bd56-8799-4a6d-ba6a-5cc21365aa7b",
        "status": "stopped",
        "classification": "terminal",
        "reason": "too_recent",
        "terminalAtUtc": "2026-09-03T14:20:03.445Z"
      },
      {
        "runId": "4ad143ec-961f-4ab9-8391-e472f836eab3",
        "status": "failed",
        "classification": "terminal",
        "reason": "too_recent",
        "terminalAtUtc": "2026-09-07T02:43:49.668Z"
      },
      {
        "runId": "4d5d3487-deb5-4ac5-a05a-b1130893013c",
        "status": "stopped",
        "classification": "terminal",
        "reason": "too_recent",
        "terminalAtUtc": "2026-09-06T18:12:42.553Z"
      },
      {
        "runId": "4f1de4bc-27d7-4c81-bd80-cbdd93119915",
        "status": "failed",
        "classification": "terminal",
        "reason": "process_group_not_confirmed_closed"
      },
      {
        "runId": "4f35027a-2ad7-4a28-8b46-dcdbc6458ddd",
        "status": "failed",
        "classification": "terminal",
        "reason": "process_group_not_confirmed_closed"
      },
      {
        "runId": "51445628-2a11-476c-b093-f78d4609f6ae",
        "status": "stopped",
        "classification": "terminal",
        "reason": "too_recent",
        "terminalAtUtc": "2026-09-03T23:39:08.769Z"
      },
      {
        "runId": "5213afc4-ce44-4644-81ad-00919f9ce37c",
        "status": "failed",
        "classification": "terminal",
        "reason": "process_group_not_confirmed_closed"
      },
      {
        "runId": "546f3999-566e-476c-ab39-2f623a97e55e",
        "status": "stopped",
        "classification": "terminal",
        "reason": "too_recent",
        "terminalAtUtc": "2026-09-03T14:00:24.883Z"
      },
      {
        "runId": "55195726-c489-4f49-9ce3-8c9266f3566b",
        "status": "timed_out",
        "classification": "terminal",
        "reason": "too_recent",
        "terminalAtUtc": "2026-09-03T03:56:21.128Z"
      },
      {
        "runId": "56ec5f4b-2ddb-478d-9a10-f190d3afd148",
        "status": "launching",
        "classification": "stale_closed",
        "reason": "nonterminal"
      },
      {
        "runId": "56f5d051-ce31-4582-b865-3b4fb3ccc3aa",
        "status": "stopped",
        "classification": "terminal",
        "reason": "too_recent",
        "terminalAtUtc": "2026-09-03T05:24:52.914Z"
      },
      {
        "runId": "5703599a-e7ab-494b-a386-872c32d2ee6d",
        "status": "failed",
        "classification": "terminal",
        "reason": "process_group_not_confirmed_closed"
      },
      {
        "runId": "577d374b-e63a-4757-9798-0be1c930d047",
        "status": "failed",
        "classification": "terminal",
        "reason": "process_group_not_confirmed_closed"
      },
      {
        "runId": "59ec9f81-8c42-42c3-8a12-2a7fd86a4b9e",
        "status": "launching",
        "classification": "stale_closed",
        "reason": "nonterminal"
      },
      {
        "runId": "5a882969-9fec-4584-b773-80bc2498f179",
        "status": "completed",
        "classification": "terminal",
        "reason": "too_recent",
        "terminalAtUtc": "2026-09-07T04:35:56.708Z"
      },
      {
        "runId": "5bfb4b9e-7cfb-4ede-aa9e-56237c323203",
        "status": "stopped",
        "classification": "terminal",
        "reason": "too_recent",
        "terminalAtUtc": "2026-09-05T05:13:21.625Z"
      },
      {
        "runId": "5c309a28-f7df-463a-8875-d067238bbd51",
        "status": "reconciled_stopped",
        "classification": "terminal",
        "reason": "too_recent",
        "terminalAtUtc": "2026-09-07T01:00:55.522Z"
      },
      {
        "runId": "5c781b35-6320-4cdd-b19d-32840b9e50d1",
        "status": "stopped",
        "classification": "terminal",
        "reason": "too_recent",
        "terminalAtUtc": "2026-09-07T02:43:50.313Z"
      },
      {
        "runId": "5c7edca8-8fb0-4385-9518-4e58257ee018",
        "status": "failed",
        "classification": "terminal",
        "reason": "process_group_not_confirmed_closed"
      },
      {
        "runId": "608247eb-7481-4088-9f85-8448bf1e73f7",
        "status": "stopped",
        "classification": "terminal",
        "reason": "too_recent",
        "terminalAtUtc": "2026-09-06T17:53:55.076Z"
      },
      {
        "runId": "627015b8-9dd8-43e2-b778-407da6b55ab6",
        "status": "stopped",
        "classification": "terminal",
        "reason": "too_recent",
        "terminalAtUtc": "2026-09-03T14:19:20.578Z"
      },
      {
        "runId": "64e9cb1a-0a20-4f60-970e-8865a9e85367",
        "status": "launching",
        "classification": "stale_closed",
        "reason": "nonterminal"
      },
      {
        "runId": "65f5dd5e-44ce-4b7c-84d4-c938a03c07cb",
        "status": "reconciled_stopped",
        "classification": "terminal",
        "reason": "too_recent",
        "terminalAtUtc": "2026-09-07T02:43:51.928Z"
      },
      {
        "runId": "67ba24e3-b6d2-4a50-a471-6ee8a5f51b7b",
        "status": "reconciled_stopped",
        "classification": "terminal",
        "reason": "too_recent",
        "terminalAtUtc": "2026-09-02T23:56:54.653Z"
      },
      {
        "runId": "68042f83-4254-4251-a704-68aeed5c0ce1",
        "status": "completed",
        "classification": "terminal",
        "reason": "stdout_path_outside_state_root",
        "detail": "/sessions/gallant-sleepy-edison/mnt/architrino/.local-data/owned-compute/logs/68042f83-4254-4251-a704-68aeed5c0ce1.stdout.log"
      },
      {
        "runId": "693dd3ca-65fe-43c9-9a41-5bf006ea9a79",
        "status": "reconciled_closed",
        "classification": "terminal",
        "reason": "too_recent",
        "terminalAtUtc": "2026-09-02T23:52:30.556Z"
      },
      {
        "runId": "6b2984cc-c609-41ee-a56f-f8ca4b1d8929",
        "status": "launching",
        "classification": "stale_closed",
        "reason": "nonterminal"
      },
      {
        "runId": "6e489e3b-6773-4945-bc11-9b352a532dc6",
        "status": "completed",
        "classification": "terminal",
        "reason": "stdout_path_outside_state_root",
        "detail": "/sessions/gallant-sleepy-edison/mnt/architrino/.local-data/owned-compute/logs/6e489e3b-6773-4945-bc11-9b352a532dc6.stdout.log"
      },
      {
        "runId": "6e869a37-268a-482f-8e03-edbde141a154",
        "status": "timed_out",
        "classification": "terminal",
        "reason": "too_recent",
        "terminalAtUtc": "2026-09-07T01:00:55.189Z"
      },
      {
        "runId": "70734f7a-21cf-4e4d-a78e-8c0b410c9761",
        "status": "completed",
        "classification": "terminal",
        "reason": "too_recent",
        "terminalAtUtc": "2026-09-07T04:59:48.497Z"
      },
      {
        "runId": "7085c882-6873-44d7-8e8a-dcd445342a2f",
        "status": "stopped",
        "classification": "terminal",
        "reason": "too_recent",
        "terminalAtUtc": "2026-09-03T04:00:38.343Z"
      },
      {
        "runId": "70c17ea6-ba64-4558-a0fc-53d98d5ab72c",
        "status": "timed_out",
        "classification": "terminal",
        "reason": "too_recent",
        "terminalAtUtc": "2026-09-03T01:05:22.108Z"
      },
      {
        "runId": "711f4565-75b2-4372-aeee-b8086e55b415",
        "status": "failed",
        "classification": "terminal",
        "reason": "process_group_not_confirmed_closed"
      },
      {
        "runId": "7224209a-b7d1-4340-81c2-e40823e29331",
        "status": "failed",
        "classification": "terminal",
        "reason": "process_group_not_confirmed_closed"
      },
      {
        "runId": "741ba53f-9264-45e9-9eb3-f1167318e823",
        "status": "failed",
        "classification": "terminal",
        "reason": "too_recent",
        "terminalAtUtc": "2026-09-02T23:56:52.403Z"
      },
      {
        "runId": "782e1214-a5a6-4172-a90e-ef284cfd398d",
        "status": "failed",
        "classification": "terminal",
        "reason": "process_group_not_confirmed_closed"
      },
      {
        "runId": "784c3cd6-8c96-4bf4-9d91-8910525be10b",
        "status": "stopped",
        "classification": "terminal",
        "reason": "too_recent",
        "terminalAtUtc": "2026-09-03T12:18:17.909Z"
      },
      {
        "runId": "7a396d7f-5518-4d9a-bd97-3bc7bccbb1c6",
        "status": "failed",
        "classification": "terminal",
        "reason": "too_recent",
        "terminalAtUtc": "2026-09-07T05:25:20.888Z"
      },
      {
        "runId": "7d62915c-48fb-45b3-87f3-f88c685c4915",
        "status": "failed",
        "classification": "terminal",
        "reason": "process_group_not_confirmed_closed"
      },
      {
        "runId": "7dda127a-0fe2-4468-bfa0-52094e7d8e4f",
        "status": "stopped",
        "classification": "terminal",
        "reason": "too_recent",
        "terminalAtUtc": "2026-09-05T03:37:04.505Z"
      },
      {
        "runId": "7ef6f51b-c38a-4455-b94d-de2d695a463a",
        "status": "reconciled_closed",
        "classification": "terminal",
        "reason": "too_recent",
        "terminalAtUtc": "2026-09-02T23:52:30.556Z"
      },
      {
        "runId": "7fa53f7b-8e28-4931-9644-84083e611918",
        "status": "stopped",
        "classification": "terminal",
        "reason": "too_recent",
        "terminalAtUtc": "2026-09-03T01:04:19.104Z"
      },
      {
        "runId": "7fb66b50-e062-4346-ba4c-a63327343f3d",
        "status": "launching",
        "classification": "stale_closed",
        "reason": "nonterminal"
      },
      {
        "runId": "7fd2de7a-dde3-46cd-beec-96f0b8685d29",
        "status": "completed",
        "classification": "terminal",
        "reason": "stdout_path_outside_state_root",
        "detail": "/sessions/eloquent-busy-noether/mnt/vibe/architrino/.local-data/owned-compute/logs/7fd2de7a-dde3-46cd-beec-96f0b8685d29.stdout.log"
      },
      {
        "runId": "8136e67b-dfc7-4782-9506-3ef74acedf03",
        "status": "failed",
        "classification": "terminal",
        "reason": "process_group_not_confirmed_closed"
      },
      {
        "runId": "822eb1d6-a7ba-4580-a948-c890e3076383",
        "status": "completed",
        "classification": "terminal",
        "reason": "too_recent",
        "terminalAtUtc": "2026-09-07T07:02:53.251Z"
      },
      {
        "runId": "82e0f2bd-c212-4f40-a0db-36cce0062ed5",
        "status": "completed",
        "classification": "terminal",
        "reason": "too_recent",
        "terminalAtUtc": "2026-09-07T02:43:49.427Z"
      },
      {
        "runId": "83c2907f-9125-4c89-b86e-5724a1dd13f8",
        "status": "failed",
        "classification": "terminal",
        "reason": "process_group_not_confirmed_closed"
      },
      {
        "runId": "83cf8b95-a14f-4837-a3a9-d8d0b026f4c4",
        "status": "stopped",
        "classification": "terminal",
        "reason": "too_recent",
        "terminalAtUtc": "2026-09-03T02:39:41.613Z"
      },
      {
        "runId": "8466658c-249e-4690-9610-5754619da174",
        "status": "completed",
        "classification": "terminal",
        "reason": "stdout_path_outside_state_root",
        "detail": "/sessions/awesome-affectionate-heisenberg/mnt/vibe/architrino/.local-data/owned-compute/logs/8466658c-249e-4690-9610-5754619da174.stdout.log"
      },
      {
        "runId": "84de45c3-46d8-438c-8540-1584538f82e0",
        "status": "timed_out",
        "classification": "terminal",
        "reason": "too_recent",
        "terminalAtUtc": "2026-09-07T07:04:55.962Z"
      },
      {
        "runId": "856493e8-3e91-4e9e-9963-af2fce955adc",
        "status": "stopped",
        "classification": "terminal",
        "reason": "too_recent",
        "terminalAtUtc": "2026-09-06T17:53:44.336Z"
      },
      {
        "runId": "861ddc45-2605-4811-aac8-c1037fe36ef5",
        "status": "completed",
        "classification": "terminal",
        "reason": "too_recent",
        "terminalAtUtc": "2026-09-07T04:47:22.420Z"
      },
      {
        "runId": "867c336b-cc0d-40c1-96be-3d4dbf6fc518",
        "status": "completed",
        "classification": "terminal",
        "reason": "stdout_path_outside_state_root",
        "detail": "/sessions/gallant-sleepy-edison/mnt/architrino/.local-data/owned-compute/logs/867c336b-cc0d-40c1-96be-3d4dbf6fc518.stdout.log"
      },
      {
        "runId": "869d4e79-c2e1-484f-a063-6223f3f3deb1",
        "status": "completed",
        "classification": "terminal",
        "reason": "too_recent",
        "terminalAtUtc": "2026-09-07T04:34:03.659Z"
      },
      {
        "runId": "86dabab5-2d5b-4af8-a740-64b659f2afaa",
        "status": "completed",
        "classification": "terminal",
        "reason": "too_recent",
        "terminalAtUtc": "2026-09-07T04:57:10.371Z"
      },
      {
        "runId": "88110343-535f-49fe-8856-cf1021382913",
        "status": "failed",
        "classification": "terminal",
        "reason": "process_group_not_confirmed_closed"
      },
      {
        "runId": "886374dc-68c4-4932-ad0b-a1d6111bd2c6",
        "status": "stopped",
        "classification": "terminal",
        "reason": "too_recent",
        "terminalAtUtc": "2026-09-07T01:00:53.933Z"
      },
      {
        "runId": "891b1f39-e106-4cda-941b-9b0e540be4ce",
        "status": "launching",
        "classification": "launching",
        "reason": "nonterminal"
      },
      {
        "runId": "894bc1c9-f722-42e8-87fe-6fbbb14a8b14",
        "status": "failed",
        "classification": "terminal",
        "reason": "process_group_not_confirmed_closed"
      },
      {
        "runId": "8bc8e06a-9ffb-40f4-ab41-a59727db6c21",
        "status": "running",
        "classification": "authenticated_running",
        "reason": "nonterminal"
      },
      {
        "runId": "8c0ff58f-41f0-40c9-b7b7-c33b0eb2fff7",
        "status": "failed",
        "classification": "terminal",
        "reason": "process_group_not_confirmed_closed"
      },
      {
        "runId": "8c4833fa-595c-44f8-ad1c-2dafd54cbc35",
        "status": "completed",
        "classification": "terminal",
        "reason": "stdout_path_outside_state_root",
        "detail": "/sessions/gallant-sleepy-edison/mnt/architrino/.local-data/owned-compute/logs/8c4833fa-595c-44f8-ad1c-2dafd54cbc35.stdout.log"
      },
      {
        "runId": "8ce183aa-7bd7-4522-ae1d-2684720cfaf2",
        "status": "launching",
        "classification": "stale_closed",
        "reason": "nonterminal"
      },
      {
        "runId": "8e6c16a0-d791-4422-b13c-1b41cc43ed0b",
        "status": "completed",
        "classification": "terminal",
        "reason": "too_recent",
        "terminalAtUtc": "2026-09-07T04:35:02.709Z"
      },
      {
        "runId": "8f584e93-54d8-4c2d-af5a-857ac7feb913",
        "status": "failed",
        "classification": "terminal",
        "reason": "process_group_not_confirmed_closed"
      },
      {
        "runId": "91a02a40-bd32-49bd-9512-8e33e15aa40b",
        "status": "failed",
        "classification": "terminal",
        "reason": "process_group_not_confirmed_closed"
      },
      {
        "runId": "91d2b1e3-3c77-4856-a9df-f3f805e00167",
        "status": "failed",
        "classification": "terminal",
        "reason": "too_recent",
        "terminalAtUtc": "2026-09-03T01:05:19.681Z"
      },
      {
        "runId": "93b7b711-121d-4802-a605-62a0cdd6492d",
        "status": "reconciled_stopped",
        "classification": "terminal",
        "reason": "too_recent",
        "terminalAtUtc": "2026-09-02T23:54:24.864Z"
      },
      {
        "runId": "94bce299-7a34-42de-8fd2-60885d901fae",
        "status": "completed",
        "classification": "terminal",
        "reason": "too_recent",
        "terminalAtUtc": "2026-09-02T23:54:22.414Z"
      },
      {
        "runId": "953b66a0-03fd-40bf-ab82-c19eff25ebe5",
        "status": "stopped",
        "classification": "terminal",
        "reason": "too_recent",
        "terminalAtUtc": "2026-09-07T01:00:52.482Z"
      },
      {
        "runId": "95579f63-e56c-4ef9-a557-539d629deca1",
        "status": "completed",
        "classification": "terminal",
        "reason": "too_recent",
        "terminalAtUtc": "2026-09-07T07:02:52.471Z"
      },
      {
        "runId": "95696e00-4b3e-449f-988f-9e6626290a55",
        "status": "completed",
        "classification": "terminal",
        "reason": "stdout_path_outside_state_root",
        "detail": "/sessions/gallant-sleepy-edison/mnt/architrino/.local-data/owned-compute/logs/95696e00-4b3e-449f-988f-9e6626290a55.stdout.log"
      },
      {
        "runId": "95e1cb99-2cac-4f34-b481-e8a348e14ac7",
        "status": "failed",
        "classification": "terminal",
        "reason": "process_group_not_confirmed_closed"
      },
      {
        "runId": "961a2402-d15f-466c-82c4-de3207f44156",
        "status": "reconciled_stopped",
        "classification": "terminal",
        "reason": "too_recent",
        "terminalAtUtc": "2026-09-03T03:56:21.485Z"
      },
      {
        "runId": "96ee777b-0bad-4372-9def-f7a3ea3d5b98",
        "status": "stopped",
        "classification": "terminal",
        "reason": "too_recent",
        "terminalAtUtc": "2026-09-03T14:56:09.285Z"
      },
      {
        "runId": "98aa5a5b-8f6b-4d0b-9456-9c9f8c7f3f78",
        "status": "launching",
        "classification": "launching",
        "reason": "nonterminal"
      },
      {
        "runId": "994bb503-e49b-4761-85f6-f553eec4de0f",
        "status": "stopped",
        "classification": "terminal",
        "reason": "too_recent",
        "terminalAtUtc": "2026-09-03T15:09:24.588Z"
      },
      {
        "runId": "9a0d782b-7312-4771-8a14-f9118ce3d9e3",
        "status": "launching",
        "classification": "stale_closed",
        "reason": "nonterminal"
      },
      {
        "runId": "9c5b89bd-f0c0-4281-977f-9315af35f157",
        "status": "completed",
        "classification": "terminal",
        "reason": "stdout_path_outside_state_root",
        "detail": "/sessions/eloquent-busy-noether/mnt/vibe/architrino/.local-data/owned-compute/logs/9c5b89bd-f0c0-4281-977f-9315af35f157.stdout.log"
      },
      {
        "runId": "9d556a9c-0bac-41ee-a956-52cb2bb2e429",
        "status": "failed",
        "classification": "terminal",
        "reason": "process_group_not_confirmed_closed"
      },
      {
        "runId": "9e95192a-1cde-4be4-bc66-3e4877e06fee",
        "status": "completed",
        "classification": "terminal",
        "reason": "too_recent",
        "terminalAtUtc": "2026-09-06T17:53:44.616Z"
      },
      {
        "runId": "a0b0f4b8-14f5-4c43-b25f-4635eeef2ce2",
        "status": "stopped",
        "classification": "terminal",
        "reason": "too_recent",
        "terminalAtUtc": "2026-09-03T14:30:37.637Z"
      },
      {
        "runId": "a0bd8148-2e38-41f4-8750-865944e0c672",
        "status": "stopped",
        "classification": "terminal",
        "reason": "too_recent",
        "terminalAtUtc": "2026-09-03T01:57:59.734Z"
      },
      {
        "runId": "a1180874-99e0-46ad-8c7e-0640d14fe82a",
        "status": "failed",
        "classification": "terminal",
        "reason": "too_recent",
        "terminalAtUtc": "2026-09-07T06:38:30.891Z"
      },
      {
        "runId": "a1cd5d61-7af8-4baa-8e98-ff763b392254",
        "status": "failed",
        "classification": "terminal",
        "reason": "process_group_not_confirmed_closed"
      },
      {
        "runId": "a2c6992d-486a-4022-b086-7ef519d38196",
        "status": "failed",
        "classification": "terminal",
        "reason": "too_recent",
        "terminalAtUtc": "2026-09-07T07:00:35.759Z"
      },
      {
        "runId": "a3ad8bf8-2b4e-4d0e-ac9b-a9352268c1f0",
        "status": "launching",
        "classification": "stale_closed",
        "reason": "nonterminal"
      },
      {
        "runId": "a484c2ad-4774-4050-bdaa-ab9029fbcfc4",
        "status": "reconciled_stopped",
        "classification": "terminal",
        "reason": "too_recent",
        "terminalAtUtc": "2026-09-07T07:04:56.299Z"
      },
      {
        "runId": "a49c354a-ea86-43fc-9fab-0d2b35b3d4b5",
        "status": "launching",
        "classification": "stale_closed",
        "reason": "nonterminal"
      },
      {
        "runId": "a77eeddc-02be-431b-80a7-761ce3c3e20b",
        "status": "completed",
        "classification": "terminal",
        "reason": "too_recent",
        "terminalAtUtc": "2026-09-07T05:18:05.239Z"
      },
      {
        "runId": "a80a88e2-5558-4954-a279-5b537b4f9e93",
        "status": "stopped",
        "classification": "terminal",
        "reason": "too_recent",
        "terminalAtUtc": "2026-09-07T02:43:48.904Z"
      },
      {
        "runId": "a900e50a-0610-4e4e-abce-49d217df75d9",
        "status": "stopped",
        "classification": "terminal",
        "reason": "too_recent",
        "terminalAtUtc": "2026-09-07T00:59:58.157Z"
      },
      {
        "runId": "a92daec1-7966-4f94-9130-9a9e412c31bb",
        "status": "failed",
        "classification": "terminal",
        "reason": "process_group_not_confirmed_closed"
      },
      {
        "runId": "a95365fe-a4be-4a3e-896c-950ab54a8f49",
        "status": "launching",
        "classification": "stale_closed",
        "reason": "nonterminal"
      },
      {
        "runId": "aab9dcd1-a4e5-4712-9caf-03cda5baf029",
        "status": "launching",
        "classification": "stale_closed",
        "reason": "nonterminal"
      },
      {
        "runId": "ab19e4d1-12f4-4d36-9c88-76734aaec297",
        "status": "launching",
        "classification": "stale_closed",
        "reason": "nonterminal"
      },
      {
        "runId": "abaa28a5-692a-4fe8-99bb-c69a35fafad7",
        "status": "timed_out",
        "classification": "terminal",
        "reason": "too_recent",
        "terminalAtUtc": "2026-09-07T02:43:51.572Z"
      },
      {
        "runId": "abfaa1a5-299e-4812-aeb7-0297a4c9f59c",
        "status": "completed",
        "classification": "terminal",
        "reason": "stdout_path_outside_state_root",
        "detail": "/sessions/gallant-sleepy-edison/mnt/architrino/.local-data/owned-compute/logs/abfaa1a5-299e-4812-aeb7-0297a4c9f59c.stdout.log"
      },
      {
        "runId": "acaa92cf-a7dd-465f-9c56-7c8d82f9653f",
        "status": "reconciled_stopped",
        "classification": "terminal",
        "reason": "too_recent",
        "terminalAtUtc": "2026-09-06T18:12:43.996Z"
      },
      {
        "runId": "adad2f18-3560-4847-afb9-8206287dd25a",
        "status": "completed",
        "classification": "terminal",
        "reason": "stdout_path_outside_state_root",
        "detail": "/sessions/eloquent-busy-noether/mnt/vibe/architrino/.local-data/owned-compute-outside-49688517-cb60-4a36-8000-bc44ca53feec.log"
      },
      {
        "runId": "ae765641-9741-4e3d-bda5-1fc274784f53",
        "status": "failed",
        "classification": "terminal",
        "reason": "process_group_not_confirmed_closed"
      },
      {
        "runId": "aef40d5f-6d7b-4114-a088-043c729646a7",
        "status": "completed",
        "classification": "terminal",
        "reason": "stdout_path_outside_state_root",
        "detail": "/sessions/gallant-sleepy-edison/mnt/architrino/.local-data/owned-compute/logs/aef40d5f-6d7b-4114-a088-043c729646a7.stdout.log"
      },
      {
        "runId": "af2a4882-3519-4ee1-8847-4b5832733487",
        "status": "stopped",
        "classification": "terminal",
        "reason": "too_recent",
        "terminalAtUtc": "2026-09-07T07:04:54.718Z"
      },
      {
        "runId": "af77ba87-c5ce-49cf-b242-c76ea5ca31bb",
        "status": "stopped",
        "classification": "terminal",
        "reason": "too_recent",
        "terminalAtUtc": "2026-09-03T15:29:41.332Z"
      },
      {
        "runId": "af9c6071-d568-44d0-821d-cab8349e79af",
        "status": "stopped",
        "classification": "terminal",
        "reason": "too_recent",
        "terminalAtUtc": "2026-09-03T01:05:20.664Z"
      },
      {
        "runId": "b05b9314-7a92-47a1-8f38-0bc775dd0e7d",
        "status": "stopped",
        "classification": "terminal",
        "reason": "too_recent",
        "terminalAtUtc": "2026-09-03T14:57:37.377Z"
      },
      {
        "runId": "b26678f7-b22b-4cf4-8251-a33115d39979",
        "status": "timed_out",
        "classification": "terminal",
        "reason": "too_recent",
        "terminalAtUtc": "2026-09-02T23:56:54.305Z"
      },
      {
        "runId": "b3502c8c-9144-489c-97ed-ff5d211fccc1",
        "status": "launching",
        "classification": "stale_closed",
        "reason": "nonterminal"
      },
      {
        "runId": "b36c6def-b48e-4864-b1ef-647a08756abc",
        "status": "failed",
        "classification": "terminal",
        "reason": "process_group_not_confirmed_closed"
      },
      {
        "runId": "b386b5b1-a305-468e-b01e-b93d0005941e",
        "status": "failed",
        "classification": "terminal",
        "reason": "too_recent",
        "terminalAtUtc": "2026-09-07T07:00:35.780Z"
      },
      {
        "runId": "b4326b9e-fa8f-40a4-a266-d792892c9e55",
        "status": "launching",
        "classification": "stale_closed",
        "reason": "nonterminal"
      },
      {
        "runId": "b50e549c-73d7-4fac-b923-90724e5b242a",
        "status": "launching",
        "classification": "stale_closed",
        "reason": "nonterminal"
      },
      {
        "runId": "b53748f0-4828-46f6-8f1e-65e099d9b758",
        "status": "completed",
        "classification": "terminal",
        "reason": "too_recent",
        "terminalAtUtc": "2026-09-03T03:56:19.053Z"
      },
      {
        "runId": "b59a75e9-d387-4472-b91e-04c3157b6abf",
        "status": "stopped",
        "classification": "terminal",
        "reason": "too_recent",
        "terminalAtUtc": "2026-09-05T03:53:17.148Z"
      },
      {
        "runId": "b59c78a3-6f01-4fee-9a0a-078ce24d5e92",
        "status": "stopped",
        "classification": "terminal",
        "reason": "too_recent",
        "terminalAtUtc": "2026-09-05T05:12:23.965Z"
      },
      {
        "runId": "b5f12298-f537-41c7-a977-34d34aae4f72",
        "status": "failed",
        "classification": "terminal",
        "reason": "process_group_not_confirmed_closed"
      },
      {
        "runId": "b5fae141-c847-48e9-8383-222364939fba",
        "status": "timed_out",
        "classification": "terminal",
        "reason": "too_recent",
        "terminalAtUtc": "2026-09-07T05:22:45.464Z"
      },
      {
        "runId": "b724c158-b383-4c4e-8ba8-67076919d746",
        "status": "stopped",
        "classification": "terminal",
        "reason": "too_recent",
        "terminalAtUtc": "2026-09-03T03:03:46.226Z"
      },
      {
        "runId": "b89d8aa0-37ac-4810-ae68-6f765f1c81cf",
        "status": "launching",
        "classification": "stale_closed",
        "reason": "nonterminal"
      },
      {
        "runId": "b8ac1dd1-4fd7-4f9f-8081-212768b1c84b",
        "status": "completed",
        "classification": "terminal",
        "reason": "too_recent",
        "terminalAtUtc": "2026-09-07T04:33:47.558Z"
      },
      {
        "runId": "b8e2c178-a16a-45f0-aef6-11ef40fb05a2",
        "status": "stopped",
        "classification": "terminal",
        "reason": "too_recent",
        "terminalAtUtc": "2026-09-02T23:54:23.289Z"
      },
      {
        "runId": "b97dcaaf-fbb7-448e-bfe3-38f264d2166f",
        "status": "failed",
        "classification": "terminal",
        "reason": "too_recent",
        "terminalAtUtc": "2026-09-06T17:55:21.456Z"
      },
      {
        "runId": "b984ecde-70ff-4955-8dad-b776f794c7a2",
        "status": "failed",
        "classification": "terminal",
        "reason": "process_group_not_confirmed_closed"
      },
      {
        "runId": "ba113781-ab5d-48de-8b14-cb44d7f3a76c",
        "status": "completed",
        "classification": "terminal",
        "reason": "stdout_path_outside_state_root",
        "detail": "/sessions/gallant-sleepy-edison/mnt/architrino/.local-data/owned-compute/logs/ba113781-ab5d-48de-8b14-cb44d7f3a76c.stdout.log"
      },
      {
        "runId": "bbf49ecc-050f-45f3-b0f9-7ce384eea5c2",
        "status": "launching",
        "classification": "launching",
        "reason": "nonterminal"
      },
      {
        "runId": "bc97436e-077d-4fd0-909e-8b63c9898598",
        "status": "failed",
        "classification": "terminal",
        "reason": "process_group_not_confirmed_closed"
      },
      {
        "runId": "bdb81ecb-b6f5-4007-906d-823c3c4b9312",
        "status": "failed",
        "classification": "terminal",
        "reason": "process_group_not_confirmed_closed"
      },
      {
        "runId": "c08d28be-2dfa-4e09-9a00-bfb23e1d6044",
        "status": "failed",
        "classification": "terminal",
        "reason": "process_group_not_confirmed_closed"
      },
      {
        "runId": "c0921803-240a-4b85-b3fa-387a4af90757",
        "status": "completed",
        "classification": "terminal",
        "reason": "stdout_path_outside_state_root",
        "detail": "/sessions/gallant-sleepy-edison/mnt/architrino/.local-data/owned-compute/logs/c0921803-240a-4b85-b3fa-387a4af90757.stdout.log"
      },
      {
        "runId": "c1760e79-7564-49c5-975f-9ef6ccb8adbf",
        "status": "timed_out",
        "classification": "terminal",
        "reason": "too_recent",
        "terminalAtUtc": "2026-09-06T17:53:56.241Z"
      },
      {
        "runId": "c24983e3-f43c-43a2-8988-df1b76998dce",
        "status": "failed",
        "classification": "terminal",
        "reason": "too_recent",
        "terminalAtUtc": "2026-09-07T05:17:13.208Z"
      },
      {
        "runId": "c3307e61-b2d0-4cb2-85c1-31e38e63a4ce",
        "status": "stopped",
        "classification": "terminal",
        "reason": "too_recent",
        "terminalAtUtc": "2026-09-03T01:03:09.521Z"
      },
      {
        "runId": "c39a2f0b-45fa-42ee-a201-ac1b2b74365d",
        "status": "failed",
        "classification": "terminal",
        "reason": "process_group_not_confirmed_closed"
      },
      {
        "runId": "c7d9f198-1fcc-4eca-bb31-e62a771f62eb",
        "status": "completed",
        "classification": "terminal",
        "reason": "stdout_path_outside_state_root",
        "detail": "/sessions/gallant-sleepy-edison/mnt/architrino/.local-data/owned-compute/logs/c7d9f198-1fcc-4eca-bb31-e62a771f62eb.stdout.log"
      },
      {
        "runId": "c8c816f2-f06e-4c97-b5c3-2039a8a6b869",
        "status": "failed",
        "classification": "terminal",
        "reason": "process_group_not_confirmed_closed"
      },
      {
        "runId": "c999625a-5ae6-48b9-b56d-383e5d3eeb5d",
        "status": "failed",
        "classification": "terminal",
        "reason": "process_group_not_confirmed_closed"
      },
      {
        "runId": "caa42414-8c79-475e-a12c-fb889db79ae4",
        "status": "stopped",
        "classification": "terminal",
        "reason": "too_recent",
        "terminalAtUtc": "2026-09-03T15:45:20.091Z"
      },
      {
        "runId": "cb060f02-a20e-4381-aa8f-4ccb02db0b17",
        "status": "completed",
        "classification": "terminal",
        "reason": "too_recent",
        "terminalAtUtc": "2026-09-06T15:23:42.848Z"
      },
      {
        "runId": "cb4fd7c9-a8e6-4259-9ba7-21d68018cab5",
        "status": "failed",
        "classification": "terminal",
        "reason": "process_group_not_confirmed_closed"
      },
      {
        "runId": "cc53d0cc-acb3-47de-ba62-3cd2eda34cb4",
        "status": "completed",
        "classification": "terminal",
        "reason": "too_recent",
        "terminalAtUtc": "2026-09-06T15:21:17.597Z"
      },
      {
        "runId": "cc74cf70-6739-41a4-8b6c-fc6a3f80b169",
        "status": "completed",
        "classification": "terminal",
        "reason": "too_recent",
        "terminalAtUtc": "2026-09-07T04:54:33.885Z"
      },
      {
        "runId": "ce2d860e-56f6-4bca-a57e-b9911a5e0638",
        "status": "launching",
        "classification": "launching",
        "reason": "nonterminal"
      },
      {
        "runId": "d16e07a4-a15b-43eb-a021-2ca94ef4ef22",
        "status": "stopped",
        "classification": "terminal",
        "reason": "too_recent",
        "terminalAtUtc": "2026-09-03T01:03:08.809Z"
      },
      {
        "runId": "d1792147-e899-41d8-aa50-2217f5de8e14",
        "status": "stopped",
        "classification": "terminal",
        "reason": "too_recent",
        "terminalAtUtc": "2026-09-05T03:39:45.933Z"
      },
      {
        "runId": "d1a45a59-e522-4a1a-8526-51511dccc5dc",
        "status": "completed",
        "classification": "terminal",
        "reason": "too_recent",
        "terminalAtUtc": "2026-09-06T15:28:39.133Z"
      },
      {
        "runId": "d42c8e10-194d-42fb-8bc1-5716c4a7eaaf",
        "status": "failed",
        "classification": "terminal",
        "reason": "process_group_not_confirmed_closed"
      },
      {
        "runId": "d4e740b9-bb83-4bdb-af55-d649a329f8e4",
        "status": "failed",
        "classification": "terminal",
        "reason": "too_recent",
        "terminalAtUtc": "2026-09-06T17:53:54.696Z"
      },
      {
        "runId": "d62d3561-9ef0-40f8-b069-c6ad025496d4",
        "status": "completed",
        "classification": "terminal",
        "reason": "stdout_path_outside_state_root",
        "detail": "/sessions/gallant-sleepy-edison/mnt/architrino/.local-data/owned-compute/logs/d62d3561-9ef0-40f8-b069-c6ad025496d4.stdout.log"
      },
      {
        "runId": "d632a07b-0a71-418c-9d64-69e74ac2c5ea",
        "status": "stopped",
        "classification": "terminal",
        "reason": "too_recent",
        "terminalAtUtc": "2026-09-07T03:14:16.513Z"
      },
      {
        "runId": "d7485c00-8600-46b6-b91f-c9ed8ad54418",
        "status": "completed",
        "classification": "terminal",
        "reason": "stdout_path_outside_state_root",
        "detail": "/sessions/gallant-sleepy-edison/mnt/architrino/.local-data/owned-compute-outside-1d32e970-a9bf-4ca7-993f-364f0591d376.log"
      },
      {
        "runId": "d9385485-e2af-4541-8472-523f23751f5e",
        "status": "failed",
        "classification": "terminal",
        "reason": "process_group_not_confirmed_closed"
      },
      {
        "runId": "dc195b77-f748-49ce-b5f5-26b71fecc62f",
        "status": "completed",
        "classification": "terminal",
        "reason": "stdout_path_outside_state_root",
        "detail": "/sessions/awesome-affectionate-heisenberg/mnt/vibe/architrino/.local-data/owned-compute-outside-6ad0d5b1-fe7b-47a4-9581-d200532f5f18.log"
      },
      {
        "runId": "dd1b6832-0057-42d3-b53b-32c66e58caa4",
        "status": "stopped",
        "classification": "terminal",
        "reason": "too_recent",
        "terminalAtUtc": "2026-09-03T11:56:13.005Z"
      },
      {
        "runId": "dd3e8af1-7c58-40c6-b04c-c3dfdde23143",
        "status": "stopped",
        "classification": "terminal",
        "reason": "too_recent",
        "terminalAtUtc": "2026-09-03T03:56:19.888Z"
      },
      {
        "runId": "de4b5593-6a5d-4a5e-8077-c5dc4f43dab7",
        "status": "reconciled_stopped",
        "classification": "terminal",
        "reason": "too_recent",
        "terminalAtUtc": "2026-09-03T01:03:11.105Z"
      },
      {
        "runId": "dee24c9a-c731-4f42-8b8c-ee2e8711bdea",
        "status": "completed",
        "classification": "terminal",
        "reason": "stdout_path_outside_state_root",
        "detail": "/sessions/eloquent-busy-noether/mnt/vibe/architrino/.local-data/owned-compute/logs/dee24c9a-c731-4f42-8b8c-ee2e8711bdea.stdout.log"
      },
      {
        "runId": "e0da1389-0a63-4267-9fed-78ef977a3775",
        "status": "failed",
        "classification": "terminal",
        "reason": "too_recent",
        "terminalAtUtc": "2026-09-07T01:00:53.246Z"
      },
      {
        "runId": "e105b8b4-e811-4b21-9076-a951446f1a72",
        "status": "completed",
        "classification": "terminal",
        "reason": "stdout_path_outside_state_root",
        "detail": "/sessions/awesome-affectionate-heisenberg/mnt/vibe/architrino/.local-data/owned-compute/logs/e105b8b4-e811-4b21-9076-a951446f1a72.stdout.log"
      },
      {
        "runId": "e134df63-e99a-427a-979d-87e313992a23",
        "status": "launching",
        "classification": "stale_closed",
        "reason": "nonterminal"
      },
      {
        "runId": "e24c9dc4-7409-4387-9082-cac0a3894ef2",
        "status": "launching",
        "classification": "stale_closed",
        "reason": "nonterminal"
      },
      {
        "runId": "e29e9bb0-5c8d-4ce4-8d80-95c5971aec29",
        "status": "failed",
        "classification": "terminal",
        "reason": "process_group_not_confirmed_closed"
      },
      {
        "runId": "e4288e16-c6ce-4b25-8e22-966426755f66",
        "status": "failed",
        "classification": "terminal",
        "reason": "process_group_not_confirmed_closed"
      },
      {
        "runId": "e47ebc8b-cc27-4808-b889-c502a3aa0d04",
        "status": "timed_out",
        "classification": "terminal",
        "reason": "too_recent",
        "terminalAtUtc": "2026-09-06T18:12:43.723Z"
      },
      {
        "runId": "e5035618-7313-4299-ad87-a8b334790f6c",
        "status": "completed",
        "classification": "terminal",
        "reason": "too_recent",
        "terminalAtUtc": "2026-09-02T23:56:52.168Z"
      },
      {
        "runId": "e60ad7ed-31c0-4166-abb9-10392863a810",
        "status": "failed",
        "classification": "terminal",
        "reason": "process_group_not_confirmed_closed"
      },
      {
        "runId": "e70edb7a-8856-4114-983d-16b0a61ea274",
        "status": "failed",
        "classification": "terminal",
        "reason": "too_recent",
        "terminalAtUtc": "2026-09-03T03:56:19.294Z"
      },
      {
        "runId": "e74fa175-f503-4efb-8d83-06ce1ddac884",
        "status": "launching",
        "classification": "stale_closed",
        "reason": "nonterminal"
      },
      {
        "runId": "ea414e01-c74f-478a-a6fa-3f9d87436bcc",
        "status": "failed",
        "classification": "terminal",
        "reason": "too_recent",
        "terminalAtUtc": "2026-09-07T04:57:28.255Z"
      },
      {
        "runId": "ea64b7c1-20cd-4bb2-97eb-68ade24bd382",
        "status": "launching",
        "classification": "stale_closed",
        "reason": "nonterminal"
      },
      {
        "runId": "ea779246-fbb3-4ab3-a498-76787c6ae299",
        "status": "failed",
        "classification": "terminal",
        "reason": "process_group_not_confirmed_closed"
      },
      {
        "runId": "ebd6f208-c87f-43e1-8212-7889b121458a",
        "status": "completed",
        "classification": "terminal",
        "reason": "stdout_path_outside_state_root",
        "detail": "/sessions/gallant-sleepy-edison/mnt/architrino/.local-data/owned-compute/logs/ebd6f208-c87f-43e1-8212-7889b121458a.stdout.log"
      },
      {
        "runId": "ece8652f-7976-4d9f-b0e7-367bf48406ef",
        "status": "stopped",
        "classification": "terminal",
        "reason": "too_recent",
        "terminalAtUtc": "2026-09-03T03:57:20.497Z"
      },
      {
        "runId": "ed3c6ab9-3b06-421d-857f-79bca77b58b6",
        "status": "failed",
        "classification": "terminal",
        "reason": "process_group_not_confirmed_closed"
      },
      {
        "runId": "ed4f0043-70ea-4bb1-977a-75e1dcb63180",
        "status": "completed",
        "classification": "terminal",
        "reason": "stdout_path_outside_state_root",
        "detail": "/sessions/gallant-sleepy-edison/mnt/architrino/.local-data/owned-compute-outside-7aeac6e1-b3b7-47a9-aa54-f17dc74b11a7.log"
      },
      {
        "runId": "eebdf22b-2ca4-418e-b06f-b2d0a581da9c",
        "status": "launching",
        "classification": "stale_closed",
        "reason": "nonterminal"
      },
      {
        "runId": "eec4fd2e-6176-49a9-9541-83f791df709b",
        "status": "launching",
        "classification": "launching",
        "reason": "nonterminal"
      },
      {
        "runId": "ef4314d2-4212-4dd1-93a3-a61d64fd56d9",
        "status": "failed",
        "classification": "terminal",
        "reason": "process_group_not_confirmed_closed"
      },
      {
        "runId": "efd68aaf-6009-4771-aeca-57bede6c3fa8",
        "status": "launching",
        "classification": "launching",
        "reason": "nonterminal"
      },
      {
        "runId": "f06c934b-9383-47f3-87a3-beb06291bc27",
        "status": "failed",
        "classification": "terminal",
        "reason": "too_recent",
        "terminalAtUtc": "2026-09-03T01:03:08.876Z"
      },
      {
        "runId": "f2441208-e91c-4b7a-894d-52906f93ea38",
        "status": "failed",
        "classification": "terminal",
        "reason": "process_group_not_confirmed_closed"
      },
      {
        "runId": "f448328e-477f-43ab-856b-38b420c07a80",
        "status": "reconciled_closed",
        "classification": "terminal",
        "reason": "too_recent",
        "terminalAtUtc": "2026-09-02T23:52:30.556Z"
      },
      {
        "runId": "f7e6f6c5-6afc-4081-8eac-eafbdc1ac657",
        "status": "reconciled_closed",
        "classification": "terminal",
        "reason": "too_recent",
        "terminalAtUtc": "2026-09-03T01:57:39.000Z"
      },
      {
        "runId": "f7feb6f3-a0d9-477b-b8f6-856e83a4c684",
        "status": "launching",
        "classification": "stale_closed",
        "reason": "nonterminal"
      },
      {
        "runId": "f817a00a-42fd-47cb-b4ae-524d6cac7463",
        "status": "launching",
        "classification": "launching",
        "reason": "nonterminal"
      },
      {
        "runId": "f81eb76a-421c-4dd8-9ede-850f74ef6da6",
        "status": "failed",
        "classification": "terminal",
        "reason": "process_group_not_confirmed_closed"
      },
      {
        "runId": "f904b260-f4ee-48d5-83e4-524f093caeed",
        "status": "completed",
        "classification": "terminal",
        "reason": "too_recent",
        "terminalAtUtc": "2026-09-06T18:17:17.926Z"
      },
      {
        "runId": "f9b701fa-22fc-45cf-9e80-95e5afc39f4a",
        "status": "completed",
        "classification": "terminal",
        "reason": "stdout_path_outside_state_root",
        "detail": "/sessions/gallant-sleepy-edison/mnt/architrino/.local-data/owned-compute-outside-d8717e24-e2a5-4dec-a5d8-354759aeb818.log"
      },
      {
        "runId": "fd33d145-4c1c-4975-8cd3-f585959ae4f2",
        "status": "timed_out",
        "classification": "terminal",
        "reason": "too_recent",
        "terminalAtUtc": "2026-09-02T23:54:24.538Z"
      },
      {
        "runId": "fdcc0c32-a2f5-48e0-a55f-e75e7df90e85",
        "status": "failed",
        "classification": "terminal",
        "reason": "process_group_not_confirmed_closed"
      },
      {
        "runId": "fdede8ac-24ed-4887-af7f-6e7f9a622b93",
        "status": "completed",
        "classification": "terminal",
        "reason": "stdout_path_outside_state_root",
        "detail": "/sessions/eloquent-busy-noether/mnt/vibe/architrino/.local-data/owned-compute/logs/fdede8ac-24ed-4887-af7f-6e7f9a622b93.stdout.log"
      },
      {
        "runId": "fe1adb7c-9c22-4f35-9e43-cf81b80607e9",
        "status": "stopped",
        "classification": "terminal",
        "reason": "too_recent",
        "terminalAtUtc": "2026-09-06T17:55:21.825Z"
      }
    ],
    "deleted": []
  }
  
  
      at file:///Users/markmorris/vibe/architrino/tests/owned-compute-supervisor.test.js:22:16
      at ChildProcess.exithandler (node:child_process:424:5)
      at ChildProcess.emit (node:events:509:20)
      at maybeClose (node:internal/child_process:1108:16)
      at ChildProcess._handle.onexit (node:internal/child_process:305:5)

test at tests/owned-compute-supervisor.test.js:369:1
✖ prune retains identity-uncertain compute without signaling it (108.821375ms)
  Error: command failed: Command failed: /opt/homebrew/Cellar/node/26.3.0/bin/node /Users/markmorris/vibe/architrino/scripts/dev/owned-compute-supervisor.mjs prune --older-than-seconds 10000000000 --apply
  
  {
    "schema": "architrino.owned-compute-prune-report.v1",
    "status": "refused",
    "mode": "apply",
    "olderThanSeconds": 10000000000,
    "cutoffAtUtc": "1709-10-18T13:18:17.180Z",
    "selected": [],
    "retained": [
      {
        "runId": "00086baa-424f-4469-9dc2-ace7262f12c0",
        "status": "failed",
        "classification": "terminal",
        "reason": "too_recent",
        "terminalAtUtc": "2026-09-06T18:12:42.105Z"
      },
      {
        "runId": "01b90d52-a8d1-43d4-a865-60637100d222",
        "status": "launching",
        "classification": "stale_closed",
        "reason": "nonterminal"
      },
      {
        "runId": "022ceae4-b771-410c-8acc-09eeafdd9711",
        "status": "failed",
        "classification": "terminal",
        "reason": "too_recent",
        "terminalAtUtc": "2026-09-07T07:02:53.206Z"
      },
      {
        "runId": "023d9a99-e8aa-479b-9281-beb0754ebb76",
        "status": "failed",
        "classification": "terminal",
        "reason": "process_group_not_confirmed_closed"
      },
      {
        "runId": "0269a216-0fff-4286-ada3-cd14973e0793",
        "status": "completed",
        "classification": "terminal",
        "reason": "too_recent",
        "terminalAtUtc": "2026-09-07T01:00:53.001Z"
      },
      {
        "runId": "035b720f-e9ef-47ba-bc73-492807e6c602",
        "status": "completed",
        "classification": "terminal",
        "reason": "stdout_path_outside_state_root",
        "detail": "/sessions/gallant-sleepy-edison/mnt/architrino/.local-data/owned-compute-outside-ff13cd4f-6a42-43e4-959d-21eca7eb0cf8.log"
      },
      {
        "runId": "036024e4-87e7-47dd-a843-114c9cb9dee2",
        "status": "stopped",
        "classification": "terminal",
        "reason": "too_recent",
        "terminalAtUtc": "2026-09-06T18:12:31.801Z"
      },
      {
        "runId": "042028e0-af30-4841-a54d-193bb831a537",
        "status": "stopped",
        "classification": "terminal",
        "reason": "too_recent",
        "terminalAtUtc": "2026-09-05T06:42:00.005Z"
      },
      {
        "runId": "06751a1d-1b47-408a-b959-5be311db9eaf",
        "status": "completed",
        "classification": "terminal",
        "reason": "stdout_path_outside_state_root",
        "detail": "/sessions/gallant-sleepy-edison/mnt/architrino/.local-data/owned-compute/logs/06751a1d-1b47-408a-b959-5be311db9eaf.stdout.log"
      },
      {
        "runId": "06ebac47-e6b6-478b-aab8-415307b5a898",
        "status": "completed",
        "classification": "terminal",
        "reason": "stdout_path_outside_state_root",
        "detail": "/sessions/gallant-sleepy-edison/mnt/architrino/.local-data/owned-compute/logs/06ebac47-e6b6-478b-aab8-415307b5a898.stdout.log"
      },
      {
        "runId": "08a56410-3fab-4d99-ad94-124505297c32",
        "status": "completed",
        "classification": "terminal",
        "reason": "too_recent",
        "terminalAtUtc": "2026-09-06T23:33:02.084Z"
      },
      {
        "runId": "0a1dcfba-512c-40d8-83cd-dfca7713a58b",
        "status": "stopped",
        "classification": "terminal",
        "reason": "too_recent",
        "terminalAtUtc": "2026-09-03T05:21:29.059Z"
      },
      {
        "runId": "0add5c56-4a8f-48b7-90ad-f37629b433d0",
        "status": "completed",
        "classification": "terminal",
        "reason": "too_recent",
        "terminalAtUtc": "2026-09-06T17:55:11.435Z"
      },
      {
        "runId": "0b40dca0-b788-4fa4-837e-b7346ae124db",
        "status": "completed",
        "classification": "terminal",
        "reason": "stdout_path_outside_state_root",
        "detail": "/sessions/awesome-affectionate-heisenberg/mnt/vibe/architrino/.local-data/owned-compute/logs/0b40dca0-b788-4fa4-837e-b7346ae124db.stdout.log"
      },
      {
        "runId": "0b908452-e923-42dd-b13f-12f6c500850a",
        "status": "reconciled_stopped",
        "classification": "terminal",
        "reason": "too_recent",
        "terminalAtUtc": "2026-09-06T17:55:23.259Z"
      },
      {
        "runId": "0ec9755f-ddff-4c79-94fa-01386b59118b",
        "status": "completed",
        "classification": "terminal",
        "reason": "too_recent",
        "terminalAtUtc": "2026-09-06T18:10:05.373Z"
      },
      {
        "runId": "10807f97-a246-47ed-b5f4-1dbef42a075f",
        "status": "launching",
        "classification": "stale_closed",
        "reason": "nonterminal"
      },
      {
        "runId": "1147816a-cbd7-48a6-954c-6545a92534a5",
        "status": "stopped",
        "classification": "terminal",
        "reason": "too_recent",
        "terminalAtUtc": "2026-09-06T17:10:45.158Z"
      },
      {
        "runId": "11a3a378-8de2-41c6-928f-3f5986a8bb60",
        "status": "failed",
        "classification": "terminal",
        "reason": "process_group_not_confirmed_closed"
      },
      {
        "runId": "1291ddbe-350a-4688-84e3-80895b186caa",
        "status": "failed",
        "classification": "terminal",
        "reason": "process_group_not_confirmed_closed"
      },
      {
        "runId": "139abb88-f707-4b93-be88-282f98921492",
        "status": "completed",
        "classification": "terminal",
        "reason": "too_recent",
        "terminalAtUtc": "2026-09-03T01:05:19.357Z"
      },
      {
        "runId": "13d835b5-23ba-45bf-b93a-9e3836515c21",
        "status": "failed",
        "classification": "terminal",
        "reason": "too_recent",
        "terminalAtUtc": "2026-09-07T06:40:53.551Z"
      },
      {
        "runId": "141535be-a54c-457e-b7f8-727fc5622b39",
        "status": "stopped",
        "classification": "terminal",
        "reason": "too_recent",
        "terminalAtUtc": "2026-09-03T03:56:19.225Z"
      },
      {
        "runId": "15028d27-585a-403c-8fb7-d2883847dac9",
        "status": "stopped",
        "classification": "terminal",
        "reason": "too_recent",
        "terminalAtUtc": "2026-09-07T02:42:52.097Z"
      },
      {
        "runId": "15047afd-8e6d-4b50-a6eb-a871ccb64f7a",
        "status": "stopped",
        "classification": "terminal",
        "reason": "too_recent",
        "terminalAtUtc": "2026-09-03T01:55:47.198Z"
      },
      {
        "runId": "150abf31-89e4-4256-8946-c4d1cf94dcaf",
        "status": "stopped",
        "classification": "terminal",
        "reason": "too_recent",
        "terminalAtUtc": "2026-09-03T01:05:57.787Z"
      },
      {
        "runId": "1584d2b0-22b5-43db-a637-ab686be62020",
        "status": "reconciled_stopped",
        "classification": "terminal",
        "reason": "too_recent",
        "terminalAtUtc": "2026-09-03T01:05:22.694Z"
      },
      {
        "runId": "1680ae6c-4387-4436-a1f0-e7373f8cfee1",
        "status": "stopped",
        "classification": "terminal",
        "reason": "too_recent",
        "terminalAtUtc": "2026-09-05T05:14:54.092Z"
      },
      {
        "runId": "16930c68-3926-4db2-b25d-4343a737c2a0",
        "status": "completed",
        "classification": "terminal",
        "reason": "stdout_path_outside_state_root",
        "detail": "/sessions/gallant-sleepy-edison/mnt/architrino/.local-data/owned-compute/logs/16930c68-3926-4db2-b25d-4343a737c2a0.stdout.log"
      },
      {
        "runId": "1763de8c-c588-47cf-9513-1d9c33488905",
        "status": "completed",
        "classification": "terminal",
        "reason": "too_recent",
        "terminalAtUtc": "2026-09-06T22:00:58.470Z"
      },
      {
        "runId": "17b3c610-2a39-4c17-8b0c-0e1fec117284",
        "status": "failed",
        "classification": "terminal",
        "reason": "process_group_not_confirmed_closed"
      },
      {
        "runId": "17b693dc-d899-4f9f-b1ce-5e33cb0dcfa7",
        "status": "failed",
        "classification": "terminal",
        "reason": "process_group_not_confirmed_closed"
      },
      {
        "runId": "189f15d6-a65d-4431-ae10-e3f352d951d3",
        "status": "failed",
        "classification": "terminal",
        "reason": "process_group_not_confirmed_closed"
      },
      {
        "runId": "1a51e68f-a4e3-40e5-a09e-2e14d860aff9",
        "status": "timed_out",
        "classification": "terminal",
        "reason": "too_recent",
        "terminalAtUtc": "2026-09-06T17:55:22.985Z"
      },
      {
        "runId": "1be47577-e5ad-470e-aba8-e4594d2cdf7a",
        "status": "stopped",
        "classification": "terminal",
        "reason": "too_recent",
        "terminalAtUtc": "2026-09-03T12:19:03.933Z"
      },
      {
        "runId": "1c66f1d5-1dfe-4773-bb94-df26ea76d7a0",
        "status": "failed",
        "classification": "terminal",
        "reason": "process_group_not_confirmed_closed"
      },
      {
        "runId": "1c6cf48e-2f74-4ea7-b0d3-13ccae7957b2",
        "status": "launching",
        "classification": "stale_closed",
        "reason": "nonterminal"
      },
      {
        "runId": "1cdd1a2b-82ca-493d-b841-94c4ca1d4c18",
        "status": "failed",
        "classification": "terminal",
        "reason": "process_group_not_confirmed_closed"
      },
      {
        "runId": "1d5c8bd8-1f5a-4afb-970f-c8d468a57aa5",
        "status": "failed",
        "classification": "terminal",
        "reason": "process_group_not_confirmed_closed"
      },
      {
        "runId": "1db81571-7281-4900-a72d-c91b5803445e",
        "status": "failed",
        "classification": "terminal",
        "reason": "process_group_not_confirmed_closed"
      },
      {
        "runId": "1e699138-a4f7-4263-bed6-033099df8f2a",
        "status": "stopped",
        "classification": "terminal",
        "reason": "too_recent",
        "terminalAtUtc": "2026-09-05T03:45:47.046Z"
      },
      {
        "runId": "1f4233c1-00b1-435c-bb23-775a23d4b61e",
        "status": "stopped",
        "classification": "terminal",
        "reason": "too_recent",
        "terminalAtUtc": "2026-09-02T23:56:53.050Z"
      },
      {
        "runId": "1f4c248c-db85-4c3f-9c2b-926ca4c380fc",
        "status": "stopped",
        "classification": "terminal",
        "reason": "too_recent",
        "terminalAtUtc": "2026-09-03T01:05:19.611Z"
      },
      {
        "runId": "22352abc-806c-4851-b161-1690eb6bd4ee",
        "status": "failed",
        "classification": "terminal",
        "reason": "too_recent",
        "terminalAtUtc": "2026-09-07T06:43:19.740Z"
      },
      {
        "runId": "22742386-eefc-4ddd-9561-e5994ad2bf38",
        "status": "stopped",
        "classification": "terminal",
        "reason": "too_recent",
        "terminalAtUtc": "2026-09-05T06:42:53.783Z"
      },
      {
        "runId": "22cc554c-d5eb-48de-afd7-6d5b7705c782",
        "status": "failed",
        "classification": "terminal",
        "reason": "process_group_not_confirmed_closed"
      },
      {
        "runId": "23edc754-ac77-45ec-8cb2-07a76192cfc1",
        "status": "failed",
        "classification": "terminal",
        "reason": "process_group_not_confirmed_closed"
      },
      {
        "runId": "264cfc44-460c-487b-aac3-412c551a1025",
        "status": "timed_out",
        "classification": "terminal",
        "reason": "too_recent",
        "terminalAtUtc": "2026-09-03T01:03:10.770Z"
      },
      {
        "runId": "264d7a46-2f07-47e4-9ed7-4851563e2eb9",
        "status": "completed",
        "classification": "terminal",
        "reason": "stdout_path_outside_state_root",
        "detail": "/sessions/gallant-sleepy-edison/mnt/architrino/.local-data/owned-compute-outside-b709edda-670e-41ed-8a22-bd2f45a5cb33.log"
      },
      {
        "runId": "26cdff48-7fb0-4ba2-8aee-b35ed5ea8dcb",
        "status": "failed",
        "classification": "terminal",
        "reason": "process_group_not_confirmed_closed"
      },
      {
        "runId": "27074a62-2837-4a9b-ab3e-bbd635c89f8f",
        "status": "reconciled_stopped",
        "classification": "terminal",
        "reason": "too_recent",
        "terminalAtUtc": "2026-09-06T17:53:56.497Z"
      },
      {
        "runId": "287269bc-c848-424d-86ab-7223e58aee56",
        "status": "failed",
        "classification": "terminal",
        "reason": "process_group_not_confirmed_closed"
      },
      {
        "runId": "28757429-c361-4e88-b6d1-aee8abb91405",
        "status": "completed",
        "classification": "terminal",
        "reason": "stdout_path_outside_state_root",
        "detail": "/sessions/gallant-sleepy-edison/mnt/architrino/.local-data/owned-compute/logs/28757429-c361-4e88-b6d1-aee8abb91405.stdout.log"
      },
      {
        "runId": "28e72f6d-fa4c-46d6-95fb-59f236263a1a",
        "status": "stopped",
        "classification": "terminal",
        "reason": "too_recent",
        "terminalAtUtc": "2026-09-06T17:55:11.433Z"
      },
      {
        "runId": "28f3c89c-15d9-4511-b255-560f74e79787",
        "status": "launching",
        "classification": "stale_closed",
        "reason": "nonterminal"
      },
      {
        "runId": "2ab5bad2-7630-4506-b747-ac8ae9a627b3",
        "status": "reconciled_closed",
        "classification": "terminal",
        "reason": "too_recent",
        "terminalAtUtc": "2026-09-02T23:52:30.554Z"
      },
      {
        "runId": "2ac0e7a4-a714-43f5-a505-1d090485ccfd",
        "status": "completed",
        "classification": "terminal",
        "reason": "stdout_path_outside_state_root",
        "detail": "/sessions/awesome-affectionate-heisenberg/mnt/vibe/architrino/.local-data/owned-compute/logs/2ac0e7a4-a714-43f5-a505-1d090485ccfd.stdout.log"
      },
      {
        "runId": "2b584865-6b6d-49d6-98d1-a75124bde5f7",
        "status": "launching",
        "classification": "stale_closed",
        "reason": "nonterminal"
      },
      {
        "runId": "2bf248d6-8ff2-479f-8573-fb45b9aa4e1a",
        "status": "completed",
        "classification": "terminal",
        "reason": "too_recent",
        "terminalAtUtc": "2026-09-07T06:42:14.807Z"
      },
      {
        "runId": "2ca48134-602f-4d8b-b84e-76f0564bd71f",
        "status": "failed",
        "classification": "terminal",
        "reason": "process_group_not_confirmed_closed"
      },
      {
        "runId": "2dbf0298-9bee-4dfb-80b1-592c1859e15d",
        "status": "completed",
        "classification": "terminal",
        "reason": "too_recent",
        "terminalAtUtc": "2026-09-06T18:12:32.060Z"
      },
      {
        "runId": "2dd40cb6-c532-4a0a-8767-d473b87f4b6f",
        "status": "failed",
        "classification": "terminal",
        "reason": "process_group_not_confirmed_closed"
      },
      {
        "runId": "30e2695d-1e5f-4e15-b30b-f320d917705c",
        "status": "completed",
        "classification": "terminal",
        "reason": "stdout_path_outside_state_root",
        "detail": "/sessions/gallant-sleepy-edison/mnt/architrino/.local-data/owned-compute/logs/30e2695d-1e5f-4e15-b30b-f320d917705c.stdout.log"
      },
      {
        "runId": "31862b7b-fb40-4d0b-b824-e7769d10c01d",
        "status": "failed",
        "classification": "terminal",
        "reason": "process_group_not_confirmed_closed"
      },
      {
        "runId": "324c93b0-8b9d-4117-ba8b-8437850a1e59",
        "status": "completed",
        "classification": "terminal",
        "reason": "stdout_path_outside_state_root",
        "detail": "/sessions/gallant-sleepy-edison/mnt/architrino/.local-data/owned-compute/logs/324c93b0-8b9d-4117-ba8b-8437850a1e59.stdout.log"
      },
      {
        "runId": "329a7a70-f000-4656-a2ce-56d3b06d3726",
        "status": "stopped",
        "classification": "terminal",
        "reason": "too_recent",
        "terminalAtUtc": "2026-09-03T03:12:16.184Z"
      },
      {
        "runId": "3385d2c0-881c-4ce9-a74e-200c1bb45800",
        "status": "launching",
        "classification": "stale_closed",
        "reason": "nonterminal"
      },
      {
        "runId": "34d23ad1-f3e2-47b1-a5fc-1abef9cff9bb",
        "status": "stopped",
        "classification": "terminal",
        "reason": "too_recent",
        "terminalAtUtc": "2026-09-03T14:03:20.888Z"
      },
      {
        "runId": "360d0a27-f451-4f7c-91b4-390832590b9e",
        "status": "launching",
        "classification": "stale_closed",
        "reason": "nonterminal"
      },
      {
        "runId": "37685d78-263d-4dca-868b-0dd40fb4d3a4",
        "status": "completed",
        "classification": "terminal",
        "reason": "stdout_path_outside_state_root",
        "detail": "/sessions/gallant-sleepy-edison/mnt/architrino/.local-data/owned-compute/logs/37685d78-263d-4dca-868b-0dd40fb4d3a4.stdout.log"
      },
      {
        "runId": "37de0a47-dd03-4eae-bb0f-b39c12de7df6",
        "status": "failed",
        "classification": "terminal",
        "reason": "process_group_not_confirmed_closed"
      },
      {
        "runId": "398e22c5-8a51-4e14-b5c6-3cbfa418e259",
        "status": "completed",
        "classification": "terminal",
        "reason": "stdout_path_outside_state_root",
        "detail": "/sessions/gallant-sleepy-edison/mnt/architrino/.local-data/owned-compute/logs/398e22c5-8a51-4e14-b5c6-3cbfa418e259.stdout.log"
      },
      {
        "runId": "3c548e3e-91c3-42f4-853f-149114dab332",
        "status": "failed",
        "classification": "terminal",
        "reason": "process_group_not_confirmed_closed"
      },
      {
        "runId": "3c7e2b18-cce3-4037-a3fd-bc63118c8c04",
        "status": "failed",
        "classification": "terminal",
        "reason": "too_recent",
        "terminalAtUtc": "2026-09-07T04:47:47.789Z"
      },
      {
        "runId": "3d8028c5-d48e-4717-a513-9cf621974a76",
        "status": "failed",
        "classification": "terminal",
        "reason": "too_recent",
        "terminalAtUtc": "2026-09-07T06:41:29.663Z"
      },
      {
        "runId": "3dbfccc2-7ade-4311-a512-aeb70ca7a0a4",
        "status": "completed",
        "classification": "terminal",
        "reason": "too_recent",
        "terminalAtUtc": "2026-09-07T04:46:20.162Z"
      },
      {
        "runId": "3f9671af-47b0-4d27-87ac-8b38fcf4445e",
        "status": "stopped",
        "classification": "terminal",
        "reason": "too_recent",
        "terminalAtUtc": "2026-09-05T03:38:16.521Z"
      },
      {
        "runId": "4138e20f-2d9a-46e2-9e44-e4fb12017c68",
        "status": "failed",
        "classification": "terminal",
        "reason": "too_recent",
        "terminalAtUtc": "2026-09-07T05:20:52.894Z"
      },
      {
        "runId": "439e47e7-ecbf-445e-9442-9c20088357fe",
        "status": "failed",
        "classification": "terminal",
        "reason": "too_recent",
        "terminalAtUtc": "2026-09-02T23:54:22.655Z"
      },
      {
        "runId": "43a514c4-167a-4c73-82a4-45ff62c6175a",
        "status": "failed",
        "classification": "terminal",
        "reason": "process_group_not_confirmed_closed"
      },
      {
        "runId": "43b30c17-ed53-4c41-88cf-406197afc170",
        "status": "launching",
        "classification": "stale_closed",
        "reason": "nonterminal"
      },
      {
        "runId": "442e8427-36a3-4a79-ae0b-b8da5e079e59",
        "status": "failed",
        "classification": "terminal",
        "reason": "process_group_not_confirmed_closed"
      },
      {
        "runId": "444e1f28-966a-4695-ac53-2d1578714394",
        "status": "failed",
        "classification": "terminal",
        "reason": "too_recent",
        "terminalAtUtc": "2026-09-07T05:35:07.042Z"
      },
      {
        "runId": "44587b8e-4774-444e-a992-c625a19dbe95",
        "status": "completed",
        "classification": "terminal",
        "reason": "too_recent",
        "terminalAtUtc": "2026-09-03T01:03:08.637Z"
      },
      {
        "runId": "45fa4c31-7bad-42b8-8ec3-1c2d7b9d239a",
        "status": "failed",
        "classification": "terminal",
        "reason": "too_recent",
        "terminalAtUtc": "2026-09-07T04:50:37.111Z"
      },
      {
        "runId": "46035b6f-9db8-49e1-a399-2b6a1a6ed239",
        "status": "failed",
        "classification": "terminal",
        "reason": "too_recent",
        "terminalAtUtc": "2026-09-07T07:04:54.109Z"
      },
      {
        "runId": "471afb53-829e-488b-823e-cfa748cbaee1",
        "status": "launching",
        "classification": "stale_closed",
        "reason": "nonterminal"
      },
      {
        "runId": "49a5708c-19a7-4e03-9577-17b64d448ecb",
        "status": "completed",
        "classification": "terminal",
        "reason": "too_recent",
        "terminalAtUtc": "2026-09-07T07:04:53.882Z"
      },
      {
        "runId": "49f850c2-0643-471c-b580-00d878b8f5bc",
        "status": "failed",
        "classification": "terminal",
        "reason": "too_recent",
        "terminalAtUtc": "2026-09-07T04:53:05.928Z"
      },
      {
        "runId": "4a5ffa70-06df-4124-b152-ba1514f7bfb6",
        "status": "reconciled_closed",
        "classification": "terminal",
        "reason": "too_recent",
        "terminalAtUtc": "2026-09-02T23:52:30.556Z"
      },
      {
        "runId": "4ab7bd56-8799-4a6d-ba6a-5cc21365aa7b",
        "status": "stopped",
        "classification": "terminal",
        "reason": "too_recent",
        "terminalAtUtc": "2026-09-03T14:20:03.445Z"
      },
      {
        "runId": "4ad143ec-961f-4ab9-8391-e472f836eab3",
        "status": "failed",
        "classification": "terminal",
        "reason": "too_recent",
        "terminalAtUtc": "2026-09-07T02:43:49.668Z"
      },
      {
        "runId": "4d5d3487-deb5-4ac5-a05a-b1130893013c",
        "status": "stopped",
        "classification": "terminal",
        "reason": "too_recent",
        "terminalAtUtc": "2026-09-06T18:12:42.553Z"
      },
      {
        "runId": "4f1de4bc-27d7-4c81-bd80-cbdd93119915",
        "status": "failed",
        "classification": "terminal",
        "reason": "process_group_not_confirmed_closed"
      },
      {
        "runId": "4f35027a-2ad7-4a28-8b46-dcdbc6458ddd",
        "status": "failed",
        "classification": "terminal",
        "reason": "process_group_not_confirmed_closed"
      },
      {
        "runId": "51445628-2a11-476c-b093-f78d4609f6ae",
        "status": "stopped",
        "classification": "terminal",
        "reason": "too_recent",
        "terminalAtUtc": "2026-09-03T23:39:08.769Z"
      },
      {
        "runId": "5213afc4-ce44-4644-81ad-00919f9ce37c",
        "status": "failed",
        "classification": "terminal",
        "reason": "process_group_not_confirmed_closed"
      },
      {
        "runId": "546f3999-566e-476c-ab39-2f623a97e55e",
        "status": "stopped",
        "classification": "terminal",
        "reason": "too_recent",
        "terminalAtUtc": "2026-09-03T14:00:24.883Z"
      },
      {
        "runId": "55195726-c489-4f49-9ce3-8c9266f3566b",
        "status": "timed_out",
        "classification": "terminal",
        "reason": "too_recent",
        "terminalAtUtc": "2026-09-03T03:56:21.128Z"
      },
      {
        "runId": "56ec5f4b-2ddb-478d-9a10-f190d3afd148",
        "status": "launching",
        "classification": "stale_closed",
        "reason": "nonterminal"
      },
      {
        "runId": "56f5d051-ce31-4582-b865-3b4fb3ccc3aa",
        "status": "stopped",
        "classification": "terminal",
        "reason": "too_recent",
        "terminalAtUtc": "2026-09-03T05:24:52.914Z"
      },
      {
        "runId": "5703599a-e7ab-494b-a386-872c32d2ee6d",
        "status": "failed",
        "classification": "terminal",
        "reason": "process_group_not_confirmed_closed"
      },
      {
        "runId": "577d374b-e63a-4757-9798-0be1c930d047",
        "status": "failed",
        "classification": "terminal",
        "reason": "process_group_not_confirmed_closed"
      },
      {
        "runId": "59ec9f81-8c42-42c3-8a12-2a7fd86a4b9e",
        "status": "launching",
        "classification": "stale_closed",
        "reason": "nonterminal"
      },
      {
        "runId": "5a882969-9fec-4584-b773-80bc2498f179",
        "status": "completed",
        "classification": "terminal",
        "reason": "too_recent",
        "terminalAtUtc": "2026-09-07T04:35:56.708Z"
      },
      {
        "runId": "5bfb4b9e-7cfb-4ede-aa9e-56237c323203",
        "status": "stopped",
        "classification": "terminal",
        "reason": "too_recent",
        "terminalAtUtc": "2026-09-05T05:13:21.625Z"
      },
      {
        "runId": "5c309a28-f7df-463a-8875-d067238bbd51",
        "status": "reconciled_stopped",
        "classification": "terminal",
        "reason": "too_recent",
        "terminalAtUtc": "2026-09-07T01:00:55.522Z"
      },
      {
        "runId": "5c781b35-6320-4cdd-b19d-32840b9e50d1",
        "status": "stopped",
        "classification": "terminal",
        "reason": "too_recent",
        "terminalAtUtc": "2026-09-07T02:43:50.313Z"
      },
      {
        "runId": "5c7edca8-8fb0-4385-9518-4e58257ee018",
        "status": "failed",
        "classification": "terminal",
        "reason": "process_group_not_confirmed_closed"
      },
      {
        "runId": "608247eb-7481-4088-9f85-8448bf1e73f7",
        "status": "stopped",
        "classification": "terminal",
        "reason": "too_recent",
        "terminalAtUtc": "2026-09-06T17:53:55.076Z"
      },
      {
        "runId": "627015b8-9dd8-43e2-b778-407da6b55ab6",
        "status": "stopped",
        "classification": "terminal",
        "reason": "too_recent",
        "terminalAtUtc": "2026-09-03T14:19:20.578Z"
      },
      {
        "runId": "64e9cb1a-0a20-4f60-970e-8865a9e85367",
        "status": "launching",
        "classification": "stale_closed",
        "reason": "nonterminal"
      },
      {
        "runId": "65f5dd5e-44ce-4b7c-84d4-c938a03c07cb",
        "status": "reconciled_stopped",
        "classification": "terminal",
        "reason": "too_recent",
        "terminalAtUtc": "2026-09-07T02:43:51.928Z"
      },
      {
        "runId": "67ba24e3-b6d2-4a50-a471-6ee8a5f51b7b",
        "status": "reconciled_stopped",
        "classification": "terminal",
        "reason": "too_recent",
        "terminalAtUtc": "2026-09-02T23:56:54.653Z"
      },
      {
        "runId": "68042f83-4254-4251-a704-68aeed5c0ce1",
        "status": "completed",
        "classification": "terminal",
        "reason": "stdout_path_outside_state_root",
        "detail": "/sessions/gallant-sleepy-edison/mnt/architrino/.local-data/owned-compute/logs/68042f83-4254-4251-a704-68aeed5c0ce1.stdout.log"
      },
      {
        "runId": "693dd3ca-65fe-43c9-9a41-5bf006ea9a79",
        "status": "reconciled_closed",
        "classification": "terminal",
        "reason": "too_recent",
        "terminalAtUtc": "2026-09-02T23:52:30.556Z"
      },
      {
        "runId": "6a47d12e-ef9b-417b-a06e-5fb6faab6045",
        "status": "completed",
        "classification": "uncertain",
        "reason": "identity_uncertain",
        "detail": "2943"
      },
      {
        "runId": "6b2984cc-c609-41ee-a56f-f8ca4b1d8929",
        "status": "launching",
        "classification": "stale_closed",
        "reason": "nonterminal"
      },
      {
        "runId": "6e489e3b-6773-4945-bc11-9b352a532dc6",
        "status": "completed",
        "classification": "terminal",
        "reason": "stdout_path_outside_state_root",
        "detail": "/sessions/gallant-sleepy-edison/mnt/architrino/.local-data/owned-compute/logs/6e489e3b-6773-4945-bc11-9b352a532dc6.stdout.log"
      },
      {
        "runId": "6e869a37-268a-482f-8e03-edbde141a154",
        "status": "timed_out",
        "classification": "terminal",
        "reason": "too_recent",
        "terminalAtUtc": "2026-09-07T01:00:55.189Z"
      },
      {
        "runId": "70734f7a-21cf-4e4d-a78e-8c0b410c9761",
        "status": "completed",
        "classification": "terminal",
        "reason": "too_recent",
        "terminalAtUtc": "2026-09-07T04:59:48.497Z"
      },
      {
        "runId": "7085c882-6873-44d7-8e8a-dcd445342a2f",
        "status": "stopped",
        "classification": "terminal",
        "reason": "too_recent",
        "terminalAtUtc": "2026-09-03T04:00:38.343Z"
      },
      {
        "runId": "70c17ea6-ba64-4558-a0fc-53d98d5ab72c",
        "status": "timed_out",
        "classification": "terminal",
        "reason": "too_recent",
        "terminalAtUtc": "2026-09-03T01:05:22.108Z"
      },
      {
        "runId": "711f4565-75b2-4372-aeee-b8086e55b415",
        "status": "failed",
        "classification": "terminal",
        "reason": "process_group_not_confirmed_closed"
      },
      {
        "runId": "7224209a-b7d1-4340-81c2-e40823e29331",
        "status": "failed",
        "classification": "terminal",
        "reason": "process_group_not_confirmed_closed"
      },
      {
        "runId": "741ba53f-9264-45e9-9eb3-f1167318e823",
        "status": "failed",
        "classification": "terminal",
        "reason": "too_recent",
        "terminalAtUtc": "2026-09-02T23:56:52.403Z"
      },
      {
        "runId": "782e1214-a5a6-4172-a90e-ef284cfd398d",
        "status": "failed",
        "classification": "terminal",
        "reason": "process_group_not_confirmed_closed"
      },
      {
        "runId": "784c3cd6-8c96-4bf4-9d91-8910525be10b",
        "status": "stopped",
        "classification": "terminal",
        "reason": "too_recent",
        "terminalAtUtc": "2026-09-03T12:18:17.909Z"
      },
      {
        "runId": "7a396d7f-5518-4d9a-bd97-3bc7bccbb1c6",
        "status": "failed",
        "classification": "terminal",
        "reason": "too_recent",
        "terminalAtUtc": "2026-09-07T05:25:20.888Z"
      },
      {
        "runId": "7d62915c-48fb-45b3-87f3-f88c685c4915",
        "status": "failed",
        "classification": "terminal",
        "reason": "process_group_not_confirmed_closed"
      },
      {
        "runId": "7dda127a-0fe2-4468-bfa0-52094e7d8e4f",
        "status": "stopped",
        "classification": "terminal",
        "reason": "too_recent",
        "terminalAtUtc": "2026-09-05T03:37:04.505Z"
      },
      {
        "runId": "7ef6f51b-c38a-4455-b94d-de2d695a463a",
        "status": "reconciled_closed",
        "classification": "terminal",
        "reason": "too_recent",
        "terminalAtUtc": "2026-09-02T23:52:30.556Z"
      },
      {
        "runId": "7fa53f7b-8e28-4931-9644-84083e611918",
        "status": "stopped",
        "classification": "terminal",
        "reason": "too_recent",
        "terminalAtUtc": "2026-09-03T01:04:19.104Z"
      },
      {
        "runId": "7fb66b50-e062-4346-ba4c-a63327343f3d",
        "status": "launching",
        "classification": "stale_closed",
        "reason": "nonterminal"
      },
      {
        "runId": "7fd2de7a-dde3-46cd-beec-96f0b8685d29",
        "status": "completed",
        "classification": "terminal",
        "reason": "stdout_path_outside_state_root",
        "detail": "/sessions/eloquent-busy-noether/mnt/vibe/architrino/.local-data/owned-compute/logs/7fd2de7a-dde3-46cd-beec-96f0b8685d29.stdout.log"
      },
      {
        "runId": "8136e67b-dfc7-4782-9506-3ef74acedf03",
        "status": "failed",
        "classification": "terminal",
        "reason": "process_group_not_confirmed_closed"
      },
      {
        "runId": "822eb1d6-a7ba-4580-a948-c890e3076383",
        "status": "completed",
        "classification": "terminal",
        "reason": "too_recent",
        "terminalAtUtc": "2026-09-07T07:02:53.251Z"
      },
      {
        "runId": "82e0f2bd-c212-4f40-a0db-36cce0062ed5",
        "status": "completed",
        "classification": "terminal",
        "reason": "too_recent",
        "terminalAtUtc": "2026-09-07T02:43:49.427Z"
      },
      {
        "runId": "83c2907f-9125-4c89-b86e-5724a1dd13f8",
        "status": "failed",
        "classification": "terminal",
        "reason": "process_group_not_confirmed_closed"
      },
      {
        "runId": "83cf8b95-a14f-4837-a3a9-d8d0b026f4c4",
        "status": "stopped",
        "classification": "terminal",
        "reason": "too_recent",
        "terminalAtUtc": "2026-09-03T02:39:41.613Z"
      },
      {
        "runId": "8466658c-249e-4690-9610-5754619da174",
        "status": "completed",
        "classification": "terminal",
        "reason": "stdout_path_outside_state_root",
        "detail": "/sessions/awesome-affectionate-heisenberg/mnt/vibe/architrino/.local-data/owned-compute/logs/8466658c-249e-4690-9610-5754619da174.stdout.log"
      },
      {
        "runId": "84de45c3-46d8-438c-8540-1584538f82e0",
        "status": "timed_out",
        "classification": "terminal",
        "reason": "too_recent",
        "terminalAtUtc": "2026-09-07T07:04:55.962Z"
      },
      {
        "runId": "856493e8-3e91-4e9e-9963-af2fce955adc",
        "status": "stopped",
        "classification": "terminal",
        "reason": "too_recent",
        "terminalAtUtc": "2026-09-06T17:53:44.336Z"
      },
      {
        "runId": "861ddc45-2605-4811-aac8-c1037fe36ef5",
        "status": "completed",
        "classification": "terminal",
        "reason": "too_recent",
        "terminalAtUtc": "2026-09-07T04:47:22.420Z"
      },
      {
        "runId": "867c336b-cc0d-40c1-96be-3d4dbf6fc518",
        "status": "completed",
        "classification": "terminal",
        "reason": "stdout_path_outside_state_root",
        "detail": "/sessions/gallant-sleepy-edison/mnt/architrino/.local-data/owned-compute/logs/867c336b-cc0d-40c1-96be-3d4dbf6fc518.stdout.log"
      },
      {
        "runId": "869d4e79-c2e1-484f-a063-6223f3f3deb1",
        "status": "completed",
        "classification": "terminal",
        "reason": "too_recent",
        "terminalAtUtc": "2026-09-07T04:34:03.659Z"
      },
      {
        "runId": "86dabab5-2d5b-4af8-a740-64b659f2afaa",
        "status": "completed",
        "classification": "terminal",
        "reason": "too_recent",
        "terminalAtUtc": "2026-09-07T04:57:10.371Z"
      },
      {
        "runId": "88110343-535f-49fe-8856-cf1021382913",
        "status": "failed",
        "classification": "terminal",
        "reason": "process_group_not_confirmed_closed"
      },
      {
        "runId": "886374dc-68c4-4932-ad0b-a1d6111bd2c6",
        "status": "stopped",
        "classification": "terminal",
        "reason": "too_recent",
        "terminalAtUtc": "2026-09-07T01:00:53.933Z"
      },
      {
        "runId": "891b1f39-e106-4cda-941b-9b0e540be4ce",
        "status": "launching",
        "classification": "launching",
        "reason": "nonterminal"
      },
      {
        "runId": "894bc1c9-f722-42e8-87fe-6fbbb14a8b14",
        "status": "failed",
        "classification": "terminal",
        "reason": "process_group_not_confirmed_closed"
      },
      {
        "runId": "8bc8e06a-9ffb-40f4-ab41-a59727db6c21",
        "status": "running",
        "classification": "authenticated_running",
        "reason": "nonterminal"
      },
      {
        "runId": "8c0ff58f-41f0-40c9-b7b7-c33b0eb2fff7",
        "status": "failed",
        "classification": "terminal",
        "reason": "process_group_not_confirmed_closed"
      },
      {
        "runId": "8c4833fa-595c-44f8-ad1c-2dafd54cbc35",
        "status": "completed",
        "classification": "terminal",
        "reason": "stdout_path_outside_state_root",
        "detail": "/sessions/gallant-sleepy-edison/mnt/architrino/.local-data/owned-compute/logs/8c4833fa-595c-44f8-ad1c-2dafd54cbc35.stdout.log"
      },
      {
        "runId": "8ce183aa-7bd7-4522-ae1d-2684720cfaf2",
        "status": "launching",
        "classification": "stale_closed",
        "reason": "nonterminal"
      },
      {
        "runId": "8e6c16a0-d791-4422-b13c-1b41cc43ed0b",
        "status": "completed",
        "classification": "terminal",
        "reason": "too_recent",
        "terminalAtUtc": "2026-09-07T04:35:02.709Z"
      },
      {
        "runId": "8f584e93-54d8-4c2d-af5a-857ac7feb913",
        "status": "failed",
        "classification": "terminal",
        "reason": "process_group_not_confirmed_closed"
      },
      {
        "runId": "91a02a40-bd32-49bd-9512-8e33e15aa40b",
        "status": "failed",
        "classification": "terminal",
        "reason": "process_group_not_confirmed_closed"
      },
      {
        "runId": "91d2b1e3-3c77-4856-a9df-f3f805e00167",
        "status": "failed",
        "classification": "terminal",
        "reason": "too_recent",
        "terminalAtUtc": "2026-09-03T01:05:19.681Z"
      },
      {
        "runId": "93b7b711-121d-4802-a605-62a0cdd6492d",
        "status": "reconciled_stopped",
        "classification": "terminal",
        "reason": "too_recent",
        "terminalAtUtc": "2026-09-02T23:54:24.864Z"
      },
      {
        "runId": "94bce299-7a34-42de-8fd2-60885d901fae",
        "status": "completed",
        "classification": "terminal",
        "reason": "too_recent",
        "terminalAtUtc": "2026-09-02T23:54:22.414Z"
      },
      {
        "runId": "953b66a0-03fd-40bf-ab82-c19eff25ebe5",
        "status": "stopped",
        "classification": "terminal",
        "reason": "too_recent",
        "terminalAtUtc": "2026-09-07T01:00:52.482Z"
      },
      {
        "runId": "95579f63-e56c-4ef9-a557-539d629deca1",
        "status": "completed",
        "classification": "terminal",
        "reason": "too_recent",
        "terminalAtUtc": "2026-09-07T07:02:52.471Z"
      },
      {
        "runId": "95696e00-4b3e-449f-988f-9e6626290a55",
        "status": "completed",
        "classification": "terminal",
        "reason": "stdout_path_outside_state_root",
        "detail": "/sessions/gallant-sleepy-edison/mnt/architrino/.local-data/owned-compute/logs/95696e00-4b3e-449f-988f-9e6626290a55.stdout.log"
      },
      {
        "runId": "95e1cb99-2cac-4f34-b481-e8a348e14ac7",
        "status": "failed",
        "classification": "terminal",
        "reason": "process_group_not_confirmed_closed"
      },
      {
        "runId": "961a2402-d15f-466c-82c4-de3207f44156",
        "status": "reconciled_stopped",
        "classification": "terminal",
        "reason": "too_recent",
        "terminalAtUtc": "2026-09-03T03:56:21.485Z"
      },
      {
        "runId": "96ee777b-0bad-4372-9def-f7a3ea3d5b98",
        "status": "stopped",
        "classification": "terminal",
        "reason": "too_recent",
        "terminalAtUtc": "2026-09-03T14:56:09.285Z"
      },
      {
        "runId": "98aa5a5b-8f6b-4d0b-9456-9c9f8c7f3f78",
        "status": "launching",
        "classification": "launching",
        "reason": "nonterminal"
      },
      {
        "runId": "994bb503-e49b-4761-85f6-f553eec4de0f",
        "status": "stopped",
        "classification": "terminal",
        "reason": "too_recent",
        "terminalAtUtc": "2026-09-03T15:09:24.588Z"
      },
      {
        "runId": "9a0d782b-7312-4771-8a14-f9118ce3d9e3",
        "status": "launching",
        "classification": "stale_closed",
        "reason": "nonterminal"
      },
      {
        "runId": "9c5b89bd-f0c0-4281-977f-9315af35f157",
        "status": "completed",
        "classification": "terminal",
        "reason": "stdout_path_outside_state_root",
        "detail": "/sessions/eloquent-busy-noether/mnt/vibe/architrino/.local-data/owned-compute/logs/9c5b89bd-f0c0-4281-977f-9315af35f157.stdout.log"
      },
      {
        "runId": "9d556a9c-0bac-41ee-a956-52cb2bb2e429",
        "status": "failed",
        "classification": "terminal",
        "reason": "process_group_not_confirmed_closed"
      },
      {
        "runId": "9e95192a-1cde-4be4-bc66-3e4877e06fee",
        "status": "completed",
        "classification": "terminal",
        "reason": "too_recent",
        "terminalAtUtc": "2026-09-06T17:53:44.616Z"
      },
      {
        "runId": "a0b0f4b8-14f5-4c43-b25f-4635eeef2ce2",
        "status": "stopped",
        "classification": "terminal",
        "reason": "too_recent",
        "terminalAtUtc": "2026-09-03T14:30:37.637Z"
      },
      {
        "runId": "a0bd8148-2e38-41f4-8750-865944e0c672",
        "status": "stopped",
        "classification": "terminal",
        "reason": "too_recent",
        "terminalAtUtc": "2026-09-03T01:57:59.734Z"
      },
      {
        "runId": "a1180874-99e0-46ad-8c7e-0640d14fe82a",
        "status": "failed",
        "classification": "terminal",
        "reason": "too_recent",
        "terminalAtUtc": "2026-09-07T06:38:30.891Z"
      },
      {
        "runId": "a1cd5d61-7af8-4baa-8e98-ff763b392254",
        "status": "failed",
        "classification": "terminal",
        "reason": "process_group_not_confirmed_closed"
      },
      {
        "runId": "a2c6992d-486a-4022-b086-7ef519d38196",
        "status": "failed",
        "classification": "terminal",
        "reason": "too_recent",
        "terminalAtUtc": "2026-09-07T07:00:35.759Z"
      },
      {
        "runId": "a3ad8bf8-2b4e-4d0e-ac9b-a9352268c1f0",
        "status": "launching",
        "classification": "stale_closed",
        "reason": "nonterminal"
      },
      {
        "runId": "a484c2ad-4774-4050-bdaa-ab9029fbcfc4",
        "status": "reconciled_stopped",
        "classification": "terminal",
        "reason": "too_recent",
        "terminalAtUtc": "2026-09-07T07:04:56.299Z"
      },
      {
        "runId": "a49c354a-ea86-43fc-9fab-0d2b35b3d4b5",
        "status": "launching",
        "classification": "stale_closed",
        "reason": "nonterminal"
      },
      {
        "runId": "a77eeddc-02be-431b-80a7-761ce3c3e20b",
        "status": "completed",
        "classification": "terminal",
        "reason": "too_recent",
        "terminalAtUtc": "2026-09-07T05:18:05.239Z"
      },
      {
        "runId": "a80a88e2-5558-4954-a279-5b537b4f9e93",
        "status": "stopped",
        "classification": "terminal",
        "reason": "too_recent",
        "terminalAtUtc": "2026-09-07T02:43:48.904Z"
      },
      {
        "runId": "a900e50a-0610-4e4e-abce-49d217df75d9",
        "status": "stopped",
        "classification": "terminal",
        "reason": "too_recent",
        "terminalAtUtc": "2026-09-07T00:59:58.157Z"
      },
      {
        "runId": "a92daec1-7966-4f94-9130-9a9e412c31bb",
        "status": "failed",
        "classification": "terminal",
        "reason": "process_group_not_confirmed_closed"
      },
      {
        "runId": "a95365fe-a4be-4a3e-896c-950ab54a8f49",
        "status": "launching",
        "classification": "stale_closed",
        "reason": "nonterminal"
      },
      {
        "runId": "aab9dcd1-a4e5-4712-9caf-03cda5baf029",
        "status": "launching",
        "classification": "stale_closed",
        "reason": "nonterminal"
      },
      {
        "runId": "ab19e4d1-12f4-4d36-9c88-76734aaec297",
        "status": "launching",
        "classification": "stale_closed",
        "reason": "nonterminal"
      },
      {
        "runId": "abaa28a5-692a-4fe8-99bb-c69a35fafad7",
        "status": "timed_out",
        "classification": "terminal",
        "reason": "too_recent",
        "terminalAtUtc": "2026-09-07T02:43:51.572Z"
      },
      {
        "runId": "abfaa1a5-299e-4812-aeb7-0297a4c9f59c",
        "status": "completed",
        "classification": "terminal",
        "reason": "stdout_path_outside_state_root",
        "detail": "/sessions/gallant-sleepy-edison/mnt/architrino/.local-data/owned-compute/logs/abfaa1a5-299e-4812-aeb7-0297a4c9f59c.stdout.log"
      },
      {
        "runId": "acaa92cf-a7dd-465f-9c56-7c8d82f9653f",
        "status": "reconciled_stopped",
        "classification": "terminal",
        "reason": "too_recent",
        "terminalAtUtc": "2026-09-06T18:12:43.996Z"
      },
      {
        "runId": "adad2f18-3560-4847-afb9-8206287dd25a",
        "status": "completed",
        "classification": "terminal",
        "reason": "stdout_path_outside_state_root",
        "detail": "/sessions/eloquent-busy-noether/mnt/vibe/architrino/.local-data/owned-compute-outside-49688517-cb60-4a36-8000-bc44ca53feec.log"
      },
      {
        "runId": "ae765641-9741-4e3d-bda5-1fc274784f53",
        "status": "failed",
        "classification": "terminal",
        "reason": "process_group_not_confirmed_closed"
      },
      {
        "runId": "aef40d5f-6d7b-4114-a088-043c729646a7",
        "status": "completed",
        "classification": "terminal",
        "reason": "stdout_path_outside_state_root",
        "detail": "/sessions/gallant-sleepy-edison/mnt/architrino/.local-data/owned-compute/logs/aef40d5f-6d7b-4114-a088-043c729646a7.stdout.log"
      },
      {
        "runId": "af2a4882-3519-4ee1-8847-4b5832733487",
        "status": "stopped",
        "classification": "terminal",
        "reason": "too_recent",
        "terminalAtUtc": "2026-09-07T07:04:54.718Z"
      },
      {
        "runId": "af77ba87-c5ce-49cf-b242-c76ea5ca31bb",
        "status": "stopped",
        "classification": "terminal",
        "reason": "too_recent",
        "terminalAtUtc": "2026-09-03T15:29:41.332Z"
      },
      {
        "runId": "af9c6071-d568-44d0-821d-cab8349e79af",
        "status": "stopped",
        "classification": "terminal",
        "reason": "too_recent",
        "terminalAtUtc": "2026-09-03T01:05:20.664Z"
      },
      {
        "runId": "b05b9314-7a92-47a1-8f38-0bc775dd0e7d",
        "status": "stopped",
        "classification": "terminal",
        "reason": "too_recent",
        "terminalAtUtc": "2026-09-03T14:57:37.377Z"
      },
      {
        "runId": "b26678f7-b22b-4cf4-8251-a33115d39979",
        "status": "timed_out",
        "classification": "terminal",
        "reason": "too_recent",
        "terminalAtUtc": "2026-09-02T23:56:54.305Z"
      },
      {
        "runId": "b3502c8c-9144-489c-97ed-ff5d211fccc1",
        "status": "launching",
        "classification": "stale_closed",
        "reason": "nonterminal"
      },
      {
        "runId": "b36c6def-b48e-4864-b1ef-647a08756abc",
        "status": "failed",
        "classification": "terminal",
        "reason": "process_group_not_confirmed_closed"
      },
      {
        "runId": "b386b5b1-a305-468e-b01e-b93d0005941e",
        "status": "failed",
        "classification": "terminal",
        "reason": "too_recent",
        "terminalAtUtc": "2026-09-07T07:00:35.780Z"
      },
      {
        "runId": "b4326b9e-fa8f-40a4-a266-d792892c9e55",
        "status": "launching",
        "classification": "stale_closed",
        "reason": "nonterminal"
      },
      {
        "runId": "b50e549c-73d7-4fac-b923-90724e5b242a",
        "status": "launching",
        "classification": "stale_closed",
        "reason": "nonterminal"
      },
      {
        "runId": "b53748f0-4828-46f6-8f1e-65e099d9b758",
        "status": "completed",
        "classification": "terminal",
        "reason": "too_recent",
        "terminalAtUtc": "2026-09-03T03:56:19.053Z"
      },
      {
        "runId": "b59a75e9-d387-4472-b91e-04c3157b6abf",
        "status": "stopped",
        "classification": "terminal",
        "reason": "too_recent",
        "terminalAtUtc": "2026-09-05T03:53:17.148Z"
      },
      {
        "runId": "b59c78a3-6f01-4fee-9a0a-078ce24d5e92",
        "status": "stopped",
        "classification": "terminal",
        "reason": "too_recent",
        "terminalAtUtc": "2026-09-05T05:12:23.965Z"
      },
      {
        "runId": "b5f12298-f537-41c7-a977-34d34aae4f72",
        "status": "failed",
        "classification": "terminal",
        "reason": "process_group_not_confirmed_closed"
      },
      {
        "runId": "b5fae141-c847-48e9-8383-222364939fba",
        "status": "timed_out",
        "classification": "terminal",
        "reason": "too_recent",
        "terminalAtUtc": "2026-09-07T05:22:45.464Z"
      },
      {
        "runId": "b724c158-b383-4c4e-8ba8-67076919d746",
        "status": "stopped",
        "classification": "terminal",
        "reason": "too_recent",
        "terminalAtUtc": "2026-09-03T03:03:46.226Z"
      },
      {
        "runId": "b89d8aa0-37ac-4810-ae68-6f765f1c81cf",
        "status": "launching",
        "classification": "stale_closed",
        "reason": "nonterminal"
      },
      {
        "runId": "b8ac1dd1-4fd7-4f9f-8081-212768b1c84b",
        "status": "completed",
        "classification": "terminal",
        "reason": "too_recent",
        "terminalAtUtc": "2026-09-07T04:33:47.558Z"
      },
      {
        "runId": "b8e2c178-a16a-45f0-aef6-11ef40fb05a2",
        "status": "stopped",
        "classification": "terminal",
        "reason": "too_recent",
        "terminalAtUtc": "2026-09-02T23:54:23.289Z"
      },
      {
        "runId": "b97dcaaf-fbb7-448e-bfe3-38f264d2166f",
        "status": "failed",
        "classification": "terminal",
        "reason": "too_recent",
        "terminalAtUtc": "2026-09-06T17:55:21.456Z"
      },
      {
        "runId": "b984ecde-70ff-4955-8dad-b776f794c7a2",
        "status": "failed",
        "classification": "terminal",
        "reason": "process_group_not_confirmed_closed"
      },
      {
        "runId": "ba113781-ab5d-48de-8b14-cb44d7f3a76c",
        "status": "completed",
        "classification": "terminal",
        "reason": "stdout_path_outside_state_root",
        "detail": "/sessions/gallant-sleepy-edison/mnt/architrino/.local-data/owned-compute/logs/ba113781-ab5d-48de-8b14-cb44d7f3a76c.stdout.log"
      },
      {
        "runId": "bbf49ecc-050f-45f3-b0f9-7ce384eea5c2",
        "status": "launching",
        "classification": "launching",
        "reason": "nonterminal"
      },
      {
        "runId": "bc97436e-077d-4fd0-909e-8b63c9898598",
        "status": "failed",
        "classification": "terminal",
        "reason": "process_group_not_confirmed_closed"
      },
      {
        "runId": "bdb81ecb-b6f5-4007-906d-823c3c4b9312",
        "status": "failed",
        "classification": "terminal",
        "reason": "process_group_not_confirmed_closed"
      },
      {
        "runId": "c08d28be-2dfa-4e09-9a00-bfb23e1d6044",
        "status": "failed",
        "classification": "terminal",
        "reason": "process_group_not_confirmed_closed"
      },
      {
        "runId": "c0921803-240a-4b85-b3fa-387a4af90757",
        "status": "completed",
        "classification": "terminal",
        "reason": "stdout_path_outside_state_root",
        "detail": "/sessions/gallant-sleepy-edison/mnt/architrino/.local-data/owned-compute/logs/c0921803-240a-4b85-b3fa-387a4af90757.stdout.log"
      },
      {
        "runId": "c1760e79-7564-49c5-975f-9ef6ccb8adbf",
        "status": "timed_out",
        "classification": "terminal",
        "reason": "too_recent",
        "terminalAtUtc": "2026-09-06T17:53:56.241Z"
      },
      {
        "runId": "c24983e3-f43c-43a2-8988-df1b76998dce",
        "status": "failed",
        "classification": "terminal",
        "reason": "too_recent",
        "terminalAtUtc": "2026-09-07T05:17:13.208Z"
      },
      {
        "runId": "c3307e61-b2d0-4cb2-85c1-31e38e63a4ce",
        "status": "stopped",
        "classification": "terminal",
        "reason": "too_recent",
        "terminalAtUtc": "2026-09-03T01:03:09.521Z"
      },
      {
        "runId": "c39a2f0b-45fa-42ee-a201-ac1b2b74365d",
        "status": "failed",
        "classification": "terminal",
        "reason": "process_group_not_confirmed_closed"
      },
      {
        "runId": "c7d9f198-1fcc-4eca-bb31-e62a771f62eb",
        "status": "completed",
        "classification": "terminal",
        "reason": "stdout_path_outside_state_root",
        "detail": "/sessions/gallant-sleepy-edison/mnt/architrino/.local-data/owned-compute/logs/c7d9f198-1fcc-4eca-bb31-e62a771f62eb.stdout.log"
      },
      {
        "runId": "c8c816f2-f06e-4c97-b5c3-2039a8a6b869",
        "status": "failed",
        "classification": "terminal",
        "reason": "process_group_not_confirmed_closed"
      },
      {
        "runId": "c999625a-5ae6-48b9-b56d-383e5d3eeb5d",
        "status": "failed",
        "classification": "terminal",
        "reason": "process_group_not_confirmed_closed"
      },
      {
        "runId": "caa42414-8c79-475e-a12c-fb889db79ae4",
        "status": "stopped",
        "classification": "terminal",
        "reason": "too_recent",
        "terminalAtUtc": "2026-09-03T15:45:20.091Z"
      },
      {
        "runId": "cb060f02-a20e-4381-aa8f-4ccb02db0b17",
        "status": "completed",
        "classification": "terminal",
        "reason": "too_recent",
        "terminalAtUtc": "2026-09-06T15:23:42.848Z"
      },
      {
        "runId": "cb4fd7c9-a8e6-4259-9ba7-21d68018cab5",
        "status": "failed",
        "classification": "terminal",
        "reason": "process_group_not_confirmed_closed"
      },
      {
        "runId": "cc53d0cc-acb3-47de-ba62-3cd2eda34cb4",
        "status": "completed",
        "classification": "terminal",
        "reason": "too_recent",
        "terminalAtUtc": "2026-09-06T15:21:17.597Z"
      },
      {
        "runId": "cc74cf70-6739-41a4-8b6c-fc6a3f80b169",
        "status": "completed",
        "classification": "terminal",
        "reason": "too_recent",
        "terminalAtUtc": "2026-09-07T04:54:33.885Z"
      },
      {
        "runId": "ce2d860e-56f6-4bca-a57e-b9911a5e0638",
        "status": "launching",
        "classification": "launching",
        "reason": "nonterminal"
      },
      {
        "runId": "d16e07a4-a15b-43eb-a021-2ca94ef4ef22",
        "status": "stopped",
        "classification": "terminal",
        "reason": "too_recent",
        "terminalAtUtc": "2026-09-03T01:03:08.809Z"
      },
      {
        "runId": "d1792147-e899-41d8-aa50-2217f5de8e14",
        "status": "stopped",
        "classification": "terminal",
        "reason": "too_recent",
        "terminalAtUtc": "2026-09-05T03:39:45.933Z"
      },
      {
        "runId": "d1a45a59-e522-4a1a-8526-51511dccc5dc",
        "status": "completed",
        "classification": "terminal",
        "reason": "too_recent",
        "terminalAtUtc": "2026-09-06T15:28:39.133Z"
      },
      {
        "runId": "d42c8e10-194d-42fb-8bc1-5716c4a7eaaf",
        "status": "failed",
        "classification": "terminal",
        "reason": "process_group_not_confirmed_closed"
      },
      {
        "runId": "d4e740b9-bb83-4bdb-af55-d649a329f8e4",
        "status": "failed",
        "classification": "terminal",
        "reason": "too_recent",
        "terminalAtUtc": "2026-09-06T17:53:54.696Z"
      },
      {
        "runId": "d62d3561-9ef0-40f8-b069-c6ad025496d4",
        "status": "completed",
        "classification": "terminal",
        "reason": "stdout_path_outside_state_root",
        "detail": "/sessions/gallant-sleepy-edison/mnt/architrino/.local-data/owned-compute/logs/d62d3561-9ef0-40f8-b069-c6ad025496d4.stdout.log"
      },
      {
        "runId": "d632a07b-0a71-418c-9d64-69e74ac2c5ea",
        "status": "stopped",
        "classification": "terminal",
        "reason": "too_recent",
        "terminalAtUtc": "2026-09-07T03:14:16.513Z"
      },
      {
        "runId": "d7485c00-8600-46b6-b91f-c9ed8ad54418",
        "status": "completed",
        "classification": "terminal",
        "reason": "stdout_path_outside_state_root",
        "detail": "/sessions/gallant-sleepy-edison/mnt/architrino/.local-data/owned-compute-outside-1d32e970-a9bf-4ca7-993f-364f0591d376.log"
      },
      {
        "runId": "d9385485-e2af-4541-8472-523f23751f5e",
        "status": "failed",
        "classification": "terminal",
        "reason": "process_group_not_confirmed_closed"
      },
      {
        "runId": "dc195b77-f748-49ce-b5f5-26b71fecc62f",
        "status": "completed",
        "classification": "terminal",
        "reason": "stdout_path_outside_state_root",
        "detail": "/sessions/awesome-affectionate-heisenberg/mnt/vibe/architrino/.local-data/owned-compute-outside-6ad0d5b1-fe7b-47a4-9581-d200532f5f18.log"
      },
      {
        "runId": "dd1b6832-0057-42d3-b53b-32c66e58caa4",
        "status": "stopped",
        "classification": "terminal",
        "reason": "too_recent",
        "terminalAtUtc": "2026-09-03T11:56:13.005Z"
      },
      {
        "runId": "dd3e8af1-7c58-40c6-b04c-c3dfdde23143",
        "status": "stopped",
        "classification": "terminal",
        "reason": "too_recent",
        "terminalAtUtc": "2026-09-03T03:56:19.888Z"
      },
      {
        "runId": "de4b5593-6a5d-4a5e-8077-c5dc4f43dab7",
        "status": "reconciled_stopped",
        "classification": "terminal",
        "reason": "too_recent",
        "terminalAtUtc": "2026-09-03T01:03:11.105Z"
      },
      {
        "runId": "dee24c9a-c731-4f42-8b8c-ee2e8711bdea",
        "status": "completed",
        "classification": "terminal",
        "reason": "stdout_path_outside_state_root",
        "detail": "/sessions/eloquent-busy-noether/mnt/vibe/architrino/.local-data/owned-compute/logs/dee24c9a-c731-4f42-8b8c-ee2e8711bdea.stdout.log"
      },
      {
        "runId": "e0da1389-0a63-4267-9fed-78ef977a3775",
        "status": "failed",
        "classification": "terminal",
        "reason": "too_recent",
        "terminalAtUtc": "2026-09-07T01:00:53.246Z"
      },
      {
        "runId": "e105b8b4-e811-4b21-9076-a951446f1a72",
        "status": "completed",
        "classification": "terminal",
        "reason": "stdout_path_outside_state_root",
        "detail": "/sessions/awesome-affectionate-heisenberg/mnt/vibe/architrino/.local-data/owned-compute/logs/e105b8b4-e811-4b21-9076-a951446f1a72.stdout.log"
      },
      {
        "runId": "e134df63-e99a-427a-979d-87e313992a23",
        "status": "launching",
        "classification": "stale_closed",
        "reason": "nonterminal"
      },
      {
        "runId": "e24c9dc4-7409-4387-9082-cac0a3894ef2",
        "status": "launching",
        "classification": "stale_closed",
        "reason": "nonterminal"
      },
      {
        "runId": "e29e9bb0-5c8d-4ce4-8d80-95c5971aec29",
        "status": "failed",
        "classification": "terminal",
        "reason": "process_group_not_confirmed_closed"
      },
      {
        "runId": "e4288e16-c6ce-4b25-8e22-966426755f66",
        "status": "failed",
        "classification": "terminal",
        "reason": "process_group_not_confirmed_closed"
      },
      {
        "runId": "e47ebc8b-cc27-4808-b889-c502a3aa0d04",
        "status": "timed_out",
        "classification": "terminal",
        "reason": "too_recent",
        "terminalAtUtc": "2026-09-06T18:12:43.723Z"
      },
      {
        "runId": "e5035618-7313-4299-ad87-a8b334790f6c",
        "status": "completed",
        "classification": "terminal",
        "reason": "too_recent",
        "terminalAtUtc": "2026-09-02T23:56:52.168Z"
      },
      {
        "runId": "e60ad7ed-31c0-4166-abb9-10392863a810",
        "status": "failed",
        "classification": "terminal",
        "reason": "process_group_not_confirmed_closed"
      },
      {
        "runId": "e70edb7a-8856-4114-983d-16b0a61ea274",
        "status": "failed",
        "classification": "terminal",
        "reason": "too_recent",
        "terminalAtUtc": "2026-09-03T03:56:19.294Z"
      },
      {
        "runId": "e74fa175-f503-4efb-8d83-06ce1ddac884",
        "status": "launching",
        "classification": "stale_closed",
        "reason": "nonterminal"
      },
      {
        "runId": "ea414e01-c74f-478a-a6fa-3f9d87436bcc",
        "status": "failed",
        "classification": "terminal",
        "reason": "too_recent",
        "terminalAtUtc": "2026-09-07T04:57:28.255Z"
      },
      {
        "runId": "ea64b7c1-20cd-4bb2-97eb-68ade24bd382",
        "status": "launching",
        "classification": "stale_closed",
        "reason": "nonterminal"
      },
      {
        "runId": "ea779246-fbb3-4ab3-a498-76787c6ae299",
        "status": "failed",
        "classification": "terminal",
        "reason": "process_group_not_confirmed_closed"
      },
      {
        "runId": "ebd6f208-c87f-43e1-8212-7889b121458a",
        "status": "completed",
        "classification": "terminal",
        "reason": "stdout_path_outside_state_root",
        "detail": "/sessions/gallant-sleepy-edison/mnt/architrino/.local-data/owned-compute/logs/ebd6f208-c87f-43e1-8212-7889b121458a.stdout.log"
      },
      {
        "runId": "ece8652f-7976-4d9f-b0e7-367bf48406ef",
        "status": "stopped",
        "classification": "terminal",
        "reason": "too_recent",
        "terminalAtUtc": "2026-09-03T03:57:20.497Z"
      },
      {
        "runId": "ed3c6ab9-3b06-421d-857f-79bca77b58b6",
        "status": "failed",
        "classification": "terminal",
        "reason": "process_group_not_confirmed_closed"
      },
      {
        "runId": "ed4f0043-70ea-4bb1-977a-75e1dcb63180",
        "status": "completed",
        "classification": "terminal",
        "reason": "stdout_path_outside_state_root",
        "detail": "/sessions/gallant-sleepy-edison/mnt/architrino/.local-data/owned-compute-outside-7aeac6e1-b3b7-47a9-aa54-f17dc74b11a7.log"
      },
      {
        "runId": "eebdf22b-2ca4-418e-b06f-b2d0a581da9c",
        "status": "launching",
        "classification": "stale_closed",
        "reason": "nonterminal"
      },
      {
        "runId": "eec4fd2e-6176-49a9-9541-83f791df709b",
        "status": "launching",
        "classification": "launching",
        "reason": "nonterminal"
      },
      {
        "runId": "ef4314d2-4212-4dd1-93a3-a61d64fd56d9",
        "status": "failed",
        "classification": "terminal",
        "reason": "process_group_not_confirmed_closed"
      },
      {
        "runId": "efd68aaf-6009-4771-aeca-57bede6c3fa8",
        "status": "launching",
        "classification": "launching",
        "reason": "nonterminal"
      },
      {
        "runId": "f06c934b-9383-47f3-87a3-beb06291bc27",
        "status": "failed",
        "classification": "terminal",
        "reason": "too_recent",
        "terminalAtUtc": "2026-09-03T01:03:08.876Z"
      },
      {
        "runId": "f2441208-e91c-4b7a-894d-52906f93ea38",
        "status": "failed",
        "classification": "terminal",
        "reason": "process_group_not_confirmed_closed"
      },
      {
        "runId": "f448328e-477f-43ab-856b-38b420c07a80",
        "status": "reconciled_closed",
        "classification": "terminal",
        "reason": "too_recent",
        "terminalAtUtc": "2026-09-02T23:52:30.556Z"
      },
      {
        "runId": "f7e6f6c5-6afc-4081-8eac-eafbdc1ac657",
        "status": "reconciled_closed",
        "classification": "terminal",
        "reason": "too_recent",
        "terminalAtUtc": "2026-09-03T01:57:39.000Z"
      },
      {
        "runId": "f7feb6f3-a0d9-477b-b8f6-856e83a4c684",
        "status": "launching",
        "classification": "stale_closed",
        "reason": "nonterminal"
      },
      {
        "runId": "f817a00a-42fd-47cb-b4ae-524d6cac7463",
        "status": "launching",
        "classification": "launching",
        "reason": "nonterminal"
      },
      {
        "runId": "f81eb76a-421c-4dd8-9ede-850f74ef6da6",
        "status": "failed",
        "classification": "terminal",
        "reason": "process_group_not_confirmed_closed"
      },
      {
        "runId": "f904b260-f4ee-48d5-83e4-524f093caeed",
        "status": "completed",
        "classification": "terminal",
        "reason": "too_recent",
        "terminalAtUtc": "2026-09-06T18:17:17.926Z"
      },
      {
        "runId": "f9b701fa-22fc-45cf-9e80-95e5afc39f4a",
        "status": "completed",
        "classification": "terminal",
        "reason": "stdout_path_outside_state_root",
        "detail": "/sessions/gallant-sleepy-edison/mnt/architrino/.local-data/owned-compute-outside-d8717e24-e2a5-4dec-a5d8-354759aeb818.log"
      },
      {
        "runId": "fd33d145-4c1c-4975-8cd3-f585959ae4f2",
        "status": "timed_out",
        "classification": "terminal",
        "reason": "too_recent",
        "terminalAtUtc": "2026-09-02T23:54:24.538Z"
      },
      {
        "runId": "fdcc0c32-a2f5-48e0-a55f-e75e7df90e85",
        "status": "failed",
        "classification": "terminal",
        "reason": "process_group_not_confirmed_closed"
      },
      {
        "runId": "fdede8ac-24ed-4887-af7f-6e7f9a622b93",
        "status": "completed",
        "classification": "terminal",
        "reason": "stdout_path_outside_state_root",
        "detail": "/sessions/eloquent-busy-noether/mnt/vibe/architrino/.local-data/owned-compute/logs/fdede8ac-24ed-4887-af7f-6e7f9a622b93.stdout.log"
      },
      {
        "runId": "fe1adb7c-9c22-4f35-9e43-cf81b80607e9",
        "status": "stopped",
        "classification": "terminal",
        "reason": "too_recent",
        "terminalAtUtc": "2026-09-06T17:55:21.825Z"
      }
    ],
    "deleted": []
  }
  
  
      at file:///Users/markmorris/vibe/architrino/tests/owned-compute-supervisor.test.js:22:16
      at ChildProcess.exithandler (node:child_process:424:5)
      at ChildProcess.emit (node:events:509:20)
      at maybeClose (node:internal/child_process:1108:16)
      at ChildProcess._handle.onexit (node:internal/child_process:305:5)
